id,advertiser_id,platform,account_id,date,campaign_id,campaign_name,channel,spend,impressions,clicks,conversions,revenue,ctr,cpc,cvr,cpa,roas,synced_at
naver-SYNTH-001-2025-09-01-C01,synthetic-advertiser-001,naver,SYNTH-001,2025-09-01,C01,Brand Search Core,Naver,447925.54,72021,4913.0,452.41,3649379.23,6.821621,91.171492,9.208427,990.087625,814.728986,2025-09-01T23:59:59Z
naver-SYNTH-001-2025-09-01-C02,synthetic-advertiser-001,naver,SYNTH-001,2025-09-01,C02,Brand Search Expansion,Naver,331236.04,51322,2905.0,185.08,2123616.58,5.660341,114.022733,6.371084,1789.691152,641.118818,2025-09-01T23:59:59Z
naver-SYNTH-001-2025-09-01-C03,synthetic-advertiser-001,naver,SYNTH-001,2025-09-01,C03,Generic Search High Intent,Naver,587399.72,67673,3488.0,177.1,4220467.75,5.154197,168.405882,5.077408,3316.768588,718.500133,2025-09-01T23:59:59Z
naver-SYNTH-001-2025-09-01-C04,synthetic-advertiser-001,naver,SYNTH-001,2025-09-01,C04,Generic Search Mid Intent,Naver,465282.58,61369,2269.0,101.58,2979715.4,3.697306,205.060635,4.476862,4580.454625,640.409834,2025-09-01T23:59:59Z
naver-SYNTH-001-2025-09-01-C05,synthetic-advertiser-001,naver,SYNTH-001,2025-09-01,C05,Shopping Best Seller,Naver,669587.84,100946,5685.0,297.89,6347105.79,5.631724,117.781503,5.23993,2247.768784,947.91234,2025-09-01T23:59:59Z
naver-SYNTH-001-2025-09-01-C06,synthetic-advertiser-001,naver,SYNTH-001,2025-09-01,C06,Shopping Long Tail,Naver,437919.78,52077,2030.0,98.36,3256301.85,3.898074,215.724028,4.84532,4452.214079,743.584105,2025-09-01T23:59:59Z
naver-SYNTH-001-2025-09-01-C07,synthetic-advertiser-001,naver,SYNTH-001,2025-09-01,C07,Retargeting,Naver,372137.51,60445,4388.0,394.67,3440919.97,7.259492,84.808001,8.994303,942.90802,924.636698,2025-09-01T23:59:59Z
naver-SYNTH-001-2025-09-01-C08,synthetic-advertiser-001,naver,SYNTH-001,2025-09-01,C08,Competitor,Naver,414253.11,49077,1454.0,48.6,2117828.84,2.962691,284.905853,3.342503,8523.726534,511.240299,2025-09-01T23:59:59Z
naver-SYNTH-001-2025-09-01-C09,synthetic-advertiser-001,naver,SYNTH-001,2025-09-01,C09,Prospecting,Naver,815582.66,79216,2270.0,64.34,4723460.34,2.865583,359.287515,2.834361,12676.137079,579.151639,2025-09-01T23:59:59Z
naver-SYNTH-001-2025-09-01-C10,synthetic-advertiser-001,naver,SYNTH-001,2025-09-01,C10,Seasonal,Naver,546717.29,64799,3565.0,110.7,6074373.75,5.501628,153.356884,3.105189,4938.728905,1111.063042,2025-09-01T23:59:59Z
naver-SYNTH-001-2025-09-01-C11,synthetic-advertiser-001,naver,SYNTH-001,2025-09-01,C11,New Product Launch,Naver,600992.36,65930,2182.0,79.61,3983358.9,3.309571,275.431879,3.648488,7549.206871,662.796929,2025-09-01T23:59:59Z
naver-SYNTH-001-2025-09-01-C12,synthetic-advertiser-001,naver,SYNTH-001,2025-09-01,C12,Low Efficiency Legacy,Naver,285582.43,24310,464.0,9.64,905110.89,1.90868,615.479379,2.077586,29624.733602,316.935073,2025-09-01T23:59:59Z
naver-SYNTH-001-2025-09-02-C01,synthetic-advertiser-001,naver,SYNTH-001,2025-09-02,C01,Brand Search Core,Naver,464650.29,70693,5172.0,346.81,4212204.73,7.316142,89.839576,6.70553,1339.783413,906.53226,2025-09-02T23:59:59Z
naver-SYNTH-001-2025-09-02-C02,synthetic-advertiser-001,naver,SYNTH-001,2025-09-02,C02,Brand Search Expansion,Naver,314415.17,45209,3241.0,205.36,2109734.73,7.168927,97.011777,6.336316,1531.043874,671.002842,2025-09-02T23:59:59Z
naver-SYNTH-001-2025-09-02-C03,synthetic-advertiser-001,naver,SYNTH-001,2025-09-02,C03,Generic Search High Intent,Naver,647575.94,77139,3661.0,209.71,4436038.1,4.745978,176.884987,5.728216,3087.95926,685.022073,2025-09-02T23:59:59Z
naver-SYNTH-001-2025-09-02-C04,synthetic-advertiser-001,naver,SYNTH-001,2025-09-02,C04,Generic Search Mid Intent,Naver,576317.85,72039,2313.0,115.01,3352159.69,3.210761,249.164656,4.97233,5011.023817,581.6512,2025-09-02T23:59:59Z
naver-SYNTH-001-2025-09-02-C05,synthetic-advertiser-001,naver,SYNTH-001,2025-09-02,C05,Shopping Best Seller,Naver,743376.59,115692,4815.0,278.25,6249270.15,4.161913,154.387661,5.778816,2671.613968,840.660073,2025-09-02T23:59:59Z
naver-SYNTH-001-2025-09-02-C06,synthetic-advertiser-001,naver,SYNTH-001,2025-09-02,C06,Shopping Long Tail,Naver,403851.07,44516,1550.0,77.23,2989382.43,3.481894,260.549078,4.982581,5229.199411,740.219019,2025-09-02T23:59:59Z
naver-SYNTH-001-2025-09-02-C07,synthetic-advertiser-001,naver,SYNTH-001,2025-09-02,C07,Retargeting,Naver,294152.05,48249,3908.0,402.89,3037621.18,8.09965,75.269205,10.309365,730.105119,1032.670403,2025-09-02T23:59:59Z
naver-SYNTH-001-2025-09-02-C08,synthetic-advertiser-001,naver,SYNTH-001,2025-09-02,C08,Competitor,Naver,450292.2,47241,1822.0,66.91,2026891.02,3.856819,247.141712,3.672338,6729.819156,450.127943,2025-09-02T23:59:59Z
naver-SYNTH-001-2025-09-02-C09,synthetic-advertiser-001,naver,SYNTH-001,2025-09-02,C09,Prospecting,Naver,776848.73,74116,1981.0,64.42,4161622.78,2.672837,392.149789,3.251893,12059.123437,535.705679,2025-09-02T23:59:59Z
naver-SYNTH-001-2025-09-02-C10,synthetic-advertiser-001,naver,SYNTH-001,2025-09-02,C10,Seasonal,Naver,685143.9,89611,4940.0,203.75,6423810.89,5.512716,138.693097,4.124494,3362.669447,937.58565,2025-09-02T23:59:59Z
naver-SYNTH-001-2025-09-02-C11,synthetic-advertiser-001,naver,SYNTH-001,2025-09-02,C11,New Product Launch,Naver,628443.43,70060,2137.0,87.9,5271645.39,3.050243,294.077411,4.113243,7149.527056,838.841677,2025-09-02T23:59:59Z
naver-SYNTH-001-2025-09-02-C12,synthetic-advertiser-001,naver,SYNTH-001,2025-09-02,C12,Low Efficiency Legacy,Naver,293124.43,25324,599.0,13.18,705972.2,2.365345,489.356317,2.200334,22240.093598,240.84386,2025-09-02T23:59:59Z
naver-SYNTH-001-2025-09-03-C01,synthetic-advertiser-001,naver,SYNTH-001,2025-09-03,C01,Brand Search Core,Naver,461157.25,67400,4729.0,421.01,3881097.19,7.01632,97.516864,8.902728,1095.359374,841.599518,2025-09-03T23:59:59Z
naver-SYNTH-001-2025-09-03-C02,synthetic-advertiser-001,naver,SYNTH-001,2025-09-03,C02,Brand Search Expansion,Naver,358342.01,46834,2623.0,171.57,2363054.09,5.600632,136.61533,6.540984,2088.605292,659.440986,2025-09-03T23:59:59Z
naver-SYNTH-001-2025-09-03-C03,synthetic-advertiser-001,naver,SYNTH-001,2025-09-03,C03,Generic Search High Intent,Naver,567511.82,67527,3132.0,189.7,4139017.79,4.638145,181.197899,6.056833,2991.627945,729.32715,2025-09-03T23:59:59Z
naver-SYNTH-001-2025-09-03-C04,synthetic-advertiser-001,naver,SYNTH-001,2025-09-03,C04,Generic Search Mid Intent,Naver,513079.18,63604,2307.0,99.19,3240574.2,3.62713,222.401033,4.299523,5172.690617,631.59339,2025-09-03T23:59:59Z
naver-SYNTH-001-2025-09-03-C05,synthetic-advertiser-001,naver,SYNTH-001,2025-09-03,C05,Shopping Best Seller,Naver,734906.31,91419,5830.0,397.73,5893031.74,6.37723,126.05597,6.822127,1847.751757,801.875244,2025-09-03T23:59:59Z
naver-SYNTH-001-2025-09-03-C06,synthetic-advertiser-001,naver,SYNTH-001,2025-09-03,C06,Shopping Long Tail,Naver,439426.23,49663,2101.0,97.85,2019972.78,4.230514,209.150991,4.657306,4490.814847,459.684158,2025-09-03T23:59:59Z
naver-SYNTH-001-2025-09-03-C07,synthetic-advertiser-001,naver,SYNTH-001,2025-09-03,C07,Retargeting,Naver,300275.17,49954,4124.0,448.74,3277891.21,8.255595,72.811631,10.881183,669.151773,1091.629137,2025-09-03T23:59:59Z
naver-SYNTH-001-2025-09-03-C08,synthetic-advertiser-001,naver,SYNTH-001,2025-09-03,C08,Competitor,Naver,317586.37,30002,899.0,35.86,1496881.45,2.996467,353.266261,3.988877,8856.28468,471.33051,2025-09-03T23:59:59Z
naver-SYNTH-001-2025-09-03-C09,synthetic-advertiser-001,naver,SYNTH-001,2025-09-03,C09,Prospecting,Naver,840882.13,90753,2668.0,81.08,5537695.37,2.939848,315.173212,3.038981,10371.017895,658.557861,2025-09-03T23:59:59Z
naver-SYNTH-001-2025-09-03-C10,synthetic-advertiser-001,naver,SYNTH-001,2025-09-03,C10,Seasonal,Naver,630260.32,82462,3715.0,192.08,5157954.49,4.505105,169.652845,5.17039,3281.238637,818.384776,2025-09-03T23:59:59Z
naver-SYNTH-001-2025-09-03-C11,synthetic-advertiser-001,naver,SYNTH-001,2025-09-03,C11,New Product Launch,Naver,734402.92,78663,2509.0,71.79,5862596.73,3.189555,292.707421,2.861299,10229.87769,798.280695,2025-09-03T23:59:59Z
naver-SYNTH-001-2025-09-03-C12,synthetic-advertiser-001,naver,SYNTH-001,2025-09-03,C12,Low Efficiency Legacy,Naver,320803.37,28108,703.0,13.93,808417.27,2.501067,456.334801,1.981508,23029.674464,251.997753,2025-09-03T23:59:59Z
naver-SYNTH-001-2025-09-04-C01,synthetic-advertiser-001,naver,SYNTH-001,2025-09-04,C01,Brand Search Core,Naver,534789.98,85435,6855.0,574.69,4370729.6,8.023644,78.014585,8.383516,930.57123,817.279636,2025-09-04T23:59:59Z
naver-SYNTH-001-2025-09-04-C02,synthetic-advertiser-001,naver,SYNTH-001,2025-09-04,C02,Brand Search Expansion,Naver,349170.46,49667,3426.0,248.11,2272353.59,6.89794,101.917823,7.241973,1407.3212,650.786316,2025-09-04T23:59:59Z
naver-SYNTH-001-2025-09-04-C03,synthetic-advertiser-001,naver,SYNTH-001,2025-09-04,C03,Generic Search High Intent,Naver,615624.68,77295,3319.0,187.21,4964375.22,4.293939,185.484989,5.640554,3288.417709,806.396395,2025-09-04T23:59:59Z
naver-SYNTH-001-2025-09-04-C04,synthetic-advertiser-001,naver,SYNTH-001,2025-09-04,C04,Generic Search Mid Intent,Naver,438508.88,54727,1836.0,64.97,3066509.64,3.354834,238.83926,3.538671,6749.4056,699.303884,2025-09-04T23:59:59Z
naver-SYNTH-001-2025-09-04-C05,synthetic-advertiser-001,naver,SYNTH-001,2025-09-04,C05,Shopping Best Seller,Naver,711024.42,92440,4636.0,282.33,6907102.16,5.015145,153.370238,6.089948,2518.416124,971.429662,2025-09-04T23:59:59Z
naver-SYNTH-001-2025-09-04-C06,synthetic-advertiser-001,naver,SYNTH-001,2025-09-04,C06,Shopping Long Tail,Naver,446345.4,46956,1516.0,67.95,2814109.44,3.228554,294.423087,4.48219,6568.732894,630.477975,2025-09-04T23:59:59Z
naver-SYNTH-001-2025-09-04-C07,synthetic-advertiser-001,naver,SYNTH-001,2025-09-04,C07,Retargeting,Naver,311795.53,53978,4032.0,422.18,3513412.68,7.46971,77.33024,10.470734,738.536944,1126.83229,2025-09-04T23:59:59Z
naver-SYNTH-001-2025-09-04-C08,synthetic-advertiser-001,naver,SYNTH-001,2025-09-04,C08,Competitor,Naver,451516.3,53157,1734.0,57.0,2079917.38,3.262035,260.390021,3.287197,7921.338544,460.651674,2025-09-04T23:59:59Z
naver-SYNTH-001-2025-09-04-C09,synthetic-advertiser-001,naver,SYNTH-001,2025-09-04,C09,Prospecting,Naver,855108.8,76936,1906.0,51.22,5841309.21,2.477384,448.640505,2.687303,16694.822369,683.107132,2025-09-04T23:59:59Z
naver-SYNTH-001-2025-09-04-C10,synthetic-advertiser-001,naver,SYNTH-001,2025-09-04,C10,Seasonal,Naver,715946.89,92644,4313.0,236.22,7291303.02,4.655455,165.997424,5.47693,3030.8479,1018.413952,2025-09-04T23:59:59Z
naver-SYNTH-001-2025-09-04-C11,synthetic-advertiser-001,naver,SYNTH-001,2025-09-04,C11,New Product Launch,Naver,684726.09,80383,3188.0,153.93,5283515.68,3.966013,214.782337,4.828419,4448.295259,771.624707,2025-09-04T23:59:59Z
naver-SYNTH-001-2025-09-04-C12,synthetic-advertiser-001,naver,SYNTH-001,2025-09-04,C12,Low Efficiency Legacy,Naver,323145.72,31598,701.0,15.21,807969.94,2.218495,460.978198,2.169757,21245.609253,250.032693,2025-09-04T23:59:59Z
naver-SYNTH-001-2025-09-05-C01,synthetic-advertiser-001,naver,SYNTH-001,2025-09-05,C01,Brand Search Core,Naver,459882.89,79540,6155.0,499.4,3979419.31,7.738245,74.71696,8.113729,920.870821,865.311455,2025-09-05T23:59:59Z
naver-SYNTH-001-2025-09-05-C02,synthetic-advertiser-001,naver,SYNTH-001,2025-09-05,C02,Brand Search Expansion,Naver,281446.14,41998,2415.0,170.3,2153100.18,5.750274,116.540845,7.05176,1652.649096,765.013216,2025-09-05T23:59:59Z
naver-SYNTH-001-2025-09-05-C03,synthetic-advertiser-001,naver,SYNTH-001,2025-09-05,C03,Generic Search High Intent,Naver,617239.44,83915,3768.0,174.99,5260779.72,4.490258,163.810892,4.644108,3527.284077,852.307772,2025-09-05T23:59:59Z
naver-SYNTH-001-2025-09-05-C04,synthetic-advertiser-001,naver,SYNTH-001,2025-09-05,C04,Generic Search Mid Intent,Naver,484719.07,62530,2549.0,101.5,3348410.61,4.076443,190.160483,3.981954,4775.557354,690.794071,2025-09-05T23:59:59Z
naver-SYNTH-001-2025-09-05-C05,synthetic-advertiser-001,naver,SYNTH-001,2025-09-05,C05,Shopping Best Seller,Naver,723465.36,90059,5400.0,391.27,5665638.04,5.996069,133.975067,7.245741,1849.018225,783.124991,2025-09-05T23:59:59Z
naver-SYNTH-001-2025-09-05-C06,synthetic-advertiser-001,naver,SYNTH-001,2025-09-05,C06,Shopping Long Tail,Naver,433892.53,46390,2077.0,93.33,2371297.47,4.477258,208.90348,4.4935,4649.014544,546.517241,2025-09-05T23:59:59Z
naver-SYNTH-001-2025-09-05-C07,synthetic-advertiser-001,naver,SYNTH-001,2025-09-05,C07,Retargeting,Naver,279351.73,49660,4509.0,420.43,3353731.76,9.079742,61.954253,9.32424,664.442893,1200.540913,2025-09-05T23:59:59Z
naver-SYNTH-001-2025-09-05-C08,synthetic-advertiser-001,naver,SYNTH-001,2025-09-05,C08,Competitor,Naver,441556.69,47133,1488.0,33.77,2265755.19,3.157024,296.745088,2.269489,13075.412808,513.128946,2025-09-05T23:59:59Z
naver-SYNTH-001-2025-09-05-C09,synthetic-advertiser-001,naver,SYNTH-001,2025-09-05,C09,Prospecting,Naver,678995.89,67113,1539.0,40.29,6104083.93,2.293147,441.192913,2.617934,16852.715152,898.986871,2025-09-05T23:59:59Z
naver-SYNTH-001-2025-09-05-C10,synthetic-advertiser-001,naver,SYNTH-001,2025-09-05,C10,Seasonal,Naver,609046.49,76752,3241.0,154.2,6587814.45,4.222691,187.919312,4.757791,3949.71783,1081.660359,2025-09-05T23:59:59Z
naver-SYNTH-001-2025-09-05-C11,synthetic-advertiser-001,naver,SYNTH-001,2025-09-05,C11,New Product Launch,Naver,637626.62,77655,2896.0,123.91,5782131.63,3.729316,220.174938,4.27866,5145.885073,906.820929,2025-09-05T23:59:59Z
naver-SYNTH-001-2025-09-05-C12,synthetic-advertiser-001,naver,SYNTH-001,2025-09-05,C12,Low Efficiency Legacy,Naver,263919.16,24206,482.0,11.97,639911.96,1.991242,547.550131,2.483402,22048.384559,242.465137,2025-09-05T23:59:59Z
naver-SYNTH-001-2025-09-06-C01,synthetic-advertiser-001,naver,SYNTH-001,2025-09-06,C01,Brand Search Core,Naver,425960.38,59692,5342.0,435.41,3911079.06,8.949273,79.737996,8.150693,978.297182,918.179079,2025-09-06T23:59:59Z
naver-SYNTH-001-2025-09-06-C02,synthetic-advertiser-001,naver,SYNTH-001,2025-09-06,C02,Brand Search Expansion,Naver,313895.84,45151,3080.0,223.24,1939808.64,6.821554,101.914233,7.248052,1406.091375,617.978449,2025-09-06T23:59:59Z
naver-SYNTH-001-2025-09-06-C03,synthetic-advertiser-001,naver,SYNTH-001,2025-09-06,C03,Generic Search High Intent,Naver,534789.48,75882,3409.0,190.75,4760543.78,4.492502,156.875764,5.595483,2803.614573,890.171547,2025-09-06T23:59:59Z
naver-SYNTH-001-2025-09-06-C04,synthetic-advertiser-001,naver,SYNTH-001,2025-09-06,C04,Generic Search Mid Intent,Naver,517605.28,61911,2288.0,89.42,2894358.4,3.695628,226.226085,3.908217,5788.473308,559.182545,2025-09-06T23:59:59Z
naver-SYNTH-001-2025-09-06-C05,synthetic-advertiser-001,naver,SYNTH-001,2025-09-06,C05,Shopping Best Seller,Naver,703563.62,98433,5880.0,281.97,6286209.17,5.973606,119.653676,4.795408,2495.171883,893.481276,2025-09-06T23:59:59Z
naver-SYNTH-001-2025-09-06-C06,synthetic-advertiser-001,naver,SYNTH-001,2025-09-06,C06,Shopping Long Tail,Naver,411577.72,45299,1674.0,88.67,2610055.96,3.695446,245.864827,5.296894,4641.679492,634.158708,2025-09-06T23:59:59Z
naver-SYNTH-001-2025-09-06-C07,synthetic-advertiser-001,naver,SYNTH-001,2025-09-06,C07,Retargeting,Naver,257584.18,39443,3037.0,253.58,3285766.11,7.699719,84.815339,8.349687,1015.790611,1275.608644,2025-09-06T23:59:59Z
naver-SYNTH-001-2025-09-06-C08,synthetic-advertiser-001,naver,SYNTH-001,2025-09-06,C08,Competitor,Naver,445057.49,43253,1378.0,39.64,3154453.92,3.185906,322.973506,2.876633,11227.484634,708.774481,2025-09-06T23:59:59Z
naver-SYNTH-001-2025-09-06-C09,synthetic-advertiser-001,naver,SYNTH-001,2025-09-06,C09,Prospecting,Naver,713866.36,67568,2062.0,55.39,5377438.89,3.05174,346.200953,2.686227,12888.000805,753.283689,2025-09-06T23:59:59Z
naver-SYNTH-001-2025-09-06-C10,synthetic-advertiser-001,naver,SYNTH-001,2025-09-06,C10,Seasonal,Naver,598934.79,75424,2468.0,111.29,7668284.09,3.272168,242.680222,4.509319,5381.748486,1280.320367,2025-09-06T23:59:59Z
naver-SYNTH-001-2025-09-06-C11,synthetic-advertiser-001,naver,SYNTH-001,2025-09-06,C11,New Product Launch,Naver,588628.99,63996,1932.0,67.43,4094569.38,3.018939,304.673392,3.490166,8729.482329,695.611229,2025-09-06T23:59:59Z
naver-SYNTH-001-2025-09-06-C12,synthetic-advertiser-001,naver,SYNTH-001,2025-09-06,C12,Low Efficiency Legacy,Naver,286496.2,27717,579.0,13.24,731693.7,2.088971,494.812087,2.286701,21638.685682,255.393861,2025-09-06T23:59:59Z
naver-SYNTH-001-2025-09-07-C01,synthetic-advertiser-001,naver,SYNTH-001,2025-09-07,C01,Brand Search Core,Naver,413132.69,67067,4861.0,369.38,4069753.85,7.247976,84.989239,7.598848,1118.449,985.096056,2025-09-07T23:59:59Z
naver-SYNTH-001-2025-09-07-C02,synthetic-advertiser-001,naver,SYNTH-001,2025-09-07,C02,Brand Search Expansion,Naver,350860.35,45194,2979.0,214.42,2261171.89,6.591583,117.777894,7.197717,1636.322855,644.464932,2025-09-07T23:59:59Z
naver-SYNTH-001-2025-09-07-C03,synthetic-advertiser-001,naver,SYNTH-001,2025-09-07,C03,Generic Search High Intent,Naver,616560.15,79160,3360.0,169.89,4940711.77,4.244568,183.500044,5.05625,3629.172687,801.33492,2025-09-07T23:59:59Z
naver-SYNTH-001-2025-09-07-C04,synthetic-advertiser-001,naver,SYNTH-001,2025-09-07,C04,Generic Search Mid Intent,Naver,384119.46,43506,1866.0,72.65,2267648.88,4.289064,205.851799,3.893355,5287.260247,590.349913,2025-09-07T23:59:59Z
naver-SYNTH-001-2025-09-07-C05,synthetic-advertiser-001,naver,SYNTH-001,2025-09-07,C05,Shopping Best Seller,Naver,618587.81,87851,5367.0,293.4,5426690.94,6.109208,115.25765,5.466741,2108.342896,877.270921,2025-09-07T23:59:59Z
naver-SYNTH-001-2025-09-07-C06,synthetic-advertiser-001,naver,SYNTH-001,2025-09-07,C06,Shopping Long Tail,Naver,382908.75,41446,1413.0,54.09,3037401.72,3.409255,270.989914,3.828025,7079.104238,793.244273,2025-09-07T23:59:59Z
naver-SYNTH-001-2025-09-07-C07,synthetic-advertiser-001,naver,SYNTH-001,2025-09-07,C07,Retargeting,Naver,275717.99,46124,4150.0,384.17,3240925.42,8.997485,66.43807,9.257108,717.697869,1175.449385,2025-09-07T23:59:59Z
naver-SYNTH-001-2025-09-07-C08,synthetic-advertiser-001,naver,SYNTH-001,2025-09-07,C08,Competitor,Naver,377091.92,37715,1267.0,37.95,2395211.2,3.359406,297.625825,2.995264,9936.545982,635.179666,2025-09-07T23:59:59Z
naver-SYNTH-001-2025-09-07-C09,synthetic-advertiser-001,naver,SYNTH-001,2025-09-07,C09,Prospecting,Naver,770160.12,82922,2589.0,66.47,5752868.31,3.122211,297.473976,2.567401,11586.582267,746.97042,2025-09-07T23:59:59Z
naver-SYNTH-001-2025-09-07-C10,synthetic-advertiser-001,naver,SYNTH-001,2025-09-07,C10,Seasonal,Naver,525298.02,65420,2457.0,100.71,7128733.57,3.755732,213.796508,4.098901,5215.946972,1357.083657,2025-09-07T23:59:59Z
naver-SYNTH-001-2025-09-07-C11,synthetic-advertiser-001,naver,SYNTH-001,2025-09-07,C11,New Product Launch,Naver,675015.57,77146,2717.0,106.98,4743939.95,3.521894,248.441506,3.937431,6309.736143,702.789705,2025-09-07T23:59:59Z
naver-SYNTH-001-2025-09-07-C12,synthetic-advertiser-001,naver,SYNTH-001,2025-09-07,C12,Low Efficiency Legacy,Naver,273357.08,25442,540.0,13.7,665396.99,2.122475,506.216817,2.537037,19953.071637,243.416774,2025-09-07T23:59:59Z
naver-SYNTH-001-2025-09-08-C01,synthetic-advertiser-001,naver,SYNTH-001,2025-09-08,C01,Brand Search Core,Naver,464861.05,72304,5521.0,420.0,4032512.7,7.635815,84.198705,7.607318,1106.812019,867.46625,2025-09-08T23:59:59Z
naver-SYNTH-001-2025-09-08-C02,synthetic-advertiser-001,naver,SYNTH-001,2025-09-08,C02,Brand Search Expansion,Naver,359947.81,52521,2901.0,190.73,2396491.69,5.523505,124.07715,6.574629,1887.21131,665.788652,2025-09-08T23:59:59Z
naver-SYNTH-001-2025-09-08-C03,synthetic-advertiser-001,naver,SYNTH-001,2025-09-08,C03,Generic Search High Intent,Naver,674943.8,86308,4175.0,161.88,4538619.37,4.837327,161.663186,3.877365,4169.408209,672.444041,2025-09-08T23:59:59Z
naver-SYNTH-001-2025-09-08-C04,synthetic-advertiser-001,naver,SYNTH-001,2025-09-08,C04,Generic Search Mid Intent,Naver,492585.55,62810,1944.0,69.6,2699479.58,3.095049,253.387626,3.580247,7077.378532,548.022492,2025-09-08T23:59:59Z
naver-SYNTH-001-2025-09-08-C05,synthetic-advertiser-001,naver,SYNTH-001,2025-09-08,C05,Shopping Best Seller,Naver,701450.24,97038,5419.0,339.96,5108749.56,5.58441,129.442745,6.273482,2063.331674,728.312473,2025-09-08T23:59:59Z
naver-SYNTH-001-2025-09-08-C06,synthetic-advertiser-001,naver,SYNTH-001,2025-09-08,C06,Shopping Long Tail,Naver,437165.83,51479,1784.0,96.89,3440528.26,3.465491,245.048112,5.431054,4511.980933,787.007585,2025-09-08T23:59:59Z
naver-SYNTH-001-2025-09-08-C07,synthetic-advertiser-001,naver,SYNTH-001,2025-09-08,C07,Retargeting,Naver,267108.02,45530,3696.0,300.6,3274774.12,8.117725,72.269485,8.133117,888.582891,1226.011167,2025-09-08T23:59:59Z
naver-SYNTH-001-2025-09-08-C08,synthetic-advertiser-001,naver,SYNTH-001,2025-09-08,C08,Competitor,Naver,425924.06,42132,1228.0,37.61,3254848.0,2.914649,346.843697,3.062704,11324.755653,764.185051,2025-09-08T23:59:59Z
naver-SYNTH-001-2025-09-08-C09,synthetic-advertiser-001,naver,SYNTH-001,2025-09-08,C09,Prospecting,Naver,731857.7,73075,1696.0,46.12,5349854.29,2.320903,431.51987,2.71934,15868.553754,730.996517,2025-09-08T23:59:59Z
naver-SYNTH-001-2025-09-08-C10,synthetic-advertiser-001,naver,SYNTH-001,2025-09-08,C10,Seasonal,Naver,680481.47,83151,3867.0,208.83,6219195.98,4.650575,175.971416,5.40031,3258.542672,913.940538,2025-09-08T23:59:59Z
naver-SYNTH-001-2025-09-08-C11,synthetic-advertiser-001,naver,SYNTH-001,2025-09-08,C11,New Product Launch,Naver,652825.86,76660,2729.0,118.75,5946767.37,3.559875,239.217978,4.351411,5497.480932,910.927052,2025-09-08T23:59:59Z
naver-SYNTH-001-2025-09-08-C12,synthetic-advertiser-001,naver,SYNTH-001,2025-09-08,C12,Low Efficiency Legacy,Naver,373330.1,33934,868.0,20.76,835035.67,2.557907,430.103799,2.391705,17983.145357,223.672207,2025-09-08T23:59:59Z
naver-SYNTH-001-2025-09-09-C01,synthetic-advertiser-001,naver,SYNTH-001,2025-09-09,C01,Brand Search Core,Naver,451495.31,65508,5114.0,401.89,3772107.24,7.80668,88.286138,7.858623,1123.430064,835.469864,2025-09-09T23:59:59Z
naver-SYNTH-001-2025-09-09-C02,synthetic-advertiser-001,naver,SYNTH-001,2025-09-09,C02,Brand Search Expansion,Naver,306613.21,45353,2660.0,195.26,2193089.28,5.865103,115.268123,7.340602,1570.281716,715.262494,2025-09-09T23:59:59Z
naver-SYNTH-001-2025-09-09-C03,synthetic-advertiser-001,naver,SYNTH-001,2025-09-09,C03,Generic Search High Intent,Naver,464867.03,60271,2707.0,135.97,3678483.01,4.491381,171.727756,5.022904,3418.894127,791.297884,2025-09-09T23:59:59Z
naver-SYNTH-001-2025-09-09-C04,synthetic-advertiser-001,naver,SYNTH-001,2025-09-09,C04,Generic Search Mid Intent,Naver,485838.82,60792,2708.0,83.35,3292067.31,4.454533,179.408723,3.077917,5828.900091,677.604827,2025-09-09T23:59:59Z
naver-SYNTH-001-2025-09-09-C05,synthetic-advertiser-001,naver,SYNTH-001,2025-09-09,C05,Shopping Best Seller,Naver,671538.03,90293,4504.0,282.31,6059132.09,4.988205,149.098142,6.267984,2378.725622,902.276836,2025-09-09T23:59:59Z
naver-SYNTH-001-2025-09-09-C06,synthetic-advertiser-001,naver,SYNTH-001,2025-09-09,C06,Shopping Long Tail,Naver,392225.54,39438,1457.0,52.3,2569582.4,3.694406,269.200783,3.589568,7499.532324,655.128781,2025-09-09T23:59:59Z
naver-SYNTH-001-2025-09-09-C07,synthetic-advertiser-001,naver,SYNTH-001,2025-09-09,C07,Retargeting,Naver,342618.75,57826,4899.0,500.43,3463782.06,8.471968,69.936467,10.214942,684.648706,1010.972704,2025-09-09T23:59:59Z
naver-SYNTH-001-2025-09-09-C08,synthetic-advertiser-001,naver,SYNTH-001,2025-09-09,C08,Competitor,Naver,471782.72,50338,1768.0,75.26,1914062.37,3.512257,266.845427,4.256787,6268.704696,405.708456,2025-09-09T23:59:59Z
naver-SYNTH-001-2025-09-09-C09,synthetic-advertiser-001,naver,SYNTH-001,2025-09-09,C09,Prospecting,Naver,879500.07,86582,2383.0,53.45,8096829.46,2.752304,369.072627,2.242971,16454.631827,920.617261,2025-09-09T23:59:59Z
naver-SYNTH-001-2025-09-09-C10,synthetic-advertiser-001,naver,SYNTH-001,2025-09-09,C10,Seasonal,Naver,627223.69,74796,2676.0,141.04,7056454.22,3.577731,234.388526,5.270553,4447.133398,1125.029919,2025-09-09T23:59:59Z
naver-SYNTH-001-2025-09-09-C11,synthetic-advertiser-001,naver,SYNTH-001,2025-09-09,C11,New Product Launch,Naver,726805.38,77454,2496.0,98.3,5836362.08,3.222558,291.188052,3.938301,7393.747489,803.015808,2025-09-09T23:59:59Z
naver-SYNTH-001-2025-09-09-C12,synthetic-advertiser-001,naver,SYNTH-001,2025-09-09,C12,Low Efficiency Legacy,Naver,310876.63,29105,686.0,15.16,914396.11,2.356983,453.172933,2.209913,20506.374161,294.134721,2025-09-09T23:59:59Z
naver-SYNTH-001-2025-09-10-C01,synthetic-advertiser-001,naver,SYNTH-001,2025-09-10,C01,Brand Search Core,Naver,551714.41,100363,7319.0,592.87,4501371.16,7.292528,75.381119,8.100424,930.582435,815.88791,2025-09-10T23:59:59Z
naver-SYNTH-001-2025-09-10-C02,synthetic-advertiser-001,naver,SYNTH-001,2025-09-10,C02,Brand Search Expansion,Naver,297553.45,41978,2756.0,162.68,1902078.74,6.565344,107.965694,5.902758,1829.072121,639.239343,2025-09-10T23:59:59Z
naver-SYNTH-001-2025-09-10-C03,synthetic-advertiser-001,naver,SYNTH-001,2025-09-10,C03,Generic Search High Intent,Naver,631071.22,85649,3420.0,168.99,5161025.53,3.993041,184.523749,4.941228,3734.370211,817.81982,2025-09-10T23:59:59Z
naver-SYNTH-001-2025-09-10-C04,synthetic-advertiser-001,naver,SYNTH-001,2025-09-10,C04,Generic Search Mid Intent,Naver,495068.62,59168,2277.0,92.64,3169333.68,3.848364,217.421439,4.068511,5344.004931,640.180688,2025-09-10T23:59:59Z
naver-SYNTH-001-2025-09-10-C05,synthetic-advertiser-001,naver,SYNTH-001,2025-09-10,C05,Shopping Best Seller,Naver,746308.0,97549,6313.0,445.53,6865518.35,6.471619,118.217646,7.057342,1675.101566,919.930959,2025-09-10T23:59:59Z
naver-SYNTH-001-2025-09-10-C06,synthetic-advertiser-001,naver,SYNTH-001,2025-09-10,C06,Shopping Long Tail,Naver,385920.95,44063,1682.0,85.49,2774506.2,3.817262,229.441706,5.08264,4514.223299,718.931221,2025-09-10T23:59:59Z
naver-SYNTH-001-2025-09-10-C07,synthetic-advertiser-001,naver,SYNTH-001,2025-09-10,C07,Retargeting,Naver,252115.74,42992,3499.0,320.47,2942877.82,8.138723,72.053656,9.158903,786.706221,1167.272533,2025-09-10T23:59:59Z
naver-SYNTH-001-2025-09-10-C08,synthetic-advertiser-001,naver,SYNTH-001,2025-09-10,C08,Competitor,Naver,433112.7,46562,1242.0,45.63,3477930.21,2.667411,348.72198,3.673913,9491.840869,803.008136,2025-09-10T23:59:59Z
naver-SYNTH-001-2025-09-10-C09,synthetic-advertiser-001,naver,SYNTH-001,2025-09-10,C09,Prospecting,Naver,679025.02,68680,1980.0,69.35,6169152.11,2.882935,342.94193,3.502525,9791.276443,908.530896,2025-09-10T23:59:59Z
naver-SYNTH-001-2025-09-10-C10,synthetic-advertiser-001,naver,SYNTH-001,2025-09-10,C10,Seasonal,Naver,595868.96,71919,2884.0,159.48,5932186.44,4.010067,206.611983,5.52982,3736.324042,995.552186,2025-09-10T23:59:59Z
naver-SYNTH-001-2025-09-10-C11,synthetic-advertiser-001,naver,SYNTH-001,2025-09-10,C11,New Product Launch,Naver,712422.8,79791,2800.0,82.25,4753577.27,3.509168,254.436715,2.9375,8661.675398,667.241034,2025-09-10T23:59:59Z
naver-SYNTH-001-2025-09-10-C12,synthetic-advertiser-001,naver,SYNTH-001,2025-09-10,C12,Low Efficiency Legacy,Naver,343952.58,30296,709.0,15.31,896571.6,2.340243,485.123522,2.159379,22465.87702,260.667213,2025-09-10T23:59:59Z
naver-SYNTH-001-2025-09-11-C01,synthetic-advertiser-001,naver,SYNTH-001,2025-09-11,C01,Brand Search Core,Naver,508527.22,72944,5820.0,469.72,4125766.41,7.978723,87.375811,8.07079,1082.617769,811.316732,2025-09-11T23:59:59Z
naver-SYNTH-001-2025-09-11-C02,synthetic-advertiser-001,naver,SYNTH-001,2025-09-11,C02,Brand Search Expansion,Naver,323181.25,42974,2925.0,196.91,2392369.13,6.806441,110.489316,6.731966,1641.263767,740.25617,2025-09-11T23:59:59Z
naver-SYNTH-001-2025-09-11-C03,synthetic-advertiser-001,naver,SYNTH-001,2025-09-11,C03,Generic Search High Intent,Naver,646834.45,76258,4110.0,175.3,5002471.83,5.389598,157.380644,4.265207,3689.871344,773.377463,2025-09-11T23:59:59Z
naver-SYNTH-001-2025-09-11-C04,synthetic-advertiser-001,naver,SYNTH-001,2025-09-11,C04,Generic Search Mid Intent,Naver,481493.78,58995,2495.0,117.23,3006963.26,4.229172,192.983478,4.698597,4107.257347,624.507187,2025-09-11T23:59:59Z
naver-SYNTH-001-2025-09-11-C05,synthetic-advertiser-001,naver,SYNTH-001,2025-09-11,C05,Shopping Best Seller,Naver,640938.43,82805,4557.0,289.32,6785587.21,5.503291,140.649206,6.348914,2215.327085,1058.695636,2025-09-11T23:59:59Z
naver-SYNTH-001-2025-09-11-C06,synthetic-advertiser-001,naver,SYNTH-001,2025-09-11,C06,Shopping Long Tail,Naver,377006.47,42506,1549.0,66.93,2557962.32,3.644191,243.387005,4.320852,5632.847304,678.492951,2025-09-11T23:59:59Z
naver-SYNTH-001-2025-09-11-C07,synthetic-advertiser-001,naver,SYNTH-001,2025-09-11,C07,Retargeting,Naver,317866.14,52981,4585.0,443.17,3443753.19,8.654046,69.327402,9.665649,717.255541,1083.397311,2025-09-11T23:59:59Z
naver-SYNTH-001-2025-09-11-C08,synthetic-advertiser-001,naver,SYNTH-001,2025-09-11,C08,Competitor,Naver,445486.13,50558,1369.0,55.45,2633136.7,2.707781,325.409884,4.050402,8034.014979,591.07041,2025-09-11T23:59:59Z
naver-SYNTH-001-2025-09-11-C09,synthetic-advertiser-001,naver,SYNTH-001,2025-09-11,C09,Prospecting,Naver,811766.48,82207,2288.0,70.64,5119262.62,2.783218,354.793044,3.087413,11491.59802,630.632419,2025-09-11T23:59:59Z
naver-SYNTH-001-2025-09-11-C10,synthetic-advertiser-001,naver,SYNTH-001,2025-09-11,C10,Seasonal,Naver,609948.51,81880,3984.0,258.85,6666558.19,4.865657,153.099526,6.497239,2356.378261,1092.970644,2025-09-11T23:59:59Z
naver-SYNTH-001-2025-09-11-C11,synthetic-advertiser-001,naver,SYNTH-001,2025-09-11,C11,New Product Launch,Naver,728970.66,80177,2824.0,98.25,7688437.54,3.522207,258.134086,3.479108,7419.54869,1054.697805,2025-09-11T23:59:59Z
naver-SYNTH-001-2025-09-11-C12,synthetic-advertiser-001,naver,SYNTH-001,2025-09-11,C12,Low Efficiency Legacy,Naver,306062.65,30082,665.0,17.84,707458.78,2.210624,460.244586,2.682707,17155.978136,231.148355,2025-09-11T23:59:59Z
naver-SYNTH-001-2025-09-12-C01,synthetic-advertiser-001,naver,SYNTH-001,2025-09-12,C01,Brand Search Core,Naver,514111.57,69464,5131.0,457.29,4397125.57,7.38656,100.197149,8.912298,1124.257194,855.286247,2025-09-12T23:59:59Z
naver-SYNTH-001-2025-09-12-C02,synthetic-advertiser-001,naver,SYNTH-001,2025-09-12,C02,Brand Search Expansion,Naver,347322.71,50328,2857.0,184.01,2478954.59,5.67676,121.569026,6.440672,1887.520821,713.732371,2025-09-12T23:59:59Z
naver-SYNTH-001-2025-09-12-C03,synthetic-advertiser-001,naver,SYNTH-001,2025-09-12,C03,Generic Search High Intent,Naver,563929.86,75221,3412.0,215.1,4601905.28,4.535967,165.278388,6.30422,2621.710185,816.042135,2025-09-12T23:59:59Z
naver-SYNTH-001-2025-09-12-C04,synthetic-advertiser-001,naver,SYNTH-001,2025-09-12,C04,Generic Search Mid Intent,Naver,543335.33,60256,2609.0,139.94,3101633.3,4.329859,208.254249,5.363741,3882.630663,570.850651,2025-09-12T23:59:59Z
naver-SYNTH-001-2025-09-12-C05,synthetic-advertiser-001,naver,SYNTH-001,2025-09-12,C05,Shopping Best Seller,Naver,785309.62,116567,7028.0,515.63,6760589.73,6.029151,111.740128,7.336796,1523.009953,860.88207,2025-09-12T23:59:59Z
naver-SYNTH-001-2025-09-12-C06,synthetic-advertiser-001,naver,SYNTH-001,2025-09-12,C06,Shopping Long Tail,Naver,554452.31,62674,1974.0,95.63,2667588.06,3.149631,280.877563,4.844478,5797.890925,481.121283,2025-09-12T23:59:59Z
naver-SYNTH-001-2025-09-12-C07,synthetic-advertiser-001,naver,SYNTH-001,2025-09-12,C07,Retargeting,Naver,336135.1,55970,4629.0,525.17,3655747.81,8.270502,72.615058,11.345215,640.050084,1087.582874,2025-09-12T23:59:59Z
naver-SYNTH-001-2025-09-12-C08,synthetic-advertiser-001,naver,SYNTH-001,2025-09-12,C08,Competitor,Naver,497082.21,50428,1594.0,57.82,3931234.91,3.160942,311.845803,3.627353,8597.06346,790.862122,2025-09-12T23:59:59Z
naver-SYNTH-001-2025-09-12-C09,synthetic-advertiser-001,naver,SYNTH-001,2025-09-12,C09,Prospecting,Naver,810084.12,78862,2253.0,66.25,4668040.82,2.856889,359.557975,2.940524,12227.684792,576.241494,2025-09-12T23:59:59Z
naver-SYNTH-001-2025-09-12-C10,synthetic-advertiser-001,naver,SYNTH-001,2025-09-12,C10,Seasonal,Naver,660226.24,85434,2895.0,133.83,4966246.82,3.388581,228.057424,4.622798,4933.320192,752.203792,2025-09-12T23:59:59Z
naver-SYNTH-001-2025-09-12-C11,synthetic-advertiser-001,naver,SYNTH-001,2025-09-12,C11,New Product Launch,Naver,641741.67,70749,1967.0,71.85,3186173.44,2.780251,326.254028,3.652771,8931.686485,496.488474,2025-09-12T23:59:59Z
naver-SYNTH-001-2025-09-12-C12,synthetic-advertiser-001,naver,SYNTH-001,2025-09-12,C12,Low Efficiency Legacy,Naver,335202.2,29841,673.0,13.01,901823.89,2.255286,498.071616,1.933135,25764.965219,269.038777,2025-09-12T23:59:59Z
naver-SYNTH-001-2025-09-13-C01,synthetic-advertiser-001,naver,SYNTH-001,2025-09-13,C01,Brand Search Core,Naver,466993.84,75394,4976.0,368.56,3993530.51,6.599995,93.849244,7.406752,1267.076832,855.157004,2025-09-13T23:59:59Z
naver-SYNTH-001-2025-09-13-C02,synthetic-advertiser-001,naver,SYNTH-001,2025-09-13,C02,Brand Search Expansion,Naver,345876.25,50661,3199.0,211.0,2133282.55,6.314522,108.120116,6.595811,1639.223945,616.776241,2025-09-13T23:59:59Z
naver-SYNTH-001-2025-09-13-C03,synthetic-advertiser-001,naver,SYNTH-001,2025-09-13,C03,Generic Search High Intent,Naver,544335.86,70220,3737.0,210.93,4367237.68,5.321846,145.661187,5.644367,2580.646924,802.305715,2025-09-13T23:59:59Z
naver-SYNTH-001-2025-09-13-C04,synthetic-advertiser-001,naver,SYNTH-001,2025-09-13,C04,Generic Search Mid Intent,Naver,457907.29,56715,2630.0,113.42,2817480.4,4.637221,174.109238,4.312548,4037.27116,615.294936,2025-09-13T23:59:59Z
naver-SYNTH-001-2025-09-13-C05,synthetic-advertiser-001,naver,SYNTH-001,2025-09-13,C05,Shopping Best Seller,Naver,806916.68,106395,6435.0,471.68,7277341.13,6.048217,125.394978,7.329915,1710.729056,901.870206,2025-09-13T23:59:59Z
naver-SYNTH-001-2025-09-13-C06,synthetic-advertiser-001,naver,SYNTH-001,2025-09-13,C06,Shopping Long Tail,Naver,392687.65,38445,1412.0,82.28,2485783.29,3.672779,278.107404,5.827195,4772.577222,633.017937,2025-09-13T23:59:59Z
naver-SYNTH-001-2025-09-13-C07,synthetic-advertiser-001,naver,SYNTH-001,2025-09-13,C07,Retargeting,Naver,279881.5,46822,3721.0,381.87,3140210.58,7.947119,75.216742,10.262564,732.923499,1121.978629,2025-09-13T23:59:59Z
naver-SYNTH-001-2025-09-13-C08,synthetic-advertiser-001,naver,SYNTH-001,2025-09-13,C08,Competitor,Naver,390115.1,37046,1012.0,30.91,1921490.84,2.731739,385.489228,3.054348,12620.999631,492.544597,2025-09-13T23:59:59Z
naver-SYNTH-001-2025-09-13-C09,synthetic-advertiser-001,naver,SYNTH-001,2025-09-13,C09,Prospecting,Naver,678615.35,69632,1761.0,48.44,3590486.0,2.52901,385.357948,2.75071,14009.40023,529.090009,2025-09-13T23:59:59Z
naver-SYNTH-001-2025-09-13-C10,synthetic-advertiser-001,naver,SYNTH-001,2025-09-13,C10,Seasonal,Naver,533094.54,66678,3176.0,147.65,5779050.53,4.76319,167.850926,4.648929,3610.52855,1084.057347,2025-09-13T23:59:59Z
naver-SYNTH-001-2025-09-13-C11,synthetic-advertiser-001,naver,SYNTH-001,2025-09-13,C11,New Product Launch,Naver,659706.21,74555,2014.0,80.08,4369965.81,2.701361,327.560184,3.976167,8238.089553,662.410893,2025-09-13T23:59:59Z
naver-SYNTH-001-2025-09-13-C12,synthetic-advertiser-001,naver,SYNTH-001,2025-09-13,C12,Low Efficiency Legacy,Naver,279925.2,25342,652.0,11.67,709120.8,2.572804,429.333134,1.789877,23986.735504,253.325101,2025-09-13T23:59:59Z
naver-SYNTH-001-2025-09-14-C01,synthetic-advertiser-001,naver,SYNTH-001,2025-09-14,C01,Brand Search Core,Naver,398105.02,64107,4701.0,382.13,3889053.09,7.333053,84.685178,8.128696,1041.8052,976.891244,2025-09-14T23:59:59Z
naver-SYNTH-001-2025-09-14-C02,synthetic-advertiser-001,naver,SYNTH-001,2025-09-14,C02,Brand Search Expansion,Naver,283360.48,44726,2540.0,159.7,2154121.45,5.679023,111.559242,6.287402,1774.329841,760.205333,2025-09-14T23:59:59Z
naver-SYNTH-001-2025-09-14-C03,synthetic-advertiser-001,naver,SYNTH-001,2025-09-14,C03,Generic Search High Intent,Naver,518991.79,67858,2460.0,118.48,4543004.3,3.625217,210.972273,4.81626,4380.41688,875.351858,2025-09-14T23:59:59Z
naver-SYNTH-001-2025-09-14-C04,synthetic-advertiser-001,naver,SYNTH-001,2025-09-14,C04,Generic Search Mid Intent,Naver,458441.26,52897,1815.0,96.04,2420077.18,3.431196,252.584716,5.29146,4773.440861,527.892532,2025-09-14T23:59:59Z
naver-SYNTH-001-2025-09-14-C05,synthetic-advertiser-001,naver,SYNTH-001,2025-09-14,C05,Shopping Best Seller,Naver,621646.48,84293,3823.0,252.41,6904507.65,4.535371,162.60698,6.602406,2462.844117,1110.680721,2025-09-14T23:59:59Z
naver-SYNTH-001-2025-09-14-C06,synthetic-advertiser-001,naver,SYNTH-001,2025-09-14,C06,Shopping Long Tail,Naver,403925.58,42749,1620.0,76.09,2745191.39,3.789562,249.33678,4.696914,5308.523897,679.628007,2025-09-14T23:59:59Z
naver-SYNTH-001-2025-09-14-C07,synthetic-advertiser-001,naver,SYNTH-001,2025-09-14,C07,Retargeting,Naver,263907.1,42984,3809.0,357.4,3120820.02,8.861437,69.28514,9.38304,738.408222,1182.544931,2025-09-14T23:59:59Z
naver-SYNTH-001-2025-09-14-C08,synthetic-advertiser-001,naver,SYNTH-001,2025-09-14,C08,Competitor,Naver,303452.17,35936,1158.0,39.46,2474265.71,3.222395,262.048506,3.407599,7690.120867,815.372557,2025-09-14T23:59:59Z
naver-SYNTH-001-2025-09-14-C09,synthetic-advertiser-001,naver,SYNTH-001,2025-09-14,C09,Prospecting,Naver,660965.14,61259,2086.0,60.65,5728095.78,3.405214,316.857687,2.907478,10898.023677,866.626009,2025-09-14T23:59:59Z
naver-SYNTH-001-2025-09-14-C10,synthetic-advertiser-001,naver,SYNTH-001,2025-09-14,C10,Seasonal,Naver,493741.93,60905,2607.0,149.19,3365557.47,4.280437,189.390844,5.72267,3309.484086,681.643033,2025-09-14T23:59:59Z
naver-SYNTH-001-2025-09-14-C11,synthetic-advertiser-001,naver,SYNTH-001,2025-09-14,C11,New Product Launch,Naver,672884.55,91571,3722.0,167.57,5022943.48,4.064606,180.785748,4.502149,4015.543075,746.479237,2025-09-14T23:59:59Z
naver-SYNTH-001-2025-09-14-C12,synthetic-advertiser-001,naver,SYNTH-001,2025-09-14,C12,Low Efficiency Legacy,Naver,250382.07,22107,453.0,8.82,775555.13,2.049125,552.719792,1.94702,28387.989298,309.748674,2025-09-14T23:59:59Z
naver-SYNTH-001-2025-09-15-C01,synthetic-advertiser-001,naver,SYNTH-001,2025-09-15,C01,Brand Search Core,Naver,495633.67,79958,6170.0,511.51,4060748.48,7.716551,80.329606,8.290276,968.961841,819.3044,2025-09-15T23:59:59Z
naver-SYNTH-001-2025-09-15-C02,synthetic-advertiser-001,naver,SYNTH-001,2025-09-15,C02,Brand Search Expansion,Naver,334632.76,49635,3321.0,228.64,2267768.8,6.690843,100.76265,6.884673,1463.579258,677.688816,2025-09-15T23:59:59Z
naver-SYNTH-001-2025-09-15-C03,synthetic-advertiser-001,naver,SYNTH-001,2025-09-15,C03,Generic Search High Intent,Naver,586427.23,73287,3649.0,236.76,4568477.62,4.979055,160.709023,6.488353,2476.884718,779.03573,2025-09-15T23:59:59Z
naver-SYNTH-001-2025-09-15-C04,synthetic-advertiser-001,naver,SYNTH-001,2025-09-15,C04,Generic Search Mid Intent,Naver,509167.18,59731,2519.0,96.54,2728362.58,4.217241,202.130679,3.832473,5274.157659,535.848083,2025-09-15T23:59:59Z
naver-SYNTH-001-2025-09-15-C05,synthetic-advertiser-001,naver,SYNTH-001,2025-09-15,C05,Shopping Best Seller,Naver,693071.13,89377,5229.0,349.48,5944984.68,5.850498,132.543724,6.683496,1983.149634,857.774099,2025-09-15T23:59:59Z
naver-SYNTH-001-2025-09-15-C06,synthetic-advertiser-001,naver,SYNTH-001,2025-09-15,C06,Shopping Long Tail,Naver,483989.41,52435,1665.0,80.4,3183756.95,3.17536,290.684328,4.828829,6019.76873,657.815421,2025-09-15T23:59:59Z
naver-SYNTH-001-2025-09-15-C07,synthetic-advertiser-001,naver,SYNTH-001,2025-09-15,C07,Retargeting,Naver,285709.0,45193,3846.0,396.25,3339004.66,8.510168,74.287311,10.302912,721.032174,1168.673255,2025-09-15T23:59:59Z
naver-SYNTH-001-2025-09-15-C08,synthetic-advertiser-001,naver,SYNTH-001,2025-09-15,C08,Competitor,Naver,472047.23,47272,1202.0,35.16,2317963.13,2.542731,392.718159,2.925125,13425.689041,491.044751,2025-09-15T23:59:59Z
naver-SYNTH-001-2025-09-15-C09,synthetic-advertiser-001,naver,SYNTH-001,2025-09-15,C09,Prospecting,Naver,814745.83,82074,2311.0,65.0,5752141.92,2.815752,352.551204,2.812635,12534.551256,706.004462,2025-09-15T23:59:59Z
naver-SYNTH-001-2025-09-15-C10,synthetic-advertiser-001,naver,SYNTH-001,2025-09-15,C10,Seasonal,Naver,671892.92,83865,4017.0,184.34,5992009.9,4.789841,167.262366,4.588997,3644.856914,891.81024,2025-09-15T23:59:59Z
naver-SYNTH-001-2025-09-15-C11,synthetic-advertiser-001,naver,SYNTH-001,2025-09-15,C11,New Product Launch,Naver,672035.61,82361,2457.0,75.32,5676063.68,2.983208,273.518766,3.065527,8922.405849,844.607578,2025-09-15T23:59:59Z
naver-SYNTH-001-2025-09-15-C12,synthetic-advertiser-001,naver,SYNTH-001,2025-09-15,C12,Low Efficiency Legacy,Naver,327064.78,29421,662.0,14.36,876232.17,2.250093,494.055558,2.169184,22776.098828,267.907837,2025-09-15T23:59:59Z
naver-SYNTH-001-2025-09-16-C01,synthetic-advertiser-001,naver,SYNTH-001,2025-09-16,C01,Brand Search Core,Naver,468558.58,74720,5675.0,501.68,4468199.82,7.595021,82.565388,8.840176,933.978982,953.605386,2025-09-16T23:59:59Z
naver-SYNTH-001-2025-09-16-C02,synthetic-advertiser-001,naver,SYNTH-001,2025-09-16,C02,Brand Search Expansion,Naver,342867.44,46636,3018.0,227.19,2166636.06,6.471395,113.6075,7.527833,1509.166051,631.916548,2025-09-16T23:59:59Z
naver-SYNTH-001-2025-09-16-C03,synthetic-advertiser-001,naver,SYNTH-001,2025-09-16,C03,Generic Search High Intent,Naver,652433.56,79287,3717.0,161.5,4693482.41,4.688032,175.52692,4.344902,4039.836302,719.380896,2025-09-16T23:59:59Z
naver-SYNTH-001-2025-09-16-C04,synthetic-advertiser-001,naver,SYNTH-001,2025-09-16,C04,Generic Search Mid Intent,Naver,534281.33,63405,2591.0,109.81,3606919.73,4.086429,206.206612,4.238132,4865.507075,675.097465,2025-09-16T23:59:59Z
naver-SYNTH-001-2025-09-16-C05,synthetic-advertiser-001,naver,SYNTH-001,2025-09-16,C05,Shopping Best Seller,Naver,746407.24,101269,5573.0,403.66,6289435.84,5.503165,133.932754,7.243137,1849.098842,842.627927,2025-09-16T23:59:59Z
naver-SYNTH-001-2025-09-16-C06,synthetic-advertiser-001,naver,SYNTH-001,2025-09-16,C06,Shopping Long Tail,Naver,385300.87,42984,1750.0,85.27,2565265.22,4.071282,220.171928,4.872571,4518.598265,665.782351,2025-09-16T23:59:59Z
naver-SYNTH-001-2025-09-16-C07,synthetic-advertiser-001,naver,SYNTH-001,2025-09-16,C07,Retargeting,Naver,260643.74,43935,3629.0,402.2,3366620.11,8.259929,71.822469,11.082943,648.045105,1291.655843,2025-09-16T23:59:59Z
naver-SYNTH-001-2025-09-16-C08,synthetic-advertiser-001,naver,SYNTH-001,2025-09-16,C08,Competitor,Naver,489585.07,48704,1349.0,49.21,2924666.45,2.769793,362.924438,3.647887,9948.893855,597.376565,2025-09-16T23:59:59Z
naver-SYNTH-001-2025-09-16-C09,synthetic-advertiser-001,naver,SYNTH-001,2025-09-16,C09,Prospecting,Naver,800364.46,77711,2231.0,67.35,5298422.57,2.870893,358.746958,3.018826,11883.659449,662.001227,2025-09-16T23:59:59Z
naver-SYNTH-001-2025-09-16-C10,synthetic-advertiser-001,naver,SYNTH-001,2025-09-16,C10,Seasonal,Naver,600688.33,76889,3416.0,168.98,4605008.85,4.442768,175.84553,4.946721,3554.789511,766.621991,2025-09-16T23:59:59Z
naver-SYNTH-001-2025-09-16-C11,synthetic-advertiser-001,naver,SYNTH-001,2025-09-16,C11,New Product Launch,Naver,625585.89,78005,2781.0,0.0,4489076.76,3.565156,224.949978,0.0,0,717.579606,2025-09-16T23:59:59Z
naver-SYNTH-001-2025-09-16-C12,synthetic-advertiser-001,naver,SYNTH-001,2025-09-16,C12,Low Efficiency Legacy,Naver,316122.51,27905,464.0,7.7,851897.39,1.662784,681.298509,1.659483,41054.871181,269.483307,2025-09-16T23:59:59Z
naver-SYNTH-001-2025-09-17-C01,synthetic-advertiser-001,naver,SYNTH-001,2025-09-17,C01,Brand Search Core,Naver,511786.3,80854,6016.0,527.63,3921802.17,7.440572,85.070861,8.770445,969.971945,766.29683,2025-09-17T23:59:59Z
naver-SYNTH-001-2025-09-17-C02,synthetic-advertiser-001,naver,SYNTH-001,2025-09-17,C02,Brand Search Expansion,Naver,372499.32,49311,3253.0,218.29,2413981.22,6.596905,114.509474,6.710421,1706.442435,648.049833,2025-09-17T23:59:59Z
naver-SYNTH-001-2025-09-17-C03,synthetic-advertiser-001,naver,SYNTH-001,2025-09-17,C03,Generic Search High Intent,Naver,619187.1,83628,3981.0,161.64,4824041.31,4.760367,155.535568,4.060286,3830.655146,779.092673,2025-09-17T23:59:59Z
naver-SYNTH-001-2025-09-17-C04,synthetic-advertiser-001,naver,SYNTH-001,2025-09-17,C04,Generic Search Mid Intent,Naver,570590.84,68334,2892.0,95.55,3058715.95,4.232154,197.299737,3.303942,5971.646685,536.061172,2025-09-17T23:59:59Z
naver-SYNTH-001-2025-09-17-C05,synthetic-advertiser-001,naver,SYNTH-001,2025-09-17,C05,Shopping Best Seller,Naver,762160.81,106592,5733.0,341.61,6451956.98,5.378452,132.942754,5.95866,2231.084593,846.534867,2025-09-17T23:59:59Z
naver-SYNTH-001-2025-09-17-C06,synthetic-advertiser-001,naver,SYNTH-001,2025-09-17,C06,Shopping Long Tail,Naver,388252.43,44825,1503.0,79.38,2306771.12,3.35304,258.318316,5.281437,4891.061095,594.142096,2025-09-17T23:59:59Z
naver-SYNTH-001-2025-09-17-C07,synthetic-advertiser-001,naver,SYNTH-001,2025-09-17,C07,Retargeting,Naver,308675.62,48838,4525.0,447.68,3398482.63,9.265326,68.215607,9.893481,689.500586,1100.988345,2025-09-17T23:59:59Z
naver-SYNTH-001-2025-09-17-C08,synthetic-advertiser-001,naver,SYNTH-001,2025-09-17,C08,Competitor,Naver,377707.96,37550,1161.0,40.45,3138720.68,3.091877,325.329856,3.484065,9337.650489,830.9914,2025-09-17T23:59:59Z
naver-SYNTH-001-2025-09-17-C09,synthetic-advertiser-001,naver,SYNTH-001,2025-09-17,C09,Prospecting,Naver,828864.62,78458,1544.0,53.01,5363213.04,1.967932,536.829418,3.43329,15636.004926,647.05537,2025-09-17T23:59:59Z
naver-SYNTH-001-2025-09-17-C10,synthetic-advertiser-001,naver,SYNTH-001,2025-09-17,C10,Seasonal,Naver,694001.38,84023,4069.0,233.83,8304406.24,4.842722,170.558215,5.746621,2967.974064,1196.597951,2025-09-17T23:59:59Z
naver-SYNTH-001-2025-09-17-C11,synthetic-advertiser-001,naver,SYNTH-001,2025-09-17,C11,New Product Launch,Naver,614654.45,69507,2701.0,139.41,4353754.42,3.88594,227.565513,5.161422,4408.969591,708.325534,2025-09-17T23:59:59Z
naver-SYNTH-001-2025-09-17-C12,synthetic-advertiser-001,naver,SYNTH-001,2025-09-17,C12,Low Efficiency Legacy,Naver,306862.99,27686,555.0,9.39,780355.09,2.004623,552.906289,1.691892,32679.76469,254.300817,2025-09-17T23:59:59Z
naver-SYNTH-001-2025-09-18-C01,synthetic-advertiser-001,naver,SYNTH-001,2025-09-18,C01,Brand Search Core,Naver,509266.57,76478,5291.0,399.39,4058760.7,6.918329,96.251478,7.548479,1275.110968,796.98157,2025-09-18T23:59:59Z
naver-SYNTH-001-2025-09-18-C02,synthetic-advertiser-001,naver,SYNTH-001,2025-09-18,C02,Brand Search Expansion,Naver,313900.14,43067,2836.0,185.4,2168986.73,6.585088,110.68411,6.537377,1693.096748,690.97986,2025-09-18T23:59:59Z
naver-SYNTH-001-2025-09-18-C03,synthetic-advertiser-001,naver,SYNTH-001,2025-09-18,C03,Generic Search High Intent,Naver,575346.52,74774,3115.0,169.41,4590735.5,4.165887,184.701934,5.438523,3396.178054,797.907923,2025-09-18T23:59:59Z
naver-SYNTH-001-2025-09-18-C04,synthetic-advertiser-001,naver,SYNTH-001,2025-09-18,C04,Generic Search Mid Intent,Naver,443648.3,56098,2156.0,105.92,3409512.2,3.843274,205.773792,4.912801,4188.52243,768.516916,2025-09-18T23:59:59Z
naver-SYNTH-001-2025-09-18-C05,synthetic-advertiser-001,naver,SYNTH-001,2025-09-18,C05,Shopping Best Seller,Naver,714004.33,96739,5805.0,412.45,7020923.12,6.000682,122.998162,7.105082,1731.129422,983.316603,2025-09-18T23:59:59Z
naver-SYNTH-001-2025-09-18-C06,synthetic-advertiser-001,naver,SYNTH-001,2025-09-18,C06,Shopping Long Tail,Naver,502144.1,58190,2302.0,112.41,2966958.88,3.956006,218.133839,4.883145,4467.076757,590.858061,2025-09-18T23:59:59Z
naver-SYNTH-001-2025-09-18-C07,synthetic-advertiser-001,naver,SYNTH-001,2025-09-18,C07,Retargeting,Naver,252153.99,39886,3615.0,356.84,3226903.84,9.06333,69.75214,9.871093,706.630383,1279.735407,2025-09-18T23:59:59Z
naver-SYNTH-001-2025-09-18-C08,synthetic-advertiser-001,naver,SYNTH-001,2025-09-18,C08,Competitor,Naver,467908.87,48361,1276.0,26.81,3507855.35,2.63849,366.699744,2.101097,17452.774095,749.687717,2025-09-18T23:59:59Z
naver-SYNTH-001-2025-09-18-C09,synthetic-advertiser-001,naver,SYNTH-001,2025-09-18,C09,Prospecting,Naver,900576.36,93496,2531.0,66.14,7527061.4,2.707068,355.818397,2.613196,13616.213522,835.804904,2025-09-18T23:59:59Z
naver-SYNTH-001-2025-09-18-C10,synthetic-advertiser-001,naver,SYNTH-001,2025-09-18,C10,Seasonal,Naver,668130.93,83065,4415.0,240.32,8057639.71,5.315115,151.332034,5.443262,2780.17198,1205.99711,2025-09-18T23:59:59Z
naver-SYNTH-001-2025-09-18-C11,synthetic-advertiser-001,naver,SYNTH-001,2025-09-18,C11,New Product Launch,Naver,672796.78,83865,3308.0,131.27,4399092.15,3.944435,203.384759,3.968259,5125.289734,653.851543,2025-09-18T23:59:59Z
naver-SYNTH-001-2025-09-18-C12,synthetic-advertiser-001,naver,SYNTH-001,2025-09-18,C12,Low Efficiency Legacy,Naver,310360.81,25585,657.0,11.98,783255.7,2.567911,472.390876,1.82344,25906.578114,252.369398,2025-09-18T23:59:59Z
naver-SYNTH-001-2025-09-19-C01,synthetic-advertiser-001,naver,SYNTH-001,2025-09-19,C01,Brand Search Core,Naver,454447.96,74560,5888.0,462.6,3992805.26,7.896996,77.182058,7.856658,982.377778,878.605607,2025-09-19T23:59:59Z
naver-SYNTH-001-2025-09-19-C02,synthetic-advertiser-001,naver,SYNTH-001,2025-09-19,C02,Brand Search Expansion,Naver,347279.61,46983,3193.0,219.45,2035545.03,6.796075,108.762797,6.872847,1582.499935,586.140091,2025-09-19T23:59:59Z
naver-SYNTH-001-2025-09-19-C03,synthetic-advertiser-001,naver,SYNTH-001,2025-09-19,C03,Generic Search High Intent,Naver,572054.92,66916,2833.0,185.56,5170168.62,4.233666,201.925493,6.549947,3082.856882,903.788852,2025-09-19T23:59:59Z
naver-SYNTH-001-2025-09-19-C04,synthetic-advertiser-001,naver,SYNTH-001,2025-09-19,C04,Generic Search Mid Intent,Naver,427453.62,54617,1996.0,78.65,3140835.61,3.65454,214.155119,3.940381,5434.883896,734.778107,2025-09-19T23:59:59Z
naver-SYNTH-001-2025-09-19-C05,synthetic-advertiser-001,naver,SYNTH-001,2025-09-19,C05,Shopping Best Seller,Naver,851108.14,110940,4683.0,230.24,6470033.21,4.221201,181.744211,4.916507,3696.61284,760.189323,2025-09-19T23:59:59Z
naver-SYNTH-001-2025-09-19-C06,synthetic-advertiser-001,naver,SYNTH-001,2025-09-19,C06,Shopping Long Tail,Naver,462404.85,50489,1770.0,75.67,2820939.93,3.505714,261.24568,4.275141,6110.80817,610.058459,2025-09-19T23:59:59Z
naver-SYNTH-001-2025-09-19-C07,synthetic-advertiser-001,naver,SYNTH-001,2025-09-19,C07,Retargeting,Naver,285953.44,48285,4142.0,413.18,3241006.97,8.578233,69.037527,9.975374,692.07957,1133.403747,2025-09-19T23:59:59Z
naver-SYNTH-001-2025-09-19-C08,synthetic-advertiser-001,naver,SYNTH-001,2025-09-19,C08,Competitor,Naver,416731.27,48218,1711.0,62.86,2406685.27,3.548467,243.560063,3.673875,6629.514281,577.514924,2025-09-19T23:59:59Z
naver-SYNTH-001-2025-09-19-C09,synthetic-advertiser-001,naver,SYNTH-001,2025-09-19,C09,Prospecting,Naver,837790.22,85735,1761.0,58.78,5970066.98,2.054004,475.746857,3.337876,14252.98087,712.596885,2025-09-19T23:59:59Z
naver-SYNTH-001-2025-09-19-C10,synthetic-advertiser-001,naver,SYNTH-001,2025-09-19,C10,Seasonal,Naver,633434.37,75989,3657.0,184.94,5613633.61,4.812539,173.211476,5.057151,3425.080397,886.221823,2025-09-19T23:59:59Z
naver-SYNTH-001-2025-09-19-C11,synthetic-advertiser-001,naver,SYNTH-001,2025-09-19,C11,New Product Launch,Naver,680429.42,87647,2845.0,97.53,5156839.98,3.245975,239.166755,3.42812,6976.616604,757.880222,2025-09-19T23:59:59Z
naver-SYNTH-001-2025-09-19-C12,synthetic-advertiser-001,naver,SYNTH-001,2025-09-19,C12,Low Efficiency Legacy,Naver,307734.88,27458,675.0,15.36,810587.4,2.4583,455.90353,2.275556,20034.823101,263.404457,2025-09-19T23:59:59Z
naver-SYNTH-001-2025-09-20-C01,synthetic-advertiser-001,naver,SYNTH-001,2025-09-20,C01,Brand Search Core,Naver,450848.77,69510,4441.0,294.3,4185316.74,6.389009,101.519651,6.626886,1531.936022,928.319428,2025-09-20T23:59:59Z
naver-SYNTH-001-2025-09-20-C02,synthetic-advertiser-001,naver,SYNTH-001,2025-09-20,C02,Brand Search Expansion,Naver,277893.55,37843,2169.0,136.38,1959594.95,5.731575,128.120583,6.28769,2037.641481,705.160297,2025-09-20T23:59:59Z
naver-SYNTH-001-2025-09-20-C03,synthetic-advertiser-001,naver,SYNTH-001,2025-09-20,C03,Generic Search High Intent,Naver,556701.33,66997,2953.0,144.33,4027830.13,4.40766,188.520599,4.887572,3857.142164,723.517248,2025-09-20T23:59:59Z
naver-SYNTH-001-2025-09-20-C04,synthetic-advertiser-001,naver,SYNTH-001,2025-09-20,C04,Generic Search Mid Intent,Naver,399660.9,46230,1597.0,62.24,2626455.16,3.454467,250.257293,3.897307,6421.286893,657.170913,2025-09-20T23:59:59Z
naver-SYNTH-001-2025-09-20-C05,synthetic-advertiser-001,naver,SYNTH-001,2025-09-20,C05,Shopping Best Seller,Naver,614922.21,81577,5223.0,332.56,5995178.38,6.40254,117.733526,6.367222,1849.056427,974.949078,2025-09-20T23:59:59Z
naver-SYNTH-001-2025-09-20-C06,synthetic-advertiser-001,naver,SYNTH-001,2025-09-20,C06,Shopping Long Tail,Naver,414132.26,43555,1391.0,58.27,2399216.07,3.193663,297.722692,4.189073,7107.126565,579.335704,2025-09-20T23:59:59Z
naver-SYNTH-001-2025-09-20-C07,synthetic-advertiser-001,naver,SYNTH-001,2025-09-20,C07,Retargeting,Naver,266161.11,42111,3592.0,331.17,3056064.43,8.529838,74.098303,9.219655,803.699326,1148.200982,2025-09-20T23:59:59Z
naver-SYNTH-001-2025-09-20-C08,synthetic-advertiser-001,naver,SYNTH-001,2025-09-20,C08,Competitor,Naver,380654.61,37297,994.0,31.48,2996637.81,2.665094,382.952322,3.167002,12091.950701,787.232769,2025-09-20T23:59:59Z
naver-SYNTH-001-2025-09-20-C09,synthetic-advertiser-001,naver,SYNTH-001,2025-09-20,C09,Prospecting,Naver,682199.99,75498,1975.0,66.92,4291441.07,2.615963,345.417717,3.388354,10194.261657,629.059092,2025-09-20T23:59:59Z
naver-SYNTH-001-2025-09-20-C10,synthetic-advertiser-001,naver,SYNTH-001,2025-09-20,C10,Seasonal,Naver,608054.37,80127,3422.0,191.37,5635078.93,4.27072,177.689762,5.592344,3177.375585,926.739326,2025-09-20T23:59:59Z
naver-SYNTH-001-2025-09-20-C11,synthetic-advertiser-001,naver,SYNTH-001,2025-09-20,C11,New Product Launch,Naver,616764.15,67288,2211.0,94.26,5451390.37,3.285876,278.952577,4.263229,6543.222442,883.86953,2025-09-20T23:59:59Z
naver-SYNTH-001-2025-09-20-C12,synthetic-advertiser-001,naver,SYNTH-001,2025-09-20,C12,Low Efficiency Legacy,Naver,287615.93,24076,495.0,10.85,643040.88,2.055989,581.042276,2.191919,26508.380352,223.576242,2025-09-20T23:59:59Z
naver-SYNTH-001-2025-09-21-C01,synthetic-advertiser-001,naver,SYNTH-001,2025-09-21,C01,Brand Search Core,Naver,400838.02,63477,4366.0,383.17,3938910.42,6.878082,91.808982,8.776225,1046.110122,982.668876,2025-09-21T23:59:59Z
naver-SYNTH-001-2025-09-21-C02,synthetic-advertiser-001,naver,SYNTH-001,2025-09-21,C02,Brand Search Expansion,Naver,331059.02,51642,3192.0,246.88,1956313.19,6.181015,103.715233,7.734336,1340.971417,590.925802,2025-09-21T23:59:59Z
naver-SYNTH-001-2025-09-21-C03,synthetic-advertiser-001,naver,SYNTH-001,2025-09-21,C03,Generic Search High Intent,Naver,543092.44,69080,3522.0,205.3,4098594.74,5.098437,154.200012,5.829074,2645.360175,754.677181,2025-09-21T23:59:59Z
naver-SYNTH-001-2025-09-21-C04,synthetic-advertiser-001,naver,SYNTH-001,2025-09-21,C04,Generic Search Mid Intent,Naver,483070.73,60800,2319.0,113.91,3225317.2,3.814145,208.30993,4.912031,4240.810541,667.669766,2025-09-21T23:59:59Z
naver-SYNTH-001-2025-09-21-C05,synthetic-advertiser-001,naver,SYNTH-001,2025-09-21,C05,Shopping Best Seller,Naver,683000.74,89700,5085.0,292.67,5784452.37,5.668896,134.316762,5.755556,2333.688923,846.917441,2025-09-21T23:59:59Z
naver-SYNTH-001-2025-09-21-C06,synthetic-advertiser-001,naver,SYNTH-001,2025-09-21,C06,Shopping Long Tail,Naver,400259.72,43193,1746.0,82.88,2839587.82,4.042322,229.243825,4.74685,4829.388498,709.436321,2025-09-21T23:59:59Z
naver-SYNTH-001-2025-09-21-C07,synthetic-advertiser-001,naver,SYNTH-001,2025-09-21,C07,Retargeting,Naver,277339.97,50922,4142.0,423.28,3033035.47,8.134009,66.957985,10.219218,655.216344,1093.616411,2025-09-21T23:59:59Z
naver-SYNTH-001-2025-09-21-C08,synthetic-advertiser-001,naver,SYNTH-001,2025-09-21,C08,Competitor,Naver,357854.68,39100,1418.0,51.43,2188398.21,3.626598,252.365781,3.626939,6958.092122,611.532655,2025-09-21T23:59:59Z
naver-SYNTH-001-2025-09-21-C09,synthetic-advertiser-001,naver,SYNTH-001,2025-09-21,C09,Prospecting,Naver,717217.72,74997,2225.0,59.32,4608301.79,2.966785,322.345045,2.666067,12090.656181,642.524806,2025-09-21T23:59:59Z
naver-SYNTH-001-2025-09-21-C10,synthetic-advertiser-001,naver,SYNTH-001,2025-09-21,C10,Seasonal,Naver,470047.45,54961,2770.0,133.11,6786174.88,5.039937,169.692221,4.805415,3531.270779,1443.721232,2025-09-21T23:59:59Z
naver-SYNTH-001-2025-09-21-C11,synthetic-advertiser-001,naver,SYNTH-001,2025-09-21,C11,New Product Launch,Naver,567698.53,65946,2332.0,105.5,2988033.88,3.536227,243.438479,4.524014,5381.02876,526.341659,2025-09-21T23:59:59Z
naver-SYNTH-001-2025-09-21-C12,synthetic-advertiser-001,naver,SYNTH-001,2025-09-21,C12,Low Efficiency Legacy,Naver,286268.73,26568,517.0,12.03,651119.54,1.94595,553.711274,2.326886,23796.236778,227.450461,2025-09-21T23:59:59Z
naver-SYNTH-001-2025-09-22-C01,synthetic-advertiser-001,naver,SYNTH-001,2025-09-22,C01,Brand Search Core,Naver,426593.38,63618,3651.0,257.75,3938567.91,5.738942,116.842888,7.05971,1655.066477,923.260428,2025-09-22T23:59:59Z
naver-SYNTH-001-2025-09-22-C02,synthetic-advertiser-001,naver,SYNTH-001,2025-09-22,C02,Brand Search Expansion,Naver,299160.04,46697,2850.0,189.47,2106455.96,6.103176,104.968435,6.64807,1578.930909,704.12344,2025-09-22T23:59:59Z
naver-SYNTH-001-2025-09-22-C03,synthetic-advertiser-001,naver,SYNTH-001,2025-09-22,C03,Generic Search High Intent,Naver,536226.61,64820,3941.0,258.66,4026413.0,6.079914,136.063591,6.563309,2073.09446,750.878995,2025-09-22T23:59:59Z
naver-SYNTH-001-2025-09-22-C04,synthetic-advertiser-001,naver,SYNTH-001,2025-09-22,C04,Generic Search Mid Intent,Naver,550701.18,59653,2608.0,115.53,3044105.12,4.371951,211.158428,4.429831,4766.737468,552.768949,2025-09-22T23:59:59Z
naver-SYNTH-001-2025-09-22-C05,synthetic-advertiser-001,naver,SYNTH-001,2025-09-22,C05,Shopping Best Seller,Naver,875361.79,116042,6564.0,400.57,5249948.98,5.656573,133.357982,6.102529,2185.290442,599.746188,2025-09-22T23:59:59Z
naver-SYNTH-001-2025-09-22-C06,synthetic-advertiser-001,naver,SYNTH-001,2025-09-22,C06,Shopping Long Tail,Naver,394708.27,42857,1769.0,93.89,2825063.02,4.12768,223.125084,5.307518,4203.943705,715.73443,2025-09-22T23:59:59Z
naver-SYNTH-001-2025-09-22-C07,synthetic-advertiser-001,naver,SYNTH-001,2025-09-22,C07,Retargeting,Naver,274806.8,45792,4103.0,418.24,3141902.18,8.96008,66.977042,10.193517,657.055283,1143.313106,2025-09-22T23:59:59Z
naver-SYNTH-001-2025-09-22-C08,synthetic-advertiser-001,naver,SYNTH-001,2025-09-22,C08,Competitor,Naver,408824.41,37315,1169.0,42.18,2368135.19,3.132788,349.721482,3.608212,9692.375826,579.254839,2025-09-22T23:59:59Z
naver-SYNTH-001-2025-09-22-C09,synthetic-advertiser-001,naver,SYNTH-001,2025-09-22,C09,Prospecting,Naver,834716.48,78873,2191.0,67.88,5844924.82,2.777883,380.975116,3.098129,12296.942821,700.228756,2025-09-22T23:59:59Z
naver-SYNTH-001-2025-09-22-C10,synthetic-advertiser-001,naver,SYNTH-001,2025-09-22,C10,Seasonal,Naver,704234.62,86122,3574.0,170.62,4230615.0,4.149927,197.043823,4.773923,4127.503366,600.73942,2025-09-22T23:59:59Z
naver-SYNTH-001-2025-09-22-C11,synthetic-advertiser-001,naver,SYNTH-001,2025-09-22,C11,New Product Launch,Naver,619462.33,64495,2257.0,88.05,5380111.89,3.499496,274.462705,3.901196,7035.347252,868.513172,2025-09-22T23:59:59Z
naver-SYNTH-001-2025-09-22-C12,synthetic-advertiser-001,naver,SYNTH-001,2025-09-22,C12,Low Efficiency Legacy,Naver,307811.54,29563,513.0,12.86,620229.64,1.735277,600.022491,2.506823,23935.578382,201.496552,2025-09-22T23:59:59Z
naver-SYNTH-001-2025-09-23-C01,synthetic-advertiser-001,naver,SYNTH-001,2025-09-23,C01,Brand Search Core,Naver,410018.84,66442,4787.0,384.92,4324172.42,7.20478,85.652568,8.040944,1065.205351,1054.62773,2025-09-23T23:59:59Z
naver-SYNTH-001-2025-09-23-C02,synthetic-advertiser-001,naver,SYNTH-001,2025-09-23,C02,Brand Search Expansion,Naver,329899.64,45357,2962.0,191.32,2320452.48,6.530414,111.377326,6.459149,1724.334305,703.381333,2025-09-23T23:59:59Z
naver-SYNTH-001-2025-09-23-C03,synthetic-advertiser-001,naver,SYNTH-001,2025-09-23,C03,Generic Search High Intent,Naver,579193.19,66523,3198.0,199.72,5299812.36,4.80736,181.111066,6.245153,2900.025975,915.033614,2025-09-23T23:59:59Z
naver-SYNTH-001-2025-09-23-C04,synthetic-advertiser-001,naver,SYNTH-001,2025-09-23,C04,Generic Search Mid Intent,Naver,502917.95,64854,2286.0,112.75,3441940.82,3.52484,219.999102,4.932196,4460.469606,684.394111,2025-09-23T23:59:59Z
naver-SYNTH-001-2025-09-23-C05,synthetic-advertiser-001,naver,SYNTH-001,2025-09-23,C05,Shopping Best Seller,Naver,764624.94,103737,5261.0,291.62,6159361.56,5.071479,145.338327,5.543053,2621.990744,805.540237,2025-09-23T23:59:59Z
naver-SYNTH-001-2025-09-23-C06,synthetic-advertiser-001,naver,SYNTH-001,2025-09-23,C06,Shopping Long Tail,Naver,463604.5,53015,1968.0,109.65,2562819.18,3.712157,235.571393,5.571646,4228.039222,552.802913,2025-09-23T23:59:59Z
naver-SYNTH-001-2025-09-23-C07,synthetic-advertiser-001,naver,SYNTH-001,2025-09-23,C07,Retargeting,Naver,322895.49,55877,4462.0,475.68,3190120.85,7.985396,72.36564,10.66069,678.808206,987.973191,2025-09-23T23:59:59Z
naver-SYNTH-001-2025-09-23-C08,synthetic-advertiser-001,naver,SYNTH-001,2025-09-23,C08,Competitor,Naver,489298.55,50638,1234.0,38.81,2275272.8,2.436905,396.514219,3.145057,12607.537907,465.007063,2025-09-23T23:59:59Z
naver-SYNTH-001-2025-09-23-C09,synthetic-advertiser-001,naver,SYNTH-001,2025-09-23,C09,Prospecting,Naver,740257.17,76721,2613.0,62.69,4015284.78,3.405847,283.297808,2.399158,11808.217793,542.417545,2025-09-23T23:59:59Z
naver-SYNTH-001-2025-09-23-C10,synthetic-advertiser-001,naver,SYNTH-001,2025-09-23,C10,Seasonal,Naver,551743.78,68143,3367.0,178.65,6569447.21,4.94108,163.868067,5.30591,3088.406281,1190.669914,2025-09-23T23:59:59Z
naver-SYNTH-001-2025-09-23-C11,synthetic-advertiser-001,naver,SYNTH-001,2025-09-23,C11,New Product Launch,Naver,652369.79,74693,3121.0,116.57,5218008.69,4.178437,209.025886,3.735021,5596.378052,799.854435,2025-09-23T23:59:59Z
naver-SYNTH-001-2025-09-23-C12,synthetic-advertiser-001,naver,SYNTH-001,2025-09-23,C12,Low Efficiency Legacy,Naver,327813.83,30302,558.0,8.67,946650.0,1.841463,587.47998,1.553763,37810.130205,288.776713,2025-09-23T23:59:59Z
naver-SYNTH-001-2025-09-24-C01,synthetic-advertiser-001,naver,SYNTH-001,2025-09-24,C01,Brand Search Core,Naver,492275.79,75891,6141.0,464.62,4075515.24,8.091869,80.162155,7.565869,1059.523466,827.892677,2025-09-24T23:59:59Z
naver-SYNTH-001-2025-09-24-C02,synthetic-advertiser-001,naver,SYNTH-001,2025-09-24,C02,Brand Search Expansion,Naver,351100.99,50295,3239.0,215.52,2035353.53,6.440004,108.39796,6.653906,1629.08775,579.706005,2025-09-24T23:59:59Z
naver-SYNTH-001-2025-09-24-C03,synthetic-advertiser-001,naver,SYNTH-001,2025-09-24,C03,Generic Search High Intent,Naver,655868.96,84312,3555.0,158.62,4828010.12,4.216482,184.491971,4.461885,4134.844003,736.124203,2025-09-24T23:59:59Z
naver-SYNTH-001-2025-09-24-C04,synthetic-advertiser-001,naver,SYNTH-001,2025-09-24,C04,Generic Search Mid Intent,Naver,481203.03,57092,2303.0,91.64,2789486.43,4.03384,208.946169,3.979158,5251.015132,579.690125,2025-09-24T23:59:59Z
naver-SYNTH-001-2025-09-24-C05,synthetic-advertiser-001,naver,SYNTH-001,2025-09-24,C05,Shopping Best Seller,Naver,752308.5,89606,4682.0,334.18,7141999.03,5.225097,160.681012,7.137548,2251.207427,949.344457,2025-09-24T23:59:59Z
naver-SYNTH-001-2025-09-24-C06,synthetic-advertiser-001,naver,SYNTH-001,2025-09-24,C06,Shopping Long Tail,Naver,416210.22,42144,1842.0,92.74,2705615.33,4.370729,225.955605,5.034745,4487.925642,650.059795,2025-09-24T23:59:59Z
naver-SYNTH-001-2025-09-24-C07,synthetic-advertiser-001,naver,SYNTH-001,2025-09-24,C07,Retargeting,Naver,288910.59,47630,4033.0,405.71,3352560.32,8.467353,71.636646,10.059757,712.111093,1160.414475,2025-09-24T23:59:59Z
naver-SYNTH-001-2025-09-24-C08,synthetic-advertiser-001,naver,SYNTH-001,2025-09-24,C08,Competitor,Naver,426650.45,42098,1130.0,40.49,2673607.77,2.684213,377.566768,3.583186,10537.180733,626.650643,2025-09-24T23:59:59Z
naver-SYNTH-001-2025-09-24-C09,synthetic-advertiser-001,naver,SYNTH-001,2025-09-24,C09,Prospecting,Naver,684577.46,70491,1947.0,56.59,4290955.04,2.762055,351.606297,2.906523,12097.145434,626.803436,2025-09-24T23:59:59Z
naver-SYNTH-001-2025-09-24-C10,synthetic-advertiser-001,naver,SYNTH-001,2025-09-24,C10,Seasonal,Naver,617104.97,80970,3670.0,179.28,3024539.53,4.532543,168.148493,4.885014,3442.129467,490.117513,2025-09-24T23:59:59Z
naver-SYNTH-001-2025-09-24-C11,synthetic-advertiser-001,naver,SYNTH-001,2025-09-24,C11,New Product Launch,Naver,654175.04,72405,2320.0,85.4,4041923.93,3.204199,281.971999,3.681034,7660.129256,617.865814,2025-09-24T23:59:59Z
naver-SYNTH-001-2025-09-24-C12,synthetic-advertiser-001,naver,SYNTH-001,2025-09-24,C12,Low Efficiency Legacy,Naver,287723.31,24930,506.0,8.28,725499.99,2.029683,568.623143,1.636364,34749.192068,252.151969,2025-09-24T23:59:59Z
naver-SYNTH-001-2025-09-25-C01,synthetic-advertiser-001,naver,SYNTH-001,2025-09-25,C01,Brand Search Core,Naver,434943.59,69395,5194.0,460.69,3541191.04,7.484689,83.739621,8.869657,944.113373,814.172485,2025-09-25T23:59:59Z
naver-SYNTH-001-2025-09-25-C02,synthetic-advertiser-001,naver,SYNTH-001,2025-09-25,C02,Brand Search Expansion,Naver,290911.79,41935,2574.0,182.08,2052391.28,6.138071,113.019342,7.073815,1597.714112,705.502968,2025-09-25T23:59:59Z
naver-SYNTH-001-2025-09-25-C03,synthetic-advertiser-001,naver,SYNTH-001,2025-09-25,C03,Generic Search High Intent,Naver,599263.72,77801,3912.0,222.09,5494553.16,5.028213,153.186023,5.677147,2698.29224,916.883994,2025-09-25T23:59:59Z
naver-SYNTH-001-2025-09-25-C04,synthetic-advertiser-001,naver,SYNTH-001,2025-09-25,C04,Generic Search Mid Intent,Naver,544630.14,63465,2901.0,158.19,3003686.31,4.571023,187.73876,5.452947,3442.886044,551.509378,2025-09-25T23:59:59Z
naver-SYNTH-001-2025-09-25-C05,synthetic-advertiser-001,naver,SYNTH-001,2025-09-25,C05,Shopping Best Seller,Naver,874917.74,110739,5401.0,268.8,6780277.61,4.877234,161.991806,4.976856,3254.902316,774.961723,2025-09-25T23:59:59Z
naver-SYNTH-001-2025-09-25-C06,synthetic-advertiser-001,naver,SYNTH-001,2025-09-25,C06,Shopping Long Tail,Naver,442937.42,54940,2159.0,90.42,2902583.48,3.929742,205.158602,4.18805,4898.666471,655.303286,2025-09-25T23:59:59Z
naver-SYNTH-001-2025-09-25-C07,synthetic-advertiser-001,naver,SYNTH-001,2025-09-25,C07,Retargeting,Naver,261573.87,47503,3943.0,421.45,3046895.5,8.300528,66.338795,10.688562,620.652193,1164.831769,2025-09-25T23:59:59Z
naver-SYNTH-001-2025-09-25-C08,synthetic-advertiser-001,naver,SYNTH-001,2025-09-25,C08,Competitor,Naver,461213.02,47535,1415.0,52.15,2332747.1,2.976754,325.945594,3.685512,8843.969623,505.785184,2025-09-25T23:59:59Z
naver-SYNTH-001-2025-09-25-C09,synthetic-advertiser-001,naver,SYNTH-001,2025-09-25,C09,Prospecting,Naver,831979.18,84587,1966.0,65.2,5660919.93,2.324234,423.183713,3.316378,12760.416855,680.416057,2025-09-25T23:59:59Z
naver-SYNTH-001-2025-09-25-C10,synthetic-advertiser-001,naver,SYNTH-001,2025-09-25,C10,Seasonal,Naver,548828.34,70163,3539.0,169.91,5921610.65,5.043969,155.080063,4.801074,3230.112079,1078.954964,2025-09-25T23:59:59Z
naver-SYNTH-001-2025-09-25-C11,synthetic-advertiser-001,naver,SYNTH-001,2025-09-25,C11,New Product Launch,Naver,697232.88,80811,3572.0,152.33,5597728.88,4.42019,195.193975,4.264558,4577.121236,802.849243,2025-09-25T23:59:59Z
naver-SYNTH-001-2025-09-25-C12,synthetic-advertiser-001,naver,SYNTH-001,2025-09-25,C12,Low Efficiency Legacy,Naver,325497.06,30005,702.0,11.29,687295.33,2.33961,463.671032,1.608262,28830.563724,211.152544,2025-09-25T23:59:59Z
naver-SYNTH-001-2025-09-26-C01,synthetic-advertiser-001,naver,SYNTH-001,2025-09-26,C01,Brand Search Core,Naver,536198.14,77449,6328.0,508.76,4161059.27,8.170538,84.734219,8.039823,1053.931393,776.030164,2025-09-26T23:59:59Z
naver-SYNTH-001-2025-09-26-C02,synthetic-advertiser-001,naver,SYNTH-001,2025-09-26,C02,Brand Search Expansion,Naver,334746.99,46345,2830.0,212.2,2317659.06,6.106376,118.285157,7.498233,1577.507043,692.361426,2025-09-26T23:59:59Z
naver-SYNTH-001-2025-09-26-C03,synthetic-advertiser-001,naver,SYNTH-001,2025-09-26,C03,Generic Search High Intent,Naver,722940.78,92672,5485.0,256.27,4209237.77,5.918724,131.803242,4.672197,2821.012148,582.238251,2025-09-26T23:59:59Z
naver-SYNTH-001-2025-09-26-C04,synthetic-advertiser-001,naver,SYNTH-001,2025-09-26,C04,Generic Search Mid Intent,Naver,498172.75,59572,1758.0,77.51,3173043.79,2.951051,283.374718,4.408987,6427.206219,636.936436,2025-09-26T23:59:59Z
naver-SYNTH-001-2025-09-26-C05,synthetic-advertiser-001,naver,SYNTH-001,2025-09-26,C05,Shopping Best Seller,Naver,795178.93,120481,5776.0,236.95,6649137.62,4.794117,137.669483,4.10232,3355.893364,836.18131,2025-09-26T23:59:59Z
naver-SYNTH-001-2025-09-26-C06,synthetic-advertiser-001,naver,SYNTH-001,2025-09-26,C06,Shopping Long Tail,Naver,425741.03,44269,1594.0,63.45,2698920.91,3.600714,267.089732,3.980552,6709.866556,633.934881,2025-09-26T23:59:59Z
naver-SYNTH-001-2025-09-26-C07,synthetic-advertiser-001,naver,SYNTH-001,2025-09-26,C07,Retargeting,Naver,291018.1,48105,4225.0,320.57,3342980.48,8.782871,68.880023,7.587456,907.814505,1148.719111,2025-09-26T23:59:59Z
naver-SYNTH-001-2025-09-26-C08,synthetic-advertiser-001,naver,SYNTH-001,2025-09-26,C08,Competitor,Naver,454511.55,51326,1719.0,57.32,2954704.58,3.34918,264.404624,3.334497,7929.371053,650.083498,2025-09-26T23:59:59Z
naver-SYNTH-001-2025-09-26-C09,synthetic-advertiser-001,naver,SYNTH-001,2025-09-26,C09,Prospecting,Naver,776053.3,79302,2002.0,54.94,5881535.62,2.524526,387.639012,2.744256,14125.469657,757.87779,2025-09-26T23:59:59Z
naver-SYNTH-001-2025-09-26-C10,synthetic-advertiser-001,naver,SYNTH-001,2025-09-26,C10,Seasonal,Naver,593633.92,81768,4039.0,202.68,6148891.76,4.939585,146.97547,5.018074,2928.922056,1035.805321,2025-09-26T23:59:59Z
naver-SYNTH-001-2025-09-26-C11,synthetic-advertiser-001,naver,SYNTH-001,2025-09-26,C11,New Product Launch,Naver,645726.2,74786,2696.0,109.05,3834724.49,3.604953,239.512684,4.044881,5921.377306,593.862308,2025-09-26T23:59:59Z
naver-SYNTH-001-2025-09-26-C12,synthetic-advertiser-001,naver,SYNTH-001,2025-09-26,C12,Low Efficiency Legacy,Naver,326546.63,28939,651.0,12.19,832492.15,2.249559,501.607719,1.872504,26788.074266,254.93822,2025-09-26T23:59:59Z
naver-SYNTH-001-2025-09-27-C01,synthetic-advertiser-001,naver,SYNTH-001,2025-09-27,C01,Brand Search Core,Naver,485952.32,77746,5381.0,417.92,4177625.96,6.921256,90.308924,7.766586,1162.787897,859.678164,2025-09-27T23:59:59Z
naver-SYNTH-001-2025-09-27-C02,synthetic-advertiser-001,naver,SYNTH-001,2025-09-27,C02,Brand Search Expansion,Naver,360654.4,49616,3047.0,209.26,2170139.08,6.141164,118.363767,6.867739,1723.4751,601.722614,2025-09-27T23:59:59Z
naver-SYNTH-001-2025-09-27-C03,synthetic-advertiser-001,naver,SYNTH-001,2025-09-27,C03,Generic Search High Intent,Naver,550234.09,86016,3015.0,181.26,4046043.73,3.505162,182.498868,6.01194,3035.606796,735.331348,2025-09-27T23:59:59Z
naver-SYNTH-001-2025-09-27-C04,synthetic-advertiser-001,naver,SYNTH-001,2025-09-27,C04,Generic Search Mid Intent,Naver,408430.13,49241,2033.0,63.86,2575502.13,4.128673,200.900212,3.141171,6395.711408,630.585733,2025-09-27T23:59:59Z
naver-SYNTH-001-2025-09-27-C05,synthetic-advertiser-001,naver,SYNTH-001,2025-09-27,C05,Shopping Best Seller,Naver,776958.41,112616,7962.0,448.28,7982030.93,7.070043,97.583322,5.630244,1733.19891,1027.343401,2025-09-27T23:59:59Z
naver-SYNTH-001-2025-09-27-C06,synthetic-advertiser-001,naver,SYNTH-001,2025-09-27,C06,Shopping Long Tail,Naver,433986.52,49118,1650.0,95.3,3136295.36,3.359257,263.022132,5.775758,4553.898397,722.671152,2025-09-27T23:59:59Z
naver-SYNTH-001-2025-09-27-C07,synthetic-advertiser-001,naver,SYNTH-001,2025-09-27,C07,Retargeting,Naver,277775.05,47187,4311.0,444.01,3081487.11,9.135991,64.434017,10.299466,625.60539,1109.346257,2025-09-27T23:59:59Z
naver-SYNTH-001-2025-09-27-C08,synthetic-advertiser-001,naver,SYNTH-001,2025-09-27,C08,Competitor,Naver,421959.13,48980,1373.0,58.9,2451178.62,2.803185,307.326388,4.289876,7163.992023,580.904273,2025-09-27T23:59:59Z
naver-SYNTH-001-2025-09-27-C09,synthetic-advertiser-001,naver,SYNTH-001,2025-09-27,C09,Prospecting,Naver,778127.71,79179,1863.0,44.91,5189066.85,2.352897,417.674561,2.410628,17326.379596,666.865708,2025-09-27T23:59:59Z
naver-SYNTH-001-2025-09-27-C10,synthetic-advertiser-001,naver,SYNTH-001,2025-09-27,C10,Seasonal,Naver,608195.0,77783,2875.0,145.37,3508605.64,3.69618,211.546086,5.056348,4183.772427,576.888277,2025-09-27T23:59:59Z
naver-SYNTH-001-2025-09-27-C11,synthetic-advertiser-001,naver,SYNTH-001,2025-09-27,C11,New Product Launch,Naver,690636.17,78949,3549.0,217.96,6569272.34,4.495307,194.600218,6.141448,3168.637249,951.191464,2025-09-27T23:59:59Z
naver-SYNTH-001-2025-09-27-C12,synthetic-advertiser-001,naver,SYNTH-001,2025-09-27,C12,Low Efficiency Legacy,Naver,260874.75,22504,427.0,8.48,728086.25,1.89744,610.947896,1.985948,30763.532019,279.094181,2025-09-27T23:59:59Z
naver-SYNTH-001-2025-09-28-C01,synthetic-advertiser-001,naver,SYNTH-001,2025-09-28,C01,Brand Search Core,Naver,381133.66,57897,4243.0,329.17,3665852.01,7.328532,89.826458,7.757954,1157.862686,961.828459,2025-09-28T23:59:59Z
naver-SYNTH-001-2025-09-28-C02,synthetic-advertiser-001,naver,SYNTH-001,2025-09-28,C02,Brand Search Expansion,Naver,294212.53,40122,2518.0,206.07,2189357.26,6.275859,116.843739,8.183876,1427.731033,744.141398,2025-09-28T23:59:59Z
naver-SYNTH-001-2025-09-28-C03,synthetic-advertiser-001,naver,SYNTH-001,2025-09-28,C03,Generic Search High Intent,Naver,508911.16,66813,3815.0,195.9,5194486.91,5.709967,133.39742,5.134993,2597.810911,1020.706038,2025-09-28T23:59:59Z
naver-SYNTH-001-2025-09-28-C04,synthetic-advertiser-001,naver,SYNTH-001,2025-09-28,C04,Generic Search Mid Intent,Naver,498120.48,58972,2252.0,81.93,3137593.19,3.818761,221.190266,3.638099,6079.8301,629.886405,2025-09-28T23:59:59Z
naver-SYNTH-001-2025-09-28-C05,synthetic-advertiser-001,naver,SYNTH-001,2025-09-28,C05,Shopping Best Seller,Naver,660379.97,91005,4854.0,234.4,6950862.01,5.333773,136.048613,4.829007,2817.320686,1052.554944,2025-09-28T23:59:59Z
naver-SYNTH-001-2025-09-28-C06,synthetic-advertiser-001,naver,SYNTH-001,2025-09-28,C06,Shopping Long Tail,Naver,390557.05,41985,1666.0,86.46,3051967.57,3.968084,234.428,5.189676,4517.199259,781.439634,2025-09-28T23:59:59Z
naver-SYNTH-001-2025-09-28-C07,synthetic-advertiser-001,naver,SYNTH-001,2025-09-28,C07,Retargeting,Naver,259600.36,45245,4042.0,383.08,2990063.78,8.933584,64.22572,9.477486,677.666178,1151.794931,2025-09-28T23:59:59Z
naver-SYNTH-001-2025-09-28-C08,synthetic-advertiser-001,naver,SYNTH-001,2025-09-28,C08,Competitor,Naver,366265.06,37826,1351.0,37.76,2104600.51,3.571617,271.106635,2.794967,9699.816327,574.611317,2025-09-28T23:59:59Z
naver-SYNTH-001-2025-09-28-C09,synthetic-advertiser-001,naver,SYNTH-001,2025-09-28,C09,Prospecting,Naver,752211.0,76489,2276.0,59.73,5019042.73,2.975591,330.496923,2.624341,12593.520781,667.238681,2025-09-28T23:59:59Z
naver-SYNTH-001-2025-09-28-C10,synthetic-advertiser-001,naver,SYNTH-001,2025-09-28,C10,Seasonal,Naver,523865.5,65629,3136.0,176.87,5195419.26,4.778375,167.048949,5.639987,2961.867495,991.746778,2025-09-28T23:59:59Z
naver-SYNTH-001-2025-09-28-C11,synthetic-advertiser-001,naver,SYNTH-001,2025-09-28,C11,New Product Launch,Naver,571302.74,61253,1951.0,76.53,4505551.7,3.18515,292.825595,3.922604,7465.082133,788.645218,2025-09-28T23:59:59Z
naver-SYNTH-001-2025-09-28-C12,synthetic-advertiser-001,naver,SYNTH-001,2025-09-28,C12,Low Efficiency Legacy,Naver,252739.75,22446,539.0,12.74,585696.45,2.401319,468.904922,2.363636,19838.285155,231.738949,2025-09-28T23:59:59Z
naver-SYNTH-001-2025-09-29-C01,synthetic-advertiser-001,naver,SYNTH-001,2025-09-29,C01,Brand Search Core,Naver,537950.4,76580,5534.0,473.21,3651350.49,7.22643,97.208239,8.550958,1136.811131,678.752265,2025-09-29T23:59:59Z
naver-SYNTH-001-2025-09-29-C02,synthetic-advertiser-001,naver,SYNTH-001,2025-09-29,C02,Brand Search Expansion,Naver,314749.45,43683,2971.0,196.3,2027715.54,6.801273,105.940574,6.607203,1603.410319,644.231647,2025-09-29T23:59:59Z
naver-SYNTH-001-2025-09-29-C03,synthetic-advertiser-001,naver,SYNTH-001,2025-09-29,C03,Generic Search High Intent,Naver,649191.54,76980,3549.0,220.96,4532809.44,4.610288,182.922384,6.225979,2938.050061,698.223737,2025-09-29T23:59:59Z
naver-SYNTH-001-2025-09-29-C04,synthetic-advertiser-001,naver,SYNTH-001,2025-09-29,C04,Generic Search Mid Intent,Naver,462423.13,51456,1355.0,61.35,3080406.77,2.633318,341.271682,4.527675,7537.459323,666.144613,2025-09-29T23:59:59Z
naver-SYNTH-001-2025-09-29-C05,synthetic-advertiser-001,naver,SYNTH-001,2025-09-29,C05,Shopping Best Seller,Naver,914491.52,109757,6748.0,459.66,6792773.54,6.148127,135.52038,6.811796,1989.495549,742.7924,2025-09-29T23:59:59Z
naver-SYNTH-001-2025-09-29-C06,synthetic-advertiser-001,naver,SYNTH-001,2025-09-29,C06,Shopping Long Tail,Naver,436910.12,51701,2234.0,106.13,2834767.13,4.321,195.573017,4.750671,4116.744747,648.821577,2025-09-29T23:59:59Z
naver-SYNTH-001-2025-09-29-C07,synthetic-advertiser-001,naver,SYNTH-001,2025-09-29,C07,Retargeting,Naver,295340.43,48765,4366.0,494.9,3002913.77,8.953143,67.64554,11.335318,596.76789,1016.76353,2025-09-29T23:59:59Z
naver-SYNTH-001-2025-09-29-C08,synthetic-advertiser-001,naver,SYNTH-001,2025-09-29,C08,Competitor,Naver,440525.0,44790,1397.0,51.8,2515833.47,3.119,315.336439,3.707946,8504.343721,571.098903,2025-09-29T23:59:59Z
naver-SYNTH-001-2025-09-29-C09,synthetic-advertiser-001,naver,SYNTH-001,2025-09-29,C09,Prospecting,Naver,876405.06,95348,2468.0,82.8,4444504.5,2.588413,355.107398,3.354943,10584.602163,507.129032,2025-09-29T23:59:59Z
naver-SYNTH-001-2025-09-29-C10,synthetic-advertiser-001,naver,SYNTH-001,2025-09-29,C10,Seasonal,Naver,734236.94,87327,4034.0,218.67,4572522.68,4.619419,182.012132,5.420674,3357.739693,622.758463,2025-09-29T23:59:59Z
naver-SYNTH-001-2025-09-29-C11,synthetic-advertiser-001,naver,SYNTH-001,2025-09-29,C11,New Product Launch,Naver,762102.5,81471,2952.0,142.47,4250958.64,3.623375,258.164805,4.82622,5349.213895,557.793554,2025-09-29T23:59:59Z
naver-SYNTH-001-2025-09-29-C12,synthetic-advertiser-001,naver,SYNTH-001,2025-09-29,C12,Low Efficiency Legacy,Naver,336029.25,30518,659.0,11.62,806121.02,2.159381,509.90781,1.763278,28918.179598,239.89609,2025-09-29T23:59:59Z
naver-SYNTH-001-2025-09-30-C01,synthetic-advertiser-001,naver,SYNTH-001,2025-09-30,C01,Brand Search Core,Naver,506357.51,86700,6663.0,539.6,4093010.3,7.685121,75.995424,8.098454,938.394204,808.324197,2025-09-30T23:59:59Z
naver-SYNTH-001-2025-09-30-C02,synthetic-advertiser-001,naver,SYNTH-001,2025-09-30,C02,Brand Search Expansion,Naver,299291.82,38977,2491.0,167.17,2299071.28,6.390949,120.149265,6.710959,1790.344079,768.170436,2025-09-30T23:59:59Z
naver-SYNTH-001-2025-09-30-C03,synthetic-advertiser-001,naver,SYNTH-001,2025-09-30,C03,Generic Search High Intent,Naver,717504.6,88474,4331.0,275.64,5103426.75,4.895223,165.667191,6.36435,2603.049647,711.274425,2025-09-30T23:59:59Z
naver-SYNTH-001-2025-09-30-C04,synthetic-advertiser-001,naver,SYNTH-001,2025-09-30,C04,Generic Search Mid Intent,Naver,531769.39,59969,1622.0,62.9,2922243.08,2.704731,327.847956,3.877928,8454.20326,549.532026,2025-09-30T23:59:59Z
naver-SYNTH-001-2025-09-30-C05,synthetic-advertiser-001,naver,SYNTH-001,2025-09-30,C05,Shopping Best Seller,Naver,774488.36,102124,6500.0,447.16,6508804.1,6.364811,119.152055,6.879385,1732.016185,840.400509,2025-09-30T23:59:59Z
naver-SYNTH-001-2025-09-30-C06,synthetic-advertiser-001,naver,SYNTH-001,2025-09-30,C06,Shopping Long Tail,Naver,475911.66,51962,1795.0,80.19,2789265.03,3.454447,265.131843,4.467409,5934.800568,586.088822,2025-09-30T23:59:59Z
naver-SYNTH-001-2025-09-30-C07,synthetic-advertiser-001,naver,SYNTH-001,2025-09-30,C07,Retargeting,Naver,334200.8,55166,4936.0,496.0,3520988.21,8.94754,67.706808,10.048622,673.791945,1053.554679,2025-09-30T23:59:59Z
naver-SYNTH-001-2025-09-30-C08,synthetic-advertiser-001,naver,SYNTH-001,2025-09-30,C08,Competitor,Naver,420247.89,42879,1431.0,53.14,2696123.24,3.337298,293.674277,3.713487,7908.315588,641.555449,2025-09-30T23:59:59Z
naver-SYNTH-001-2025-09-30-C09,synthetic-advertiser-001,naver,SYNTH-001,2025-09-30,C09,Prospecting,Naver,790376.51,79520,1970.0,41.01,5747925.98,2.477364,401.206349,2.081726,19272.775131,727.23897,2025-09-30T23:59:59Z
naver-SYNTH-001-2025-09-30-C10,synthetic-advertiser-001,naver,SYNTH-001,2025-09-30,C10,Seasonal,Naver,598435.84,73478,2355.0,119.0,6240501.93,3.205041,254.112885,5.053079,5028.872636,1042.802164,2025-09-30T23:59:59Z
naver-SYNTH-001-2025-09-30-C11,synthetic-advertiser-001,naver,SYNTH-001,2025-09-30,C11,New Product Launch,Naver,680279.97,75023,2662.0,101.58,4067072.93,3.548245,255.552206,3.815928,6696.987312,597.85281,2025-09-30T23:59:59Z
naver-SYNTH-001-2025-09-30-C12,synthetic-advertiser-001,naver,SYNTH-001,2025-09-30,C12,Low Efficiency Legacy,Naver,291127.03,28407,686.0,12.57,685561.89,2.414898,424.38342,1.832362,23160.46348,235.485486,2025-09-30T23:59:59Z
naver-SYNTH-001-2025-10-01-C01,synthetic-advertiser-001,naver,SYNTH-001,2025-10-01,C01,Brand Search Core,Naver,416844.34,67226,4802.0,414.46,3984412.9,7.14307,86.806401,8.630987,1005.752878,955.85151,2025-10-01T23:59:59Z
naver-SYNTH-001-2025-10-01-C02,synthetic-advertiser-001,naver,SYNTH-001,2025-10-01,C02,Brand Search Expansion,Naver,344030.94,47052,3176.0,238.74,2286741.98,6.749979,108.322083,7.517003,1441.027632,664.690797,2025-10-01T23:59:59Z
naver-SYNTH-001-2025-10-01-C03,synthetic-advertiser-001,naver,SYNTH-001,2025-10-01,C03,Generic Search High Intent,Naver,618093.7,79865,3362.0,188.33,5451741.25,4.209604,183.847027,5.601725,3281.97156,882.025042,2025-10-01T23:59:59Z
naver-SYNTH-001-2025-10-01-C04,synthetic-advertiser-001,naver,SYNTH-001,2025-10-01,C04,Generic Search Mid Intent,Naver,518364.95,65302,2740.0,117.69,3492623.15,4.19589,189.184289,4.295255,4404.49444,673.776872,2025-10-01T23:59:59Z
naver-SYNTH-001-2025-10-01-C05,synthetic-advertiser-001,naver,SYNTH-001,2025-10-01,C05,Shopping Best Seller,Naver,784292.75,100805,5250.0,327.75,6954500.71,5.208075,149.389095,6.242857,2392.96033,886.722557,2025-10-01T23:59:59Z
naver-SYNTH-001-2025-10-01-C06,synthetic-advertiser-001,naver,SYNTH-001,2025-10-01,C06,Shopping Long Tail,Naver,450382.39,49877,2130.0,93.08,2720732.23,4.270505,211.447131,4.369953,4838.659092,604.093833,2025-10-01T23:59:59Z
naver-SYNTH-001-2025-10-01-C07,synthetic-advertiser-001,naver,SYNTH-001,2025-10-01,C07,Retargeting,Naver,304657.3,47337,4077.0,430.09,3337767.0,8.612713,74.725853,10.549178,708.357098,1095.580821,2025-10-01T23:59:59Z
naver-SYNTH-001-2025-10-01-C08,synthetic-advertiser-001,naver,SYNTH-001,2025-10-01,C08,Competitor,Naver,507840.02,53157,1259.0,50.85,2815145.29,2.368456,403.367767,4.03892,9987.021014,554.337033,2025-10-01T23:59:59Z
naver-SYNTH-001-2025-10-01-C09,synthetic-advertiser-001,naver,SYNTH-001,2025-10-01,C09,Prospecting,Naver,755722.36,77649,1927.0,58.19,5827464.58,2.48168,392.17559,3.01972,12987.151792,771.111835,2025-10-01T23:59:59Z
naver-SYNTH-001-2025-10-01-C10,synthetic-advertiser-001,naver,SYNTH-001,2025-10-01,C10,Seasonal,Naver,647404.35,79189,3831.0,191.2,7847894.63,4.837793,168.990956,4.990864,3386.006034,1212.209121,2025-10-01T23:59:59Z
naver-SYNTH-001-2025-10-01-C11,synthetic-advertiser-001,naver,SYNTH-001,2025-10-01,C11,New Product Launch,Naver,698023.5,68193,2227.0,98.36,5135876.87,3.265731,313.436687,4.416704,7096.61957,735.774205,2025-10-01T23:59:59Z
naver-SYNTH-001-2025-10-01-C12,synthetic-advertiser-001,naver,SYNTH-001,2025-10-01,C12,Low Efficiency Legacy,Naver,319572.89,29537,675.0,14.1,647443.77,2.285269,473.441316,2.088889,22664.743851,202.59659,2025-10-01T23:59:59Z
naver-SYNTH-001-2025-10-02-C01,synthetic-advertiser-001,naver,SYNTH-001,2025-10-02,C01,Brand Search Core,Naver,502506.22,78392,5661.0,435.13,4078909.28,7.2214,88.766335,7.686451,1154.84159,811.71319,2025-10-02T23:59:59Z
naver-SYNTH-001-2025-10-02-C02,synthetic-advertiser-001,naver,SYNTH-001,2025-10-02,C02,Brand Search Expansion,Naver,304682.48,40172,2794.0,184.24,1942337.68,6.955093,109.048848,6.59413,1653.726014,637.495688,2025-10-02T23:59:59Z
naver-SYNTH-001-2025-10-02-C03,synthetic-advertiser-001,naver,SYNTH-001,2025-10-02,C03,Generic Search High Intent,Naver,589798.87,75352,4016.0,216.57,4324677.56,5.329653,146.862269,5.392679,2723.363678,733.246157,2025-10-02T23:59:59Z
naver-SYNTH-001-2025-10-02-C04,synthetic-advertiser-001,naver,SYNTH-001,2025-10-02,C04,Generic Search Mid Intent,Naver,487768.54,62443,2616.0,118.49,3742425.76,4.189421,186.455865,4.529434,4116.537612,767.254432,2025-10-02T23:59:59Z
naver-SYNTH-001-2025-10-02-C05,synthetic-advertiser-001,naver,SYNTH-001,2025-10-02,C05,Shopping Best Seller,Naver,875036.82,113216,5232.0,263.14,5803064.6,4.621255,167.247099,5.029434,3325.366044,663.179476,2025-10-02T23:59:59Z
naver-SYNTH-001-2025-10-02-C06,synthetic-advertiser-001,naver,SYNTH-001,2025-10-02,C06,Shopping Long Tail,Naver,483772.65,56527,2634.0,127.53,3260255.38,4.65972,183.664634,4.841686,3793.402696,673.923053,2025-10-02T23:59:59Z
naver-SYNTH-001-2025-10-02-C07,synthetic-advertiser-001,naver,SYNTH-001,2025-10-02,C07,Retargeting,Naver,319402.85,51308,4406.0,388.45,3579592.42,8.587355,72.492702,8.816387,822.249573,1120.714001,2025-10-02T23:59:59Z
naver-SYNTH-001-2025-10-02-C08,synthetic-advertiser-001,naver,SYNTH-001,2025-10-02,C08,Competitor,Naver,451819.81,49304,1486.0,46.27,2957559.37,3.013954,304.051014,3.113728,9764.854254,654.588252,2025-10-02T23:59:59Z
naver-SYNTH-001-2025-10-02-C09,synthetic-advertiser-001,naver,SYNTH-001,2025-10-02,C09,Prospecting,Naver,804360.5,88558,2605.0,61.37,4581146.12,2.941575,308.775623,2.355854,13106.737798,569.538923,2025-10-02T23:59:59Z
naver-SYNTH-001-2025-10-02-C10,synthetic-advertiser-001,naver,SYNTH-001,2025-10-02,C10,Seasonal,Naver,572881.92,80774,3752.0,221.67,4277845.55,4.645059,152.68708,5.908049,2584.390867,746.72378,2025-10-02T23:59:59Z
naver-SYNTH-001-2025-10-02-C11,synthetic-advertiser-001,naver,SYNTH-001,2025-10-02,C11,New Product Launch,Naver,642613.44,64210,2357.0,91.17,1799706.73,3.670768,272.640409,3.868053,7048.51864,280.060548,2025-10-02T23:59:59Z
naver-SYNTH-001-2025-10-02-C12,synthetic-advertiser-001,naver,SYNTH-001,2025-10-02,C12,Low Efficiency Legacy,Naver,284776.93,27183,665.0,16.03,793753.04,2.446382,428.235988,2.410526,17765.248405,278.727998,2025-10-02T23:59:59Z
naver-SYNTH-001-2025-10-03-C01,synthetic-advertiser-001,naver,SYNTH-001,2025-10-03,C01,Brand Search Core,Naver,494756.76,75534,5791.0,484.71,3581478.97,7.666746,85.435463,8.370057,1020.727371,723.886813,2025-10-03T23:59:59Z
naver-SYNTH-001-2025-10-03-C02,synthetic-advertiser-001,naver,SYNTH-001,2025-10-03,C02,Brand Search Expansion,Naver,343172.11,47960,2643.0,164.91,2096315.37,5.510842,129.841887,6.239501,2080.966022,610.864149,2025-10-03T23:59:59Z
naver-SYNTH-001-2025-10-03-C03,synthetic-advertiser-001,naver,SYNTH-001,2025-10-03,C03,Generic Search High Intent,Naver,582014.66,69350,3178.0,191.53,4157082.99,4.582552,183.138658,6.026746,3038.764975,714.257442,2025-10-03T23:59:59Z
naver-SYNTH-001-2025-10-03-C04,synthetic-advertiser-001,naver,SYNTH-001,2025-10-03,C04,Generic Search Mid Intent,Naver,590391.61,73281,2884.0,166.2,4197495.43,3.935536,204.712764,5.762829,3552.296092,710.968001,2025-10-03T23:59:59Z
naver-SYNTH-001-2025-10-03-C05,synthetic-advertiser-001,naver,SYNTH-001,2025-10-03,C05,Shopping Best Seller,Naver,879163.39,113630,7021.0,381.97,7246995.18,6.178826,125.219113,5.440393,2301.655605,824.30584,2025-10-03T23:59:59Z
naver-SYNTH-001-2025-10-03-C06,synthetic-advertiser-001,naver,SYNTH-001,2025-10-03,C06,Shopping Long Tail,Naver,461768.69,50247,1609.0,69.02,2333542.58,3.202181,286.991105,4.289621,6690.360581,505.348813,2025-10-03T23:59:59Z
naver-SYNTH-001-2025-10-03-C07,synthetic-advertiser-001,naver,SYNTH-001,2025-10-03,C07,Retargeting,Naver,324698.11,51237,4793.0,431.73,3090161.39,9.354568,67.744233,9.007511,752.086051,951.702917,2025-10-03T23:59:59Z
naver-SYNTH-001-2025-10-03-C08,synthetic-advertiser-001,naver,SYNTH-001,2025-10-03,C08,Competitor,Naver,402614.56,38459,1300.0,52.39,1988224.0,3.380223,309.70351,4.03,7684.950623,493.828138,2025-10-03T23:59:59Z
naver-SYNTH-001-2025-10-03-C09,synthetic-advertiser-001,naver,SYNTH-001,2025-10-03,C09,Prospecting,Naver,863271.21,83619,2045.0,53.18,6841577.85,2.445616,422.137509,2.600489,16233.004993,792.517787,2025-10-03T23:59:59Z
naver-SYNTH-001-2025-10-03-C10,synthetic-advertiser-001,naver,SYNTH-001,2025-10-03,C10,Seasonal,Naver,673211.58,81836,3501.0,207.62,6680916.6,4.278068,192.291225,5.930306,3242.517961,992.394785,2025-10-03T23:59:59Z
naver-SYNTH-001-2025-10-03-C11,synthetic-advertiser-001,naver,SYNTH-001,2025-10-03,C11,New Product Launch,Naver,696849.27,85173,2578.0,116.36,4615417.32,3.026781,270.306155,4.513576,5988.735544,662.326494,2025-10-03T23:59:59Z
naver-SYNTH-001-2025-10-03-C12,synthetic-advertiser-001,naver,SYNTH-001,2025-10-03,C12,Low Efficiency Legacy,Naver,323852.43,32769,850.0,16.27,970788.46,2.593915,381.002859,1.914118,19904.881999,299.762598,2025-10-03T23:59:59Z
naver-SYNTH-001-2025-10-04-C01,synthetic-advertiser-001,naver,SYNTH-001,2025-10-04,C01,Brand Search Core,Naver,435463.62,57757,4272.0,325.82,3929297.31,7.396506,101.934369,7.626873,1336.515941,902.325038,2025-10-04T23:59:59Z
naver-SYNTH-001-2025-10-04-C02,synthetic-advertiser-001,naver,SYNTH-001,2025-10-04,C02,Brand Search Expansion,Naver,276426.82,36854,2159.0,126.73,2015042.17,5.858251,128.034657,5.869847,2181.226418,728.960431,2025-10-04T23:59:59Z
naver-SYNTH-001-2025-10-04-C03,synthetic-advertiser-001,naver,SYNTH-001,2025-10-04,C03,Generic Search High Intent,Naver,493895.6,61583,3185.0,136.23,3915501.83,5.171882,155.069264,4.277237,3625.454044,792.779243,2025-10-04T23:59:59Z
naver-SYNTH-001-2025-10-04-C04,synthetic-advertiser-001,naver,SYNTH-001,2025-10-04,C04,Generic Search Mid Intent,Naver,444890.85,47569,1701.0,62.06,3724092.37,3.575858,261.546652,3.648442,7168.721474,837.08,2025-10-04T23:59:59Z
naver-SYNTH-001-2025-10-04-C05,synthetic-advertiser-001,naver,SYNTH-001,2025-10-04,C05,Shopping Best Seller,Naver,714295.7,100866,5648.0,351.67,6911854.51,5.599508,126.468786,6.226452,2031.153365,967.646098,2025-10-04T23:59:59Z
naver-SYNTH-001-2025-10-04-C06,synthetic-advertiser-001,naver,SYNTH-001,2025-10-04,C06,Shopping Long Tail,Naver,441944.58,46248,1574.0,78.31,2504858.2,3.40339,280.778006,4.975222,5643.526763,566.781064,2025-10-04T23:59:59Z
naver-SYNTH-001-2025-10-04-C07,synthetic-advertiser-001,naver,SYNTH-001,2025-10-04,C07,Retargeting,Naver,288565.54,47114,3776.0,401.2,3212644.21,8.014603,76.420959,10.625,719.256086,1113.315259,2025-10-04T23:59:59Z
naver-SYNTH-001-2025-10-04-C08,synthetic-advertiser-001,naver,SYNTH-001,2025-10-04,C08,Competitor,Naver,392135.44,41802,1338.0,36.2,3268180.25,3.200804,293.075811,2.705531,10832.470599,833.431501,2025-10-04T23:59:59Z
naver-SYNTH-001-2025-10-04-C09,synthetic-advertiser-001,naver,SYNTH-001,2025-10-04,C09,Prospecting,Naver,734671.31,71227,2121.0,52.62,6470444.34,2.977803,346.379684,2.480905,13961.826492,880.726422,2025-10-04T23:59:59Z
naver-SYNTH-001-2025-10-04-C10,synthetic-advertiser-001,naver,SYNTH-001,2025-10-04,C10,Seasonal,Naver,543027.75,70674,3099.0,104.61,5498680.18,4.384922,175.226766,3.375605,5190.973594,1012.59654,2025-10-04T23:59:59Z
naver-SYNTH-001-2025-10-04-C11,synthetic-advertiser-001,naver,SYNTH-001,2025-10-04,C11,New Product Launch,Naver,559298.35,67794,2532.0,80.92,5185444.89,3.734844,220.891922,3.195893,6911.744278,927.133955,2025-10-04T23:59:59Z
naver-SYNTH-001-2025-10-04-C12,synthetic-advertiser-001,naver,SYNTH-001,2025-10-04,C12,Low Efficiency Legacy,Naver,267565.94,25423,681.0,14.72,625645.69,2.678677,392.901523,2.161527,18177.033788,233.828602,2025-10-04T23:59:59Z
naver-SYNTH-001-2025-10-05-C01,synthetic-advertiser-001,naver,SYNTH-001,2025-10-05,C01,Brand Search Core,Naver,375643.86,59712,4656.0,411.1,3539711.35,7.797428,80.679523,8.829467,913.753002,942.305129,2025-10-05T23:59:59Z
naver-SYNTH-001-2025-10-05-C02,synthetic-advertiser-001,naver,SYNTH-001,2025-10-05,C02,Brand Search Expansion,Naver,301191.97,42701,2600.0,144.5,2096695.78,6.08885,115.843066,5.557692,2084.373511,696.132689,2025-10-05T23:59:59Z
naver-SYNTH-001-2025-10-05-C03,synthetic-advertiser-001,naver,SYNTH-001,2025-10-05,C03,Generic Search High Intent,Naver,482438.75,59762,3128.0,153.03,4839655.43,5.234095,154.232337,4.892263,3152.576299,1003.164738,2025-10-05T23:59:59Z
naver-SYNTH-001-2025-10-05-C04,synthetic-advertiser-001,naver,SYNTH-001,2025-10-05,C04,Generic Search Mid Intent,Naver,411075.42,48843,2066.0,88.76,2655004.01,4.229879,198.971643,4.296225,4631.313827,645.867866,2025-10-05T23:59:59Z
naver-SYNTH-001-2025-10-05-C05,synthetic-advertiser-001,naver,SYNTH-001,2025-10-05,C05,Shopping Best Seller,Naver,719848.81,97270,5040.0,330.35,5950650.33,5.181454,142.827146,6.554563,2179.048931,826.652793,2025-10-05T23:59:59Z
naver-SYNTH-001-2025-10-05-C06,synthetic-advertiser-001,naver,SYNTH-001,2025-10-05,C06,Shopping Long Tail,Naver,370472.88,38086,1319.0,49.78,2482045.45,3.463215,280.874059,3.774071,7442.203366,669.966836,2025-10-05T23:59:59Z
naver-SYNTH-001-2025-10-05-C07,synthetic-advertiser-001,naver,SYNTH-001,2025-10-05,C07,Retargeting,Naver,263855.24,41229,3333.0,306.25,3097402.24,8.084116,79.164489,9.188419,861.568134,1173.902112,2025-10-05T23:59:59Z
naver-SYNTH-001-2025-10-05-C08,synthetic-advertiser-001,naver,SYNTH-001,2025-10-05,C08,Competitor,Naver,419480.05,46332,1202.0,48.36,3965910.32,2.594319,348.985067,4.023295,8674.111875,945.434786,2025-10-05T23:59:59Z
naver-SYNTH-001-2025-10-05-C09,synthetic-advertiser-001,naver,SYNTH-001,2025-10-05,C09,Prospecting,Naver,767204.32,76665,2024.0,52.85,6416460.16,2.640057,379.05352,2.611166,14516.638111,836.343065,2025-10-05T23:59:59Z
naver-SYNTH-001-2025-10-05-C10,synthetic-advertiser-001,naver,SYNTH-001,2025-10-05,C10,Seasonal,Naver,534457.03,72562,4105.0,222.36,6579451.09,5.657231,130.196597,5.416809,2403.566428,1231.053333,2025-10-05T23:59:59Z
naver-SYNTH-001-2025-10-05-C11,synthetic-advertiser-001,naver,SYNTH-001,2025-10-05,C11,New Product Launch,Naver,626127.7,70056,2823.0,114.72,4111536.81,4.029633,221.795147,4.063762,5457.877432,656.661064,2025-10-05T23:59:59Z
naver-SYNTH-001-2025-10-05-C12,synthetic-advertiser-001,naver,SYNTH-001,2025-10-05,C12,Low Efficiency Legacy,Naver,284210.48,25650,487.0,11.73,771793.38,1.898635,583.594407,2.408624,24229.367091,271.55698,2025-10-05T23:59:59Z
naver-SYNTH-001-2025-10-06-C01,synthetic-advertiser-001,naver,SYNTH-001,2025-10-06,C01,Brand Search Core,Naver,446844.36,68436,4953.0,407.79,4011208.0,7.237419,90.21691,8.233192,1095.770755,897.674537,2025-10-06T23:59:59Z
naver-SYNTH-001-2025-10-06-C02,synthetic-advertiser-001,naver,SYNTH-001,2025-10-06,C02,Brand Search Expansion,Naver,343335.78,49714,3428.0,255.05,2318492.63,6.895442,100.156296,7.440198,1346.150882,675.284298,2025-10-06T23:59:59Z
naver-SYNTH-001-2025-10-06-C03,synthetic-advertiser-001,naver,SYNTH-001,2025-10-06,C03,Generic Search High Intent,Naver,574150.74,67529,2851.0,152.83,4895216.54,4.22189,201.385737,5.360575,3756.7934,852.601284,2025-10-06T23:59:59Z
naver-SYNTH-001-2025-10-06-C04,synthetic-advertiser-001,naver,SYNTH-001,2025-10-06,C04,Generic Search Mid Intent,Naver,535686.99,61738,2805.0,93.0,3214157.91,4.543393,190.975755,3.315508,5760.075203,600.00671,2025-10-06T23:59:59Z
naver-SYNTH-001-2025-10-06-C05,synthetic-advertiser-001,naver,SYNTH-001,2025-10-06,C05,Shopping Best Seller,Naver,902241.6,124536,7543.0,0.0,6786228.03,6.056883,119.613099,0.0,0,752.151972,2025-10-06T23:59:59Z
naver-SYNTH-001-2025-10-06-C06,synthetic-advertiser-001,naver,SYNTH-001,2025-10-06,C06,Shopping Long Tail,Naver,460670.08,47754,1985.0,89.0,2774680.35,4.15672,232.075609,4.483627,5176.068366,602.313985,2025-10-06T23:59:59Z
naver-SYNTH-001-2025-10-06-C07,synthetic-advertiser-001,naver,SYNTH-001,2025-10-06,C07,Retargeting,Naver,338511.41,63157,5414.0,434.15,3681373.43,8.572288,62.525195,8.019025,779.710714,1087.518283,2025-10-06T23:59:59Z
naver-SYNTH-001-2025-10-06-C08,synthetic-advertiser-001,naver,SYNTH-001,2025-10-06,C08,Competitor,Naver,406423.69,42900,1069.0,30.82,3511654.55,2.491841,380.190547,2.883068,13187.011511,864.037849,2025-10-06T23:59:59Z
naver-SYNTH-001-2025-10-06-C09,synthetic-advertiser-001,naver,SYNTH-001,2025-10-06,C09,Prospecting,Naver,855435.86,91914,2821.0,75.55,5699033.76,3.069173,303.23852,2.678128,11322.777828,666.214031,2025-10-06T23:59:59Z
naver-SYNTH-001-2025-10-06-C10,synthetic-advertiser-001,naver,SYNTH-001,2025-10-06,C10,Seasonal,Naver,661215.7,86035,3820.0,216.17,5685447.81,4.440053,173.093116,5.658901,3058.776447,859.847666,2025-10-06T23:59:59Z
naver-SYNTH-001-2025-10-06-C11,synthetic-advertiser-001,naver,SYNTH-001,2025-10-06,C11,New Product Launch,Naver,805220.16,96118,3577.0,129.29,4220800.71,3.721467,225.110471,3.614481,6228.015743,524.179715,2025-10-06T23:59:59Z
naver-SYNTH-001-2025-10-06-C12,synthetic-advertiser-001,naver,SYNTH-001,2025-10-06,C12,Low Efficiency Legacy,Naver,285985.12,27285,658.0,11.26,592611.02,2.411581,434.627836,1.711246,25398.322892,207.217433,2025-10-06T23:59:59Z
naver-SYNTH-001-2025-10-07-C01,synthetic-advertiser-001,naver,SYNTH-001,2025-10-07,C01,Brand Search Core,Naver,459700.81,73059,5585.0,452.53,3941765.99,7.644506,82.309903,8.102596,1015.846042,857.463357,2025-10-07T23:59:59Z
naver-SYNTH-001-2025-10-07-C02,synthetic-advertiser-001,naver,SYNTH-001,2025-10-07,C02,Brand Search Expansion,Naver,318093.74,46362,3157.0,186.92,2021122.42,6.809456,100.758232,5.920811,1701.764057,635.385795,2025-10-07T23:59:59Z
naver-SYNTH-001-2025-10-07-C03,synthetic-advertiser-001,naver,SYNTH-001,2025-10-07,C03,Generic Search High Intent,Naver,586846.14,75658,4267.0,214.83,5289180.82,5.639853,137.531319,5.034685,2731.676854,901.289192,2025-10-07T23:59:59Z
naver-SYNTH-001-2025-10-07-C04,synthetic-advertiser-001,naver,SYNTH-001,2025-10-07,C04,Generic Search Mid Intent,Naver,515937.34,70916,3308.0,135.92,3547920.21,4.664674,155.966546,4.108827,3795.889753,687.664949,2025-10-07T23:59:59Z
naver-SYNTH-001-2025-10-07-C05,synthetic-advertiser-001,naver,SYNTH-001,2025-10-07,C05,Shopping Best Seller,Naver,658034.52,85288,4162.0,308.39,6167824.56,4.879936,158.105362,7.409659,2133.77385,937.310186,2025-10-07T23:59:59Z
naver-SYNTH-001-2025-10-07-C06,synthetic-advertiser-001,naver,SYNTH-001,2025-10-07,C06,Shopping Long Tail,Naver,495823.49,55744,2540.0,132.78,3167818.5,4.556544,195.206098,5.227559,3734.172989,638.90045,2025-10-07T23:59:59Z
naver-SYNTH-001-2025-10-07-C07,synthetic-advertiser-001,naver,SYNTH-001,2025-10-07,C07,Retargeting,Naver,332268.18,50072,4042.0,394.06,3348589.15,8.072376,82.203903,9.749134,843.19184,1007.797131,2025-10-07T23:59:59Z
naver-SYNTH-001-2025-10-07-C08,synthetic-advertiser-001,naver,SYNTH-001,2025-10-07,C08,Competitor,Naver,384954.71,41175,1215.0,52.0,2642060.15,2.95082,316.835153,4.279835,7402.9752,686.330126,2025-10-07T23:59:59Z
naver-SYNTH-001-2025-10-07-C09,synthetic-advertiser-001,naver,SYNTH-001,2025-10-07,C09,Prospecting,Naver,777946.76,74014,1651.0,35.76,6319965.55,2.230659,471.197312,2.16596,21754.663364,812.390495,2025-10-07T23:59:59Z
naver-SYNTH-001-2025-10-07-C10,synthetic-advertiser-001,naver,SYNTH-001,2025-10-07,C10,Seasonal,Naver,641176.05,83355,3286.0,193.58,5831615.02,3.942175,195.12357,5.891053,3312.201936,909.518534,2025-10-07T23:59:59Z
naver-SYNTH-001-2025-10-07-C11,synthetic-advertiser-001,naver,SYNTH-001,2025-10-07,C11,New Product Launch,Naver,660766.74,86162,3096.0,102.04,4241108.47,3.593231,213.42595,3.295866,6475.565864,641.846541,2025-10-07T23:59:59Z
naver-SYNTH-001-2025-10-07-C12,synthetic-advertiser-001,naver,SYNTH-001,2025-10-07,C12,Low Efficiency Legacy,Naver,347511.05,32541,870.0,18.78,901517.13,2.67355,399.437987,2.158621,18504.315699,259.421143,2025-10-07T23:59:59Z
naver-SYNTH-001-2025-10-08-C01,synthetic-advertiser-001,naver,SYNTH-001,2025-10-08,C01,Brand Search Core,Naver,477976.12,74016,5480.0,475.6,4432118.63,7.403805,87.221919,8.678832,1004.99604,927.267802,2025-10-08T23:59:59Z
naver-SYNTH-001-2025-10-08-C02,synthetic-advertiser-001,naver,SYNTH-001,2025-10-08,C02,Brand Search Expansion,Naver,323191.24,49566,3293.0,225.65,2257327.67,6.643667,98.144925,6.852414,1432.267847,698.449523,2025-10-08T23:59:59Z
naver-SYNTH-001-2025-10-08-C03,synthetic-advertiser-001,naver,SYNTH-001,2025-10-08,C03,Generic Search High Intent,Naver,501106.05,60196,2730.0,184.49,4144600.44,4.535185,183.555329,6.757875,2716.169158,827.090485,2025-10-08T23:59:59Z
naver-SYNTH-001-2025-10-08-C04,synthetic-advertiser-001,naver,SYNTH-001,2025-10-08,C04,Generic Search Mid Intent,Naver,561164.73,68289,2632.0,118.21,3268322.55,3.854208,213.208484,4.491261,4747.18493,582.41767,2025-10-08T23:59:59Z
naver-SYNTH-001-2025-10-08-C05,synthetic-advertiser-001,naver,SYNTH-001,2025-10-08,C05,Shopping Best Seller,Naver,752191.88,106610,6029.0,423.32,6174673.61,5.655192,124.762296,7.021397,1776.887181,820.890754,2025-10-08T23:59:59Z
naver-SYNTH-001-2025-10-08-C06,synthetic-advertiser-001,naver,SYNTH-001,2025-10-08,C06,Shopping Long Tail,Naver,496247.38,50976,1956.0,96.01,3352935.62,3.8371,253.705206,4.908487,5168.70517,675.658095,2025-10-08T23:59:59Z
naver-SYNTH-001-2025-10-08-C07,synthetic-advertiser-001,naver,SYNTH-001,2025-10-08,C07,Retargeting,Naver,296280.3,44681,3673.0,380.36,3593148.55,8.220496,80.664389,10.355568,778.947053,1212.753106,2025-10-08T23:59:59Z
naver-SYNTH-001-2025-10-08-C08,synthetic-advertiser-001,naver,SYNTH-001,2025-10-08,C08,Competitor,Naver,440808.15,49745,1840.0,68.8,2881515.57,3.698864,239.569648,3.73913,6407.095242,653.689264,2025-10-08T23:59:59Z
naver-SYNTH-001-2025-10-08-C09,synthetic-advertiser-001,naver,SYNTH-001,2025-10-08,C09,Prospecting,Naver,801905.59,81054,2194.0,55.74,4699009.59,2.706837,365.499356,2.540565,14386.537275,585.980403,2025-10-08T23:59:59Z
naver-SYNTH-001-2025-10-08-C10,synthetic-advertiser-001,naver,SYNTH-001,2025-10-08,C10,Seasonal,Naver,593804.79,80109,4231.0,168.42,6656853.5,5.281554,140.346204,3.980619,3525.737969,1121.050828,2025-10-08T23:59:59Z
naver-SYNTH-001-2025-10-08-C11,synthetic-advertiser-001,naver,SYNTH-001,2025-10-08,C11,New Product Launch,Naver,768505.91,80642,3713.0,164.49,4958281.53,4.6043,206.977084,4.43011,4672.052486,645.184564,2025-10-08T23:59:59Z
naver-SYNTH-001-2025-10-08-C12,synthetic-advertiser-001,naver,SYNTH-001,2025-10-08,C12,Low Efficiency Legacy,Naver,321949.19,31797,676.0,12.83,691811.24,2.125987,476.256197,1.897929,25093.467593,214.88212,2025-10-08T23:59:59Z
naver-SYNTH-001-2025-10-09-C01,synthetic-advertiser-001,naver,SYNTH-001,2025-10-09,C01,Brand Search Core,Naver,488916.18,74565,5615.0,442.46,4282151.63,7.530343,87.073228,7.879964,1104.995201,875.845765,2025-10-09T23:59:59Z
naver-SYNTH-001-2025-10-09-C02,synthetic-advertiser-001,naver,SYNTH-001,2025-10-09,C02,Brand Search Expansion,Naver,357968.01,53986,3223.0,190.52,2273281.11,5.970066,111.066711,5.911263,1878.899906,635.05147,2025-10-09T23:59:59Z
naver-SYNTH-001-2025-10-09-C03,synthetic-advertiser-001,naver,SYNTH-001,2025-10-09,C03,Generic Search High Intent,Naver,628025.13,89057,4299.0,226.89,4598504.37,4.827245,146.086329,5.277739,2767.971827,732.216621,2025-10-09T23:59:59Z
naver-SYNTH-001-2025-10-09-C04,synthetic-advertiser-001,naver,SYNTH-001,2025-10-09,C04,Generic Search Mid Intent,Naver,529558.55,64812,1993.0,70.79,3278485.09,3.075048,265.709255,3.551932,7480.697066,619.09776,2025-10-09T23:59:59Z
naver-SYNTH-001-2025-10-09-C05,synthetic-advertiser-001,naver,SYNTH-001,2025-10-09,C05,Shopping Best Seller,Naver,739179.54,101291,5344.0,370.27,7254973.27,5.275888,138.319525,6.928705,1996.325769,981.489997,2025-10-09T23:59:59Z
naver-SYNTH-001-2025-10-09-C06,synthetic-advertiser-001,naver,SYNTH-001,2025-10-09,C06,Shopping Long Tail,Naver,460455.65,50739,2060.0,108.3,2757689.41,4.059993,223.522162,5.257282,4251.668082,598.904453,2025-10-09T23:59:59Z
naver-SYNTH-001-2025-10-09-C07,synthetic-advertiser-001,naver,SYNTH-001,2025-10-09,C07,Retargeting,Naver,294422.54,52285,4420.0,376.61,3501172.1,8.453667,66.611434,8.520588,781.770362,1189.165798,2025-10-09T23:59:59Z
naver-SYNTH-001-2025-10-09-C08,synthetic-advertiser-001,naver,SYNTH-001,2025-10-09,C08,Competitor,Naver,403640.61,44299,1167.0,44.81,2588645.65,2.634371,345.87884,3.83976,9007.824291,641.324388,2025-10-09T23:59:59Z
naver-SYNTH-001-2025-10-09-C09,synthetic-advertiser-001,naver,SYNTH-001,2025-10-09,C09,Prospecting,Naver,717093.53,72831,1852.0,61.41,4399236.47,2.542873,387.199532,3.315875,11677.145946,613.481544,2025-10-09T23:59:59Z
naver-SYNTH-001-2025-10-09-C10,synthetic-advertiser-001,naver,SYNTH-001,2025-10-09,C10,Seasonal,Naver,674746.2,85331,3948.0,205.11,6142168.93,4.626689,170.908358,5.195289,3289.679665,910.293228,2025-10-09T23:59:59Z
naver-SYNTH-001-2025-10-09-C11,synthetic-advertiser-001,naver,SYNTH-001,2025-10-09,C11,New Product Launch,Naver,685111.83,79248,3279.0,0.0,7384637.87,4.137644,208.939259,0.0,0,1077.873357,2025-10-09T23:59:59Z
naver-SYNTH-001-2025-10-09-C12,synthetic-advertiser-001,naver,SYNTH-001,2025-10-09,C12,Low Efficiency Legacy,Naver,340423.72,28865,605.0,9.74,905704.68,2.095964,562.683838,1.609917,34951.100841,266.052164,2025-10-09T23:59:59Z
naver-SYNTH-001-2025-10-10-C01,synthetic-advertiser-001,naver,SYNTH-001,2025-10-10,C01,Brand Search Core,Naver,510135.89,71751,5088.0,396.7,4239442.17,7.09119,100.262557,7.796777,1285.948799,831.041742,2025-10-10T23:59:59Z
naver-SYNTH-001-2025-10-10-C02,synthetic-advertiser-001,naver,SYNTH-001,2025-10-10,C02,Brand Search Expansion,Naver,302308.56,44413,2794.0,215.63,2377344.81,6.290951,108.199198,7.717609,1401.978204,786.39679,2025-10-10T23:59:59Z
naver-SYNTH-001-2025-10-10-C03,synthetic-advertiser-001,naver,SYNTH-001,2025-10-10,C03,Generic Search High Intent,Naver,549907.53,73960,2906.0,145.18,4304734.78,3.929151,189.231771,4.995871,3787.763655,782.810665,2025-10-10T23:59:59Z
naver-SYNTH-001-2025-10-10-C04,synthetic-advertiser-001,naver,SYNTH-001,2025-10-10,C04,Generic Search Mid Intent,Naver,564894.47,65324,2995.0,124.89,4134389.81,4.584839,188.612512,4.16995,4523.136138,731.887106,2025-10-10T23:59:59Z
naver-SYNTH-001-2025-10-10-C05,synthetic-advertiser-001,naver,SYNTH-001,2025-10-10,C05,Shopping Best Seller,Naver,814461.07,110255,6527.0,355.68,6033162.57,5.919913,124.783373,5.449364,2289.870318,740.755176,2025-10-10T23:59:59Z
naver-SYNTH-001-2025-10-10-C06,synthetic-advertiser-001,naver,SYNTH-001,2025-10-10,C06,Shopping Long Tail,Naver,455482.15,52651,1759.0,86.55,3109825.11,3.340867,258.943802,4.920409,5262.647576,682.754555,2025-10-10T23:59:59Z
naver-SYNTH-001-2025-10-10-C07,synthetic-advertiser-001,naver,SYNTH-001,2025-10-10,C07,Retargeting,Naver,349536.45,60774,5469.0,472.68,3806052.49,8.998914,63.912314,8.642896,739.477969,1088.885732,2025-10-10T23:59:59Z
naver-SYNTH-001-2025-10-10-C08,synthetic-advertiser-001,naver,SYNTH-001,2025-10-10,C08,Competitor,Naver,447864.43,44010,1535.0,65.14,2946306.59,3.487844,291.768356,4.243648,6875.413373,657.8568,2025-10-10T23:59:59Z
naver-SYNTH-001-2025-10-10-C09,synthetic-advertiser-001,naver,SYNTH-001,2025-10-10,C09,Prospecting,Naver,865796.95,94762,2339.0,70.81,7245242.22,2.468289,370.156885,3.027362,12227.043548,836.829258,2025-10-10T23:59:59Z
naver-SYNTH-001-2025-10-10-C10,synthetic-advertiser-001,naver,SYNTH-001,2025-10-10,C10,Seasonal,Naver,646427.83,85704,4106.0,199.31,6205703.62,4.790908,157.434933,4.854116,3243.328657,959.999445,2025-10-10T23:59:59Z
naver-SYNTH-001-2025-10-10-C11,synthetic-advertiser-001,naver,SYNTH-001,2025-10-10,C11,New Product Launch,Naver,702348.53,74360,2438.0,104.26,3615427.86,3.278644,288.083892,4.276456,6736.509959,514.762645,2025-10-10T23:59:59Z
naver-SYNTH-001-2025-10-10-C12,synthetic-advertiser-001,naver,SYNTH-001,2025-10-10,C12,Low Efficiency Legacy,Naver,320260.25,27515,756.0,12.72,777216.76,2.747592,423.624673,1.68254,25177.692808,242.682865,2025-10-10T23:59:59Z
naver-SYNTH-001-2025-10-11-C01,synthetic-advertiser-001,naver,SYNTH-001,2025-10-11,C01,Brand Search Core,Naver,437360.02,61641,4796.0,400.48,3887940.12,7.780536,91.192664,8.350292,1092.089532,888.956461,2025-10-11T23:59:59Z
naver-SYNTH-001-2025-10-11-C02,synthetic-advertiser-001,naver,SYNTH-001,2025-10-11,C02,Brand Search Expansion,Naver,323733.52,37334,2338.0,146.69,2183461.07,6.262388,138.466006,6.274166,2206.92292,674.462457,2025-10-11T23:59:59Z
naver-SYNTH-001-2025-10-11-C03,synthetic-advertiser-001,naver,SYNTH-001,2025-10-11,C03,Generic Search High Intent,Naver,514058.88,63522,3471.0,184.71,4527087.04,5.464249,148.101089,5.321521,2783.059279,880.655353,2025-10-11T23:59:59Z
naver-SYNTH-001-2025-10-11-C04,synthetic-advertiser-001,naver,SYNTH-001,2025-10-11,C04,Generic Search Mid Intent,Naver,511002.54,66809,2865.0,127.9,3425275.51,4.288344,178.360399,4.464223,3995.328725,670.304982,2025-10-11T23:59:59Z
naver-SYNTH-001-2025-10-11-C05,synthetic-advertiser-001,naver,SYNTH-001,2025-10-11,C05,Shopping Best Seller,Naver,737044.46,99911,5843.0,300.74,7029029.54,5.848205,126.141445,5.147014,2450.76964,953.677818,2025-10-11T23:59:59Z
naver-SYNTH-001-2025-10-11-C06,synthetic-advertiser-001,naver,SYNTH-001,2025-10-11,C06,Shopping Long Tail,Naver,397420.03,37552,1588.0,91.48,2741252.51,4.228803,250.264504,5.760705,4344.337909,689.762037,2025-10-11T23:59:59Z
naver-SYNTH-001-2025-10-11-C07,synthetic-advertiser-001,naver,SYNTH-001,2025-10-11,C07,Retargeting,Naver,261902.64,47215,4069.0,454.59,3385941.22,8.618024,64.365359,11.172032,576.129358,1292.824371,2025-10-11T23:59:59Z
naver-SYNTH-001-2025-10-11-C08,synthetic-advertiser-001,naver,SYNTH-001,2025-10-11,C08,Competitor,Naver,422429.65,45811,1644.0,50.69,2463631.28,3.588658,256.952341,3.083333,8333.589431,583.205106,2025-10-11T23:59:59Z
naver-SYNTH-001-2025-10-11-C09,synthetic-advertiser-001,naver,SYNTH-001,2025-10-11,C09,Prospecting,Naver,637878.21,60893,1470.0,48.11,4595860.14,2.414071,433.930757,3.272789,13258.7448,720.491789,2025-10-11T23:59:59Z
naver-SYNTH-001-2025-10-11-C10,synthetic-advertiser-001,naver,SYNTH-001,2025-10-11,C10,Seasonal,Naver,569960.02,61790,2978.0,130.12,7424652.23,4.81955,191.390201,4.369375,4380.264519,1302.661938,2025-10-11T23:59:59Z
naver-SYNTH-001-2025-10-11-C11,synthetic-advertiser-001,naver,SYNTH-001,2025-10-11,C11,New Product Launch,Naver,528317.72,56223,1739.0,61.06,4002109.83,3.09304,303.805476,3.511213,8652.435694,757.519509,2025-10-11T23:59:59Z
naver-SYNTH-001-2025-10-11-C12,synthetic-advertiser-001,naver,SYNTH-001,2025-10-11,C12,Low Efficiency Legacy,Naver,275716.59,26465,506.0,12.21,738741.2,1.911959,544.89445,2.413043,22581.211454,267.934981,2025-10-11T23:59:59Z
naver-SYNTH-001-2025-10-12-C01,synthetic-advertiser-001,naver,SYNTH-001,2025-10-12,C01,Brand Search Core,Naver,364228.34,55832,4233.0,339.06,3747631.03,7.581674,86.044965,8.009922,1074.229741,1028.923525,2025-10-12T23:59:59Z
naver-SYNTH-001-2025-10-12-C02,synthetic-advertiser-001,naver,SYNTH-001,2025-10-12,C02,Brand Search Expansion,Naver,268757.85,40006,2434.0,158.04,1860461.63,6.084087,110.418182,6.493016,1700.568556,692.244563,2025-10-12T23:59:59Z
naver-SYNTH-001-2025-10-12-C03,synthetic-advertiser-001,naver,SYNTH-001,2025-10-12,C03,Generic Search High Intent,Naver,539567.38,67185,2877.0,155.24,4925318.54,4.282206,187.545145,5.395899,3475.698166,912.827329,2025-10-12T23:59:59Z
naver-SYNTH-001-2025-10-12-C04,synthetic-advertiser-001,naver,SYNTH-001,2025-10-12,C04,Generic Search Mid Intent,Naver,509213.77,61248,2214.0,76.48,2538660.4,3.614812,229.997188,3.454381,6658.129882,498.545116,2025-10-12T23:59:59Z
naver-SYNTH-001-2025-10-12-C05,synthetic-advertiser-001,naver,SYNTH-001,2025-10-12,C05,Shopping Best Seller,Naver,812594.81,110556,6865.0,464.12,6099973.71,6.209523,118.367781,6.76067,1750.829127,750.678395,2025-10-12T23:59:59Z
naver-SYNTH-001-2025-10-12-C06,synthetic-advertiser-001,naver,SYNTH-001,2025-10-12,C06,Shopping Long Tail,Naver,338453.57,34836,1314.0,65.46,2079684.56,3.77196,257.575012,4.981735,5170.38751,614.46673,2025-10-12T23:59:59Z
naver-SYNTH-001-2025-10-12-C07,synthetic-advertiser-001,naver,SYNTH-001,2025-10-12,C07,Retargeting,Naver,242393.08,42631,3863.0,407.2,3223661.26,9.061481,62.747368,10.54103,595.267887,1329.931206,2025-10-12T23:59:59Z
naver-SYNTH-001-2025-10-12-C08,synthetic-advertiser-001,naver,SYNTH-001,2025-10-12,C08,Competitor,Naver,416265.81,44387,1340.0,51.57,2739362.2,3.018902,310.646128,3.848507,8071.859824,658.080036,2025-10-12T23:59:59Z
naver-SYNTH-001-2025-10-12-C09,synthetic-advertiser-001,naver,SYNTH-001,2025-10-12,C09,Prospecting,Naver,683515.05,68152,1966.0,71.52,4703008.45,2.884728,347.66788,3.637843,9556.977805,688.062163,2025-10-12T23:59:59Z
naver-SYNTH-001-2025-10-12-C10,synthetic-advertiser-001,naver,SYNTH-001,2025-10-12,C10,Seasonal,Naver,577852.43,78541,3270.0,135.68,6349637.46,4.163431,176.713281,4.149235,4258.935949,1098.833739,2025-10-12T23:59:59Z
naver-SYNTH-001-2025-10-12-C11,synthetic-advertiser-001,naver,SYNTH-001,2025-10-12,C11,New Product Launch,Naver,591107.46,66684,2031.0,71.59,5098121.6,3.045708,291.042573,3.524865,8256.84404,862.4695,2025-10-12T23:59:59Z
naver-SYNTH-001-2025-10-12-C12,synthetic-advertiser-001,naver,SYNTH-001,2025-10-12,C12,Low Efficiency Legacy,Naver,242077.79,23740,507.0,9.35,598620.7,2.135636,477.470993,1.844181,25890.673073,247.284432,2025-10-12T23:59:59Z
naver-SYNTH-001-2025-10-13-C01,synthetic-advertiser-001,naver,SYNTH-001,2025-10-13,C01,Brand Search Core,Naver,485913.51,71164,5608.0,458.58,4182302.74,7.880389,86.646488,8.177247,1059.604663,860.709301,2025-10-13T23:59:59Z
naver-SYNTH-001-2025-10-13-C02,synthetic-advertiser-001,naver,SYNTH-001,2025-10-13,C02,Brand Search Expansion,Naver,374082.13,50916,2896.0,192.44,2285762.63,5.6878,129.172005,6.645028,1943.889663,611.032301,2025-10-13T23:59:59Z
naver-SYNTH-001-2025-10-13-C03,synthetic-advertiser-001,naver,SYNTH-001,2025-10-13,C03,Generic Search High Intent,Naver,640405.47,85764,3787.0,205.42,4628517.59,4.415606,169.106278,5.424346,3117.541984,722.747973,2025-10-13T23:59:59Z
naver-SYNTH-001-2025-10-13-C04,synthetic-advertiser-001,naver,SYNTH-001,2025-10-13,C04,Generic Search Mid Intent,Naver,543793.35,58322,2293.0,114.32,3328276.2,3.931621,237.153663,4.985608,4756.764782,612.047977,2025-10-13T23:59:59Z
naver-SYNTH-001-2025-10-13-C05,synthetic-advertiser-001,naver,SYNTH-001,2025-10-13,C05,Shopping Best Seller,Naver,757527.17,108895,6443.0,364.06,6199643.75,5.916709,117.573673,5.650473,2080.775627,818.405459,2025-10-13T23:59:59Z
naver-SYNTH-001-2025-10-13-C06,synthetic-advertiser-001,naver,SYNTH-001,2025-10-13,C06,Shopping Long Tail,Naver,488500.93,47667,2018.0,104.77,2934468.26,4.233537,242.071821,5.191774,4662.603174,600.708832,2025-10-13T23:59:59Z
naver-SYNTH-001-2025-10-13-C07,synthetic-advertiser-001,naver,SYNTH-001,2025-10-13,C07,Retargeting,Naver,280281.54,49691,4424.0,445.6,3473623.03,8.903021,63.354778,10.072333,628.998061,1239.333523,2025-10-13T23:59:59Z
naver-SYNTH-001-2025-10-13-C08,synthetic-advertiser-001,naver,SYNTH-001,2025-10-13,C08,Competitor,Naver,396867.06,42350,1295.0,41.73,3023322.43,3.057851,306.461052,3.222394,9510.353762,761.797266,2025-10-13T23:59:59Z
naver-SYNTH-001-2025-10-13-C09,synthetic-advertiser-001,naver,SYNTH-001,2025-10-13,C09,Prospecting,Naver,824147.06,77256,1588.0,35.65,8426546.16,2.055504,518.984297,2.244962,23117.729674,1022.456614,2025-10-13T23:59:59Z
naver-SYNTH-001-2025-10-13-C10,synthetic-advertiser-001,naver,SYNTH-001,2025-10-13,C10,Seasonal,Naver,533612.8,64463,2887.0,165.89,4660846.21,4.478538,184.832974,5.746103,3216.666442,873.450983,2025-10-13T23:59:59Z
naver-SYNTH-001-2025-10-13-C11,synthetic-advertiser-001,naver,SYNTH-001,2025-10-13,C11,New Product Launch,Naver,699139.06,81857,2787.0,126.63,5537095.21,3.404718,250.857216,4.543595,5521.117114,791.987678,2025-10-13T23:59:59Z
naver-SYNTH-001-2025-10-13-C12,synthetic-advertiser-001,naver,SYNTH-001,2025-10-13,C12,Low Efficiency Legacy,Naver,292113.45,23899,602.0,12.59,757797.51,2.518934,485.238292,2.091362,23202.021579,259.418904,2025-10-13T23:59:59Z
naver-SYNTH-001-2025-10-14-C01,synthetic-advertiser-001,naver,SYNTH-001,2025-10-14,C01,Brand Search Core,Naver,408933.37,56579,4389.0,340.78,3989331.74,7.757295,93.172332,7.764411,1199.992273,975.545667,2025-10-14T23:59:59Z
naver-SYNTH-001-2025-10-14-C02,synthetic-advertiser-001,naver,SYNTH-001,2025-10-14,C02,Brand Search Expansion,Naver,339624.7,50153,2991.0,197.43,2239752.17,5.963751,113.548881,6.600802,1720.228452,659.47858,2025-10-14T23:59:59Z
naver-SYNTH-001-2025-10-14-C03,synthetic-advertiser-001,naver,SYNTH-001,2025-10-14,C03,Generic Search High Intent,Naver,554174.49,69326,3019.0,192.41,4978724.9,4.354788,183.562268,6.373302,2880.175078,898.403845,2025-10-14T23:59:59Z
naver-SYNTH-001-2025-10-14-C04,synthetic-advertiser-001,naver,SYNTH-001,2025-10-14,C04,Generic Search Mid Intent,Naver,550991.59,62902,2961.0,152.6,4003160.07,4.707323,186.082941,5.153664,3610.691922,726.537422,2025-10-14T23:59:59Z
naver-SYNTH-001-2025-10-14-C05,synthetic-advertiser-001,naver,SYNTH-001,2025-10-14,C05,Shopping Best Seller,Naver,824965.73,111565,5817.0,344.18,6372564.55,5.214001,141.819792,5.916796,2396.901998,772.464155,2025-10-14T23:59:59Z
naver-SYNTH-001-2025-10-14-C06,synthetic-advertiser-001,naver,SYNTH-001,2025-10-14,C06,Shopping Long Tail,Naver,444667.94,47707,2020.0,102.6,2975842.43,4.234179,220.132645,5.079208,4333.995547,669.22801,2025-10-14T23:59:59Z
naver-SYNTH-001-2025-10-14-C07,synthetic-advertiser-001,naver,SYNTH-001,2025-10-14,C07,Retargeting,Naver,250486.2,44615,4373.0,444.97,3064539.06,9.801636,57.280173,10.175394,562.92828,1223.436302,2025-10-14T23:59:59Z
naver-SYNTH-001-2025-10-14-C08,synthetic-advertiser-001,naver,SYNTH-001,2025-10-14,C08,Competitor,Naver,372688.98,39853,1000.0,33.78,3102622.21,2.509221,372.688982,3.378,11032.829545,832.496359,2025-10-14T23:59:59Z
naver-SYNTH-001-2025-10-14-C09,synthetic-advertiser-001,naver,SYNTH-001,2025-10-14,C09,Prospecting,Naver,759981.0,75263,2524.0,64.24,7159961.77,3.353573,301.101823,2.545166,11830.339387,942.123784,2025-10-14T23:59:59Z
naver-SYNTH-001-2025-10-14-C10,synthetic-advertiser-001,naver,SYNTH-001,2025-10-14,C10,Seasonal,Naver,603431.63,84839,3783.0,212.48,5822515.56,4.459034,159.511402,5.616706,2839.945568,964.900617,2025-10-14T23:59:59Z
naver-SYNTH-001-2025-10-14-C11,synthetic-advertiser-001,naver,SYNTH-001,2025-10-14,C11,New Product Launch,Naver,694773.18,66019,2212.0,105.85,4414638.71,3.350551,314.092758,4.785262,6563.752293,635.407186,2025-10-14T23:59:59Z
naver-SYNTH-001-2025-10-14-C12,synthetic-advertiser-001,naver,SYNTH-001,2025-10-14,C12,Low Efficiency Legacy,Naver,308401.16,26153,532.0,13.14,838577.61,2.034183,579.70142,2.469925,23470.407574,271.911306,2025-10-14T23:59:59Z
naver-SYNTH-001-2025-10-15-C01,synthetic-advertiser-001,naver,SYNTH-001,2025-10-15,C01,Brand Search Core,Naver,478430.17,82517,6196.0,424.32,4486627.68,7.508756,77.215973,6.848289,1127.522086,937.781091,2025-10-15T23:59:59Z
naver-SYNTH-001-2025-10-15-C02,synthetic-advertiser-001,naver,SYNTH-001,2025-10-15,C02,Brand Search Expansion,Naver,323407.78,45664,2990.0,195.13,2099173.47,6.547828,108.163137,6.526087,1657.396508,649.079459,2025-10-15T23:59:59Z
naver-SYNTH-001-2025-10-15-C03,synthetic-advertiser-001,naver,SYNTH-001,2025-10-15,C03,Generic Search High Intent,Naver,590523.08,69735,3052.0,179.64,4768443.88,4.376568,193.487247,5.885976,3287.258279,807.494925,2025-10-15T23:59:59Z
naver-SYNTH-001-2025-10-15-C04,synthetic-advertiser-001,naver,SYNTH-001,2025-10-15,C04,Generic Search Mid Intent,Naver,565849.34,67691,2703.0,127.61,3778564.45,3.993145,209.341229,4.721051,4434.208456,667.768641,2025-10-15T23:59:59Z
naver-SYNTH-001-2025-10-15-C05,synthetic-advertiser-001,naver,SYNTH-001,2025-10-15,C05,Shopping Best Seller,Naver,872638.34,122570,5502.0,354.38,5920075.03,4.488864,158.603843,6.440931,2462.436769,678.411061,2025-10-15T23:59:59Z
naver-SYNTH-001-2025-10-15-C06,synthetic-advertiser-001,naver,SYNTH-001,2025-10-15,C06,Shopping Long Tail,Naver,517492.41,52514,1516.0,49.92,3100700.85,2.886849,341.353835,3.292876,10366.434586,599.178029,2025-10-15T23:59:59Z
naver-SYNTH-001-2025-10-15-C07,synthetic-advertiser-001,naver,SYNTH-001,2025-10-15,C07,Retargeting,Naver,335305.52,59194,4931.0,503.68,3623443.26,8.330236,67.999497,10.214561,665.711402,1080.639312,2025-10-15T23:59:59Z
naver-SYNTH-001-2025-10-15-C08,synthetic-advertiser-001,naver,SYNTH-001,2025-10-15,C08,Competitor,Naver,434350.3,45978,1518.0,57.08,2107399.54,3.301579,286.133266,3.760211,7609.500665,485.18432,2025-10-15T23:59:59Z
naver-SYNTH-001-2025-10-15-C09,synthetic-advertiser-001,naver,SYNTH-001,2025-10-15,C09,Prospecting,Naver,812717.64,84347,2238.0,72.63,4482606.14,2.653325,363.144609,3.245308,11189.833892,551.557632,2025-10-15T23:59:59Z
naver-SYNTH-001-2025-10-15-C10,synthetic-advertiser-001,naver,SYNTH-001,2025-10-15,C10,Seasonal,Naver,716207.77,86352,4708.0,0.0,8046764.44,5.452103,152.125696,0.0,0,1123.523749,2025-10-15T23:59:59Z
naver-SYNTH-001-2025-10-15-C11,synthetic-advertiser-001,naver,SYNTH-001,2025-10-15,C11,New Product Launch,Naver,738727.44,83826,3313.0,125.0,7302014.97,3.952234,222.978402,3.773015,5909.819558,988.458601,2025-10-15T23:59:59Z
naver-SYNTH-001-2025-10-15-C12,synthetic-advertiser-001,naver,SYNTH-001,2025-10-15,C12,Low Efficiency Legacy,Naver,336336.46,30112,618.0,8.71,738038.68,2.052338,544.233754,1.409385,38614.97817,219.434634,2025-10-15T23:59:59Z
naver-SYNTH-001-2025-10-16-C01,synthetic-advertiser-001,naver,SYNTH-001,2025-10-16,C01,Brand Search Core,Naver,526312.43,81694,5823.0,527.39,4446362.1,7.127818,90.385098,9.057015,997.956783,844.814194,2025-10-16T23:59:59Z
naver-SYNTH-001-2025-10-16-C02,synthetic-advertiser-001,naver,SYNTH-001,2025-10-16,C02,Brand Search Expansion,Naver,322712.03,47408,3141.0,222.81,2100122.51,6.625464,102.741811,7.093601,1448.373174,650.772929,2025-10-16T23:59:59Z
naver-SYNTH-001-2025-10-16-C03,synthetic-advertiser-001,naver,SYNTH-001,2025-10-16,C03,Generic Search High Intent,Naver,617901.71,82376,3331.0,176.44,5736666.14,4.043653,185.500363,5.296908,3502.050042,928.410789,2025-10-16T23:59:59Z
naver-SYNTH-001-2025-10-16-C04,synthetic-advertiser-001,naver,SYNTH-001,2025-10-16,C04,Generic Search Mid Intent,Naver,551593.13,72015,2504.0,108.54,3747540.4,3.477053,220.284798,4.334665,5081.934157,679.403018,2025-10-16T23:59:59Z
naver-SYNTH-001-2025-10-16-C05,synthetic-advertiser-001,naver,SYNTH-001,2025-10-16,C05,Shopping Best Seller,Naver,679388.09,105386,6646.0,405.77,6286384.14,6.306341,102.225112,6.105477,1674.318193,925.300899,2025-10-16T23:59:59Z
naver-SYNTH-001-2025-10-16-C06,synthetic-advertiser-001,naver,SYNTH-001,2025-10-16,C06,Shopping Long Tail,Naver,550092.89,65093,2246.0,98.11,3613721.53,3.450448,244.921144,4.36821,5606.899289,656.92933,2025-10-16T23:59:59Z
naver-SYNTH-001-2025-10-16-C07,synthetic-advertiser-001,naver,SYNTH-001,2025-10-16,C07,Retargeting,Naver,343777.5,56709,4915.0,486.63,3443578.92,8.667055,69.944557,9.900916,706.44534,1001.688289,2025-10-16T23:59:59Z
naver-SYNTH-001-2025-10-16-C08,synthetic-advertiser-001,naver,SYNTH-001,2025-10-16,C08,Competitor,Naver,495868.75,50033,1290.0,49.0,2484022.79,2.578298,384.394379,3.79845,10119.77038,500.943607,2025-10-16T23:59:59Z
naver-SYNTH-001-2025-10-16-C09,synthetic-advertiser-001,naver,SYNTH-001,2025-10-16,C09,Prospecting,Naver,745906.23,72397,2037.0,47.54,5666032.93,2.813652,366.178807,2.333824,15690.076373,759.617321,2025-10-16T23:59:59Z
naver-SYNTH-001-2025-10-16-C10,synthetic-advertiser-001,naver,SYNTH-001,2025-10-16,C10,Seasonal,Naver,615155.29,74690,3640.0,150.71,6522372.5,4.873477,168.998707,4.140385,4081.71516,1060.280646,2025-10-16T23:59:59Z
naver-SYNTH-001-2025-10-16-C11,synthetic-advertiser-001,naver,SYNTH-001,2025-10-16,C11,New Product Launch,Naver,644441.05,77444,2620.0,98.59,5485774.58,3.38309,245.969866,3.762977,6536.576223,851.245367,2025-10-16T23:59:59Z
naver-SYNTH-001-2025-10-16-C12,synthetic-advertiser-001,naver,SYNTH-001,2025-10-16,C12,Low Efficiency Legacy,Naver,312568.11,27210,489.0,10.88,852030.81,1.797133,639.198595,2.224949,28728.686835,272.590444,2025-10-16T23:59:59Z
naver-SYNTH-001-2025-10-17-C01,synthetic-advertiser-001,naver,SYNTH-001,2025-10-17,C01,Brand Search Core,Naver,455155.36,68611,5229.0,418.0,3867414.41,7.621227,87.044437,7.99388,1088.888428,849.691057,2025-10-17T23:59:59Z
naver-SYNTH-001-2025-10-17-C02,synthetic-advertiser-001,naver,SYNTH-001,2025-10-17,C02,Brand Search Expansion,Naver,337489.83,48674,2938.0,189.77,2362308.15,6.036077,114.870601,6.459156,1778.415067,699.964254,2025-10-17T23:59:59Z
naver-SYNTH-001-2025-10-17-C03,synthetic-advertiser-001,naver,SYNTH-001,2025-10-17,C03,Generic Search High Intent,Naver,563808.09,81461,3717.0,154.46,4788897.98,4.56292,151.683641,4.155502,3650.188359,849.384397,2025-10-17T23:59:59Z
naver-SYNTH-001-2025-10-17-C04,synthetic-advertiser-001,naver,SYNTH-001,2025-10-17,C04,Generic Search Mid Intent,Naver,506399.59,58717,2439.0,87.65,3395615.87,4.153823,207.625907,3.593686,5777.519532,670.540806,2025-10-17T23:59:59Z
naver-SYNTH-001-2025-10-17-C05,synthetic-advertiser-001,naver,SYNTH-001,2025-10-17,C05,Shopping Best Seller,Naver,959883.35,113793,7008.0,351.98,6255887.34,6.158551,136.969656,5.022546,2727.096278,651.734126,2025-10-17T23:59:59Z
naver-SYNTH-001-2025-10-17-C06,synthetic-advertiser-001,naver,SYNTH-001,2025-10-17,C06,Shopping Long Tail,Naver,459856.1,47655,1778.0,108.87,2983229.53,3.730983,258.636729,6.123172,4223.901022,648.731092,2025-10-17T23:59:59Z
naver-SYNTH-001-2025-10-17-C07,synthetic-advertiser-001,naver,SYNTH-001,2025-10-17,C07,Retargeting,Naver,307510.98,50193,4776.0,488.35,3670823.68,9.515271,64.38672,10.225084,629.693817,1193.721192,2025-10-17T23:59:59Z
naver-SYNTH-001-2025-10-17-C08,synthetic-advertiser-001,naver,SYNTH-001,2025-10-17,C08,Competitor,Naver,404641.34,40340,1446.0,54.11,2823815.51,3.584531,279.834954,3.742047,7478.124984,697.8564,2025-10-17T23:59:59Z
naver-SYNTH-001-2025-10-17-C09,synthetic-advertiser-001,naver,SYNTH-001,2025-10-17,C09,Prospecting,Naver,773670.8,76758,2394.0,74.42,5526307.19,3.118893,323.170761,3.108605,10396.006484,714.296982,2025-10-17T23:59:59Z
naver-SYNTH-001-2025-10-17-C10,synthetic-advertiser-001,naver,SYNTH-001,2025-10-17,C10,Seasonal,Naver,657416.6,83490,4311.0,245.5,6154432.82,5.163493,152.497472,5.694734,2677.868024,936.154155,2025-10-17T23:59:59Z
naver-SYNTH-001-2025-10-17-C11,synthetic-advertiser-001,naver,SYNTH-001,2025-10-17,C11,New Product Launch,Naver,611747.32,75015,2910.0,112.07,3328448.4,3.879224,210.222446,3.851203,5458.617996,544.088759,2025-10-17T23:59:59Z
naver-SYNTH-001-2025-10-17-C12,synthetic-advertiser-001,naver,SYNTH-001,2025-10-17,C12,Low Efficiency Legacy,Naver,329193.35,28290,569.0,9.68,842787.94,2.011311,578.547194,1.70123,34007.577824,256.016088,2025-10-17T23:59:59Z
naver-SYNTH-001-2025-10-18-C01,synthetic-advertiser-001,naver,SYNTH-001,2025-10-18,C01,Brand Search Core,Naver,419168.81,71385,5302.0,396.22,3645233.98,7.427331,79.058622,7.473029,1057.919368,869.633875,2025-10-18T23:59:59Z
naver-SYNTH-001-2025-10-18-C02,synthetic-advertiser-001,naver,SYNTH-001,2025-10-18,C02,Brand Search Expansion,Naver,340391.98,49336,2925.0,201.82,2116529.05,5.928734,116.373326,6.899829,1686.611725,621.791696,2025-10-18T23:59:59Z
naver-SYNTH-001-2025-10-18-C03,synthetic-advertiser-001,naver,SYNTH-001,2025-10-18,C03,Generic Search High Intent,Naver,518585.64,65294,3516.0,0.0,4300728.08,5.384875,147.493073,0.0,0,829.318769,2025-10-18T23:59:59Z
naver-SYNTH-001-2025-10-18-C04,synthetic-advertiser-001,naver,SYNTH-001,2025-10-18,C04,Generic Search Mid Intent,Naver,473946.6,59910,2425.0,123.7,3189228.9,4.047738,195.441897,5.101031,3831.41956,672.908911,2025-10-18T23:59:59Z
naver-SYNTH-001-2025-10-18-C05,synthetic-advertiser-001,naver,SYNTH-001,2025-10-18,C05,Shopping Best Seller,Naver,751999.44,113159,5581.0,370.93,7201665.04,4.931998,134.742778,6.6463,2027.335195,957.668931,2025-10-18T23:59:59Z
naver-SYNTH-001-2025-10-18-C06,synthetic-advertiser-001,naver,SYNTH-001,2025-10-18,C06,Shopping Long Tail,Naver,451578.25,49573,1719.0,94.61,2889595.44,3.467613,262.698228,5.503781,4773.049935,639.888084,2025-10-18T23:59:59Z
naver-SYNTH-001-2025-10-18-C07,synthetic-advertiser-001,naver,SYNTH-001,2025-10-18,C07,Retargeting,Naver,225268.47,39878,3348.0,311.32,2973209.76,8.395607,67.28449,9.298686,723.591395,1319.851695,2025-10-18T23:59:59Z
naver-SYNTH-001-2025-10-18-C08,synthetic-advertiser-001,naver,SYNTH-001,2025-10-18,C08,Competitor,Naver,383826.47,39151,1154.0,30.65,1807160.93,2.947562,332.605259,2.655979,12522.886406,470.827595,2025-10-18T23:59:59Z
naver-SYNTH-001-2025-10-18-C09,synthetic-advertiser-001,naver,SYNTH-001,2025-10-18,C09,Prospecting,Naver,749081.5,75722,1755.0,56.66,8144333.67,2.317688,426.827064,3.22849,13220.640609,1087.24267,2025-10-18T23:59:59Z
naver-SYNTH-001-2025-10-18-C10,synthetic-advertiser-001,naver,SYNTH-001,2025-10-18,C10,Seasonal,Naver,659699.45,85743,4624.0,246.51,9003389.41,5.39286,142.668565,5.331099,2676.156933,1364.771407,2025-10-18T23:59:59Z
naver-SYNTH-001-2025-10-18-C11,synthetic-advertiser-001,naver,SYNTH-001,2025-10-18,C11,New Product Launch,Naver,641057.29,69819,2304.0,73.47,4763623.53,3.299961,278.236669,3.188802,8725.429236,743.088587,2025-10-18T23:59:59Z
naver-SYNTH-001-2025-10-18-C12,synthetic-advertiser-001,naver,SYNTH-001,2025-10-18,C12,Low Efficiency Legacy,Naver,312734.3,30280,500.0,8.26,800997.13,1.651255,625.468593,1.652,37861.294977,256.127049,2025-10-18T23:59:59Z
naver-SYNTH-001-2025-10-19-C01,synthetic-advertiser-001,naver,SYNTH-001,2025-10-19,C01,Brand Search Core,Naver,435038.03,64927,5015.0,352.19,3855308.11,7.724059,86.747364,7.022732,1235.236746,886.200251,2025-10-19T23:59:59Z
naver-SYNTH-001-2025-10-19-C02,synthetic-advertiser-001,naver,SYNTH-001,2025-10-19,C02,Brand Search Expansion,Naver,284301.79,44528,2679.0,206.15,2096987.37,6.016439,106.122354,7.695035,1379.101554,737.592051,2025-10-19T23:59:59Z
naver-SYNTH-001-2025-10-19-C03,synthetic-advertiser-001,naver,SYNTH-001,2025-10-19,C03,Generic Search High Intent,Naver,567664.6,74270,3908.0,211.11,3811959.78,5.261882,145.257063,5.401996,2688.951744,671.516201,2025-10-19T23:59:59Z
naver-SYNTH-001-2025-10-19-C04,synthetic-advertiser-001,naver,SYNTH-001,2025-10-19,C04,Generic Search Mid Intent,Naver,499521.06,57406,2583.0,119.39,3679183.45,4.49953,193.387944,4.622145,4183.943877,736.542211,2025-10-19T23:59:59Z
naver-SYNTH-001-2025-10-19-C05,synthetic-advertiser-001,naver,SYNTH-001,2025-10-19,C05,Shopping Best Seller,Naver,653723.68,82291,4692.0,315.16,6937260.58,5.701717,139.327298,6.716965,2074.259681,1061.191567,2025-10-19T23:59:59Z
naver-SYNTH-001-2025-10-19-C06,synthetic-advertiser-001,naver,SYNTH-001,2025-10-19,C06,Shopping Long Tail,Naver,382281.26,44785,1715.0,67.34,2491461.95,3.829407,222.904525,3.926531,5676.882398,651.735308,2025-10-19T23:59:59Z
naver-SYNTH-001-2025-10-19-C07,synthetic-advertiser-001,naver,SYNTH-001,2025-10-19,C07,Retargeting,Naver,272895.18,44063,3610.0,337.4,3054844.59,8.192815,75.594234,9.34626,808.817973,1119.420486,2025-10-19T23:59:59Z
naver-SYNTH-001-2025-10-19-C08,synthetic-advertiser-001,naver,SYNTH-001,2025-10-19,C08,Competitor,Naver,397400.69,44363,1429.0,45.11,2418615.2,3.221153,278.097057,3.156753,8809.591997,608.6087,2025-10-19T23:59:59Z
naver-SYNTH-001-2025-10-19-C09,synthetic-advertiser-001,naver,SYNTH-001,2025-10-19,C09,Prospecting,Naver,706404.67,69084,2062.0,62.94,5733232.44,2.984772,342.582285,3.052376,11223.461593,811.607377,2025-10-19T23:59:59Z
naver-SYNTH-001-2025-10-19-C10,synthetic-advertiser-001,naver,SYNTH-001,2025-10-19,C10,Seasonal,Naver,556847.2,65927,2913.0,133.51,6622574.24,4.418524,191.159355,4.583248,4170.827657,1189.298292,2025-10-19T23:59:59Z
naver-SYNTH-001-2025-10-19-C11,synthetic-advertiser-001,naver,SYNTH-001,2025-10-19,C11,New Product Launch,Naver,590465.31,71098,2284.0,73.63,5772876.79,3.212467,258.522465,3.22373,8019.357727,977.682634,2025-10-19T23:59:59Z
naver-SYNTH-001-2025-10-19-C12,synthetic-advertiser-001,naver,SYNTH-001,2025-10-19,C12,Low Efficiency Legacy,Naver,271086.22,24429,667.0,9.49,651866.6,2.730361,406.426111,1.422789,28565.460069,240.464678,2025-10-19T23:59:59Z
naver-SYNTH-001-2025-10-20-C01,synthetic-advertiser-001,naver,SYNTH-001,2025-10-20,C01,Brand Search Core,Naver,459146.86,67162,4676.0,380.6,4072890.44,6.96227,98.192228,8.139435,1206.376396,887.056152,2025-10-20T23:59:59Z
naver-SYNTH-001-2025-10-20-C02,synthetic-advertiser-001,naver,SYNTH-001,2025-10-20,C02,Brand Search Expansion,Naver,318229.54,47269,3116.0,210.79,2134679.8,6.592058,102.127581,6.764763,1509.699427,670.798753,2025-10-20T23:59:59Z
naver-SYNTH-001-2025-10-20-C03,synthetic-advertiser-001,naver,SYNTH-001,2025-10-20,C03,Generic Search High Intent,Naver,690042.64,88916,2995.0,138.55,4795334.83,3.368348,230.39821,4.626043,4980.459322,694.933118,2025-10-20T23:59:59Z
naver-SYNTH-001-2025-10-20-C04,synthetic-advertiser-001,naver,SYNTH-001,2025-10-20,C04,Generic Search Mid Intent,Naver,496587.4,54238,1482.0,63.76,3131879.49,2.732402,335.079217,4.302294,7788.384551,630.680419,2025-10-20T23:59:59Z
naver-SYNTH-001-2025-10-20-C05,synthetic-advertiser-001,naver,SYNTH-001,2025-10-20,C05,Shopping Best Seller,Naver,759090.6,107652,5674.0,337.01,6429697.7,5.270687,133.784033,5.939549,2252.42753,847.026387,2025-10-20T23:59:59Z
naver-SYNTH-001-2025-10-20-C06,synthetic-advertiser-001,naver,SYNTH-001,2025-10-20,C06,Shopping Long Tail,Naver,471625.37,52845,1837.0,104.68,3440431.03,3.476204,256.736726,5.698421,4505.400902,729.483882,2025-10-20T23:59:59Z
naver-SYNTH-001-2025-10-20-C07,synthetic-advertiser-001,naver,SYNTH-001,2025-10-20,C07,Retargeting,Naver,297344.85,50186,4461.0,432.17,3442525.5,8.888933,66.654303,9.687738,688.027502,1157.75523,2025-10-20T23:59:59Z
naver-SYNTH-001-2025-10-20-C08,synthetic-advertiser-001,naver,SYNTH-001,2025-10-20,C08,Competitor,Naver,538158.89,53386,1569.0,51.39,4085253.88,2.938973,342.99483,3.275335,10472.054655,759.116679,2025-10-20T23:59:59Z
naver-SYNTH-001-2025-10-20-C09,synthetic-advertiser-001,naver,SYNTH-001,2025-10-20,C09,Prospecting,Naver,759518.18,77659,2080.0,53.86,8107235.86,2.678376,365.152969,2.589423,14101.711406,1067.418281,2025-10-20T23:59:59Z
naver-SYNTH-001-2025-10-20-C10,synthetic-advertiser-001,naver,SYNTH-001,2025-10-20,C10,Seasonal,Naver,591169.73,74253,3505.0,166.1,5833316.8,4.720348,168.664688,4.738944,3559.119401,986.741451,2025-10-20T23:59:59Z
naver-SYNTH-001-2025-10-20-C11,synthetic-advertiser-001,naver,SYNTH-001,2025-10-20,C11,New Product Launch,Naver,700225.67,81260,1888.0,85.25,5328578.08,2.323406,370.882239,4.51536,8213.79081,760.980115,2025-10-20T23:59:59Z
naver-SYNTH-001-2025-10-20-C12,synthetic-advertiser-001,naver,SYNTH-001,2025-10-20,C12,Low Efficiency Legacy,Naver,296943.31,28632,625.0,10.46,745671.07,2.182872,475.109299,1.6736,28388.461936,251.11563,2025-10-20T23:59:59Z
naver-SYNTH-001-2025-10-21-C01,synthetic-advertiser-001,naver,SYNTH-001,2025-10-21,C01,Brand Search Core,Naver,446339.7,72409,4629.0,379.04,4298667.24,6.392852,96.422488,8.188378,1177.553018,963.093195,2025-10-21T23:59:59Z
naver-SYNTH-001-2025-10-21-C02,synthetic-advertiser-001,naver,SYNTH-001,2025-10-21,C02,Brand Search Expansion,Naver,357990.44,51910,3118.0,227.06,2303351.82,6.00655,114.814125,7.282232,1576.633679,643.411538,2025-10-21T23:59:59Z
naver-SYNTH-001-2025-10-21-C03,synthetic-advertiser-001,naver,SYNTH-001,2025-10-21,C03,Generic Search High Intent,Naver,593330.39,77290,3887.0,205.08,4708791.87,5.029111,152.644813,5.276048,2893.165541,793.620545,2025-10-21T23:59:59Z
naver-SYNTH-001-2025-10-21-C04,synthetic-advertiser-001,naver,SYNTH-001,2025-10-21,C04,Generic Search Mid Intent,Naver,493836.63,57412,2618.0,96.83,2842991.28,4.560022,188.631257,3.698625,5100.037503,575.694693,2025-10-21T23:59:59Z
naver-SYNTH-001-2025-10-21-C05,synthetic-advertiser-001,naver,SYNTH-001,2025-10-21,C05,Shopping Best Seller,Naver,917692.62,121398,6813.0,440.03,7071939.16,5.612119,134.697287,6.458682,2085.522847,770.621777,2025-10-21T23:59:59Z
naver-SYNTH-001-2025-10-21-C06,synthetic-advertiser-001,naver,SYNTH-001,2025-10-21,C06,Shopping Long Tail,Naver,463960.93,53661,2117.0,105.63,3408346.39,3.945137,219.159625,4.989608,4392.321554,734.619276,2025-10-21T23:59:59Z
naver-SYNTH-001-2025-10-21-C07,synthetic-advertiser-001,naver,SYNTH-001,2025-10-21,C07,Retargeting,Naver,320349.68,54682,4903.0,427.24,3433650.15,8.966387,65.337483,8.713849,749.811996,1071.844423,2025-10-21T23:59:59Z
naver-SYNTH-001-2025-10-21-C08,synthetic-advertiser-001,naver,SYNTH-001,2025-10-21,C08,Competitor,Naver,431900.45,49096,1371.0,49.07,2293415.9,2.792488,315.025857,3.579139,8801.721007,531.005675,2025-10-21T23:59:59Z
naver-SYNTH-001-2025-10-21-C09,synthetic-advertiser-001,naver,SYNTH-001,2025-10-21,C09,Prospecting,Naver,843834.66,90930,2151.0,54.37,6623493.78,2.365556,392.298771,2.527662,15520.225423,784.927916,2025-10-21T23:59:59Z
naver-SYNTH-001-2025-10-21-C10,synthetic-advertiser-001,naver,SYNTH-001,2025-10-21,C10,Seasonal,Naver,743648.06,96069,4555.0,187.37,7206006.82,4.741384,163.259727,4.113502,3968.874733,969.007683,2025-10-21T23:59:59Z
naver-SYNTH-001-2025-10-21-C11,synthetic-advertiser-001,naver,SYNTH-001,2025-10-21,C11,New Product Launch,Naver,694541.2,72854,2672.0,121.03,3393999.39,3.667609,259.933086,4.529566,5738.587165,488.667824,2025-10-21T23:59:59Z
naver-SYNTH-001-2025-10-21-C12,synthetic-advertiser-001,naver,SYNTH-001,2025-10-21,C12,Low Efficiency Legacy,Naver,276200.72,26450,564.0,0.0,653064.92,2.132325,489.717582,0.0,0,236.445772,2025-10-21T23:59:59Z
naver-SYNTH-001-2025-10-22-C01,synthetic-advertiser-001,naver,SYNTH-001,2025-10-22,C01,Brand Search Core,Naver,424006.24,64315,5133.0,464.26,3701206.97,7.981031,82.603982,9.044613,913.29479,872.913327,2025-10-22T23:59:59Z
naver-SYNTH-001-2025-10-22-C02,synthetic-advertiser-001,naver,SYNTH-001,2025-10-22,C02,Brand Search Expansion,Naver,331503.74,45345,2992.0,204.99,2262744.78,6.598302,110.796703,6.85127,1617.170282,682.569918,2025-10-22T23:59:59Z
naver-SYNTH-001-2025-10-22-C03,synthetic-advertiser-001,naver,SYNTH-001,2025-10-22,C03,Generic Search High Intent,Naver,524617.03,65144,2630.0,139.75,4806551.82,4.03721,199.474157,5.313688,3753.96804,916.202012,2025-10-22T23:59:59Z
naver-SYNTH-001-2025-10-22-C04,synthetic-advertiser-001,naver,SYNTH-001,2025-10-22,C04,Generic Search Mid Intent,Naver,515569.84,57505,2235.0,117.57,3541021.31,3.886619,230.680019,5.260403,4385.215972,686.816997,2025-10-22T23:59:59Z
naver-SYNTH-001-2025-10-22-C05,synthetic-advertiser-001,naver,SYNTH-001,2025-10-22,C05,Shopping Best Seller,Naver,694925.44,88534,4567.0,291.37,6615838.78,5.15847,152.162346,6.379899,2385.027406,952.02139,2025-10-22T23:59:59Z
naver-SYNTH-001-2025-10-22-C06,synthetic-advertiser-001,naver,SYNTH-001,2025-10-22,C06,Shopping Long Tail,Naver,457708.42,48252,1966.0,97.57,2874199.36,4.074443,232.812015,4.962869,4691.077395,627.954223,2025-10-22T23:59:59Z
naver-SYNTH-001-2025-10-22-C07,synthetic-advertiser-001,naver,SYNTH-001,2025-10-22,C07,Retargeting,Naver,300909.91,47233,4328.0,377.82,3408097.93,9.163085,69.526319,8.729667,796.437218,1132.597439,2025-10-22T23:59:59Z
naver-SYNTH-001-2025-10-22-C08,synthetic-advertiser-001,naver,SYNTH-001,2025-10-22,C08,Competitor,Naver,455810.99,48951,1450.0,35.59,3118036.76,2.962146,314.352409,2.454483,12807.277117,684.063529,2025-10-22T23:59:59Z
naver-SYNTH-001-2025-10-22-C09,synthetic-advertiser-001,naver,SYNTH-001,2025-10-22,C09,Prospecting,Naver,892713.72,87854,2336.0,48.96,4378198.29,2.658957,382.154845,2.09589,18233.531821,490.43699,2025-10-22T23:59:59Z
naver-SYNTH-001-2025-10-22-C10,synthetic-advertiser-001,naver,SYNTH-001,2025-10-22,C10,Seasonal,Naver,606205.17,75194,3453.0,169.69,6362027.62,4.592122,175.558985,4.914277,3572.427217,1049.484216,2025-10-22T23:59:59Z
naver-SYNTH-001-2025-10-22-C11,synthetic-advertiser-001,naver,SYNTH-001,2025-10-22,C11,New Product Launch,Naver,675607.41,80749,3086.0,121.51,2677513.27,3.821719,218.926574,3.937459,5560.097177,396.312006,2025-10-22T23:59:59Z
naver-SYNTH-001-2025-10-22-C12,synthetic-advertiser-001,naver,SYNTH-001,2025-10-22,C12,Low Efficiency Legacy,Naver,349485.31,31731,711.0,14.73,848236.23,2.240711,491.540515,2.07173,23726.090046,242.710128,2025-10-22T23:59:59Z
naver-SYNTH-001-2025-10-23-C01,synthetic-advertiser-001,naver,SYNTH-001,2025-10-23,C01,Brand Search Core,Naver,445720.7,75217,5443.0,372.19,4145172.81,7.236396,81.888793,6.837957,1197.562271,929.993332,2025-10-23T23:59:59Z
naver-SYNTH-001-2025-10-23-C02,synthetic-advertiser-001,naver,SYNTH-001,2025-10-23,C02,Brand Search Expansion,Naver,381351.35,51648,2934.0,205.88,2326262.63,5.680762,129.976601,7.017042,1852.299141,610.005089,2025-10-23T23:59:59Z
naver-SYNTH-001-2025-10-23-C03,synthetic-advertiser-001,naver,SYNTH-001,2025-10-23,C03,Generic Search High Intent,Naver,584869.08,70459,3547.0,167.13,4598186.63,5.034133,164.891197,4.711869,3499.485887,786.190758,2025-10-23T23:59:59Z
naver-SYNTH-001-2025-10-23-C04,synthetic-advertiser-001,naver,SYNTH-001,2025-10-23,C04,Generic Search Mid Intent,Naver,587862.33,65412,2469.0,97.08,3656719.07,3.774537,238.097339,3.931956,6055.442202,622.036639,2025-10-23T23:59:59Z
naver-SYNTH-001-2025-10-23-C05,synthetic-advertiser-001,naver,SYNTH-001,2025-10-23,C05,Shopping Best Seller,Naver,840039.44,112923,7310.0,471.62,8251933.04,6.473438,114.916476,6.45171,1781.17857,982.326862,2025-10-23T23:59:59Z
naver-SYNTH-001-2025-10-23-C06,synthetic-advertiser-001,naver,SYNTH-001,2025-10-23,C06,Shopping Long Tail,Naver,453237.63,56032,2106.0,100.39,3412076.11,3.758567,215.212551,4.766857,4514.768727,752.822773,2025-10-23T23:59:59Z
naver-SYNTH-001-2025-10-23-C07,synthetic-advertiser-001,naver,SYNTH-001,2025-10-23,C07,Retargeting,Naver,292064.57,50838,4387.0,513.7,3358907.8,8.629372,66.575011,11.709597,568.550853,1150.056566,2025-10-23T23:59:59Z
naver-SYNTH-001-2025-10-23-C08,synthetic-advertiser-001,naver,SYNTH-001,2025-10-23,C08,Competitor,Naver,491835.25,51256,1719.0,59.96,2980863.0,3.353754,286.117075,3.488074,8202.722674,606.069409,2025-10-23T23:59:59Z
naver-SYNTH-001-2025-10-23-C09,synthetic-advertiser-001,naver,SYNTH-001,2025-10-23,C09,Prospecting,Naver,755403.52,78408,1829.0,57.74,5403618.56,2.33267,413.014499,3.156916,13082.845837,715.328751,2025-10-23T23:59:59Z
naver-SYNTH-001-2025-10-23-C10,synthetic-advertiser-001,naver,SYNTH-001,2025-10-23,C10,Seasonal,Naver,547785.85,69797,3196.0,167.3,6469586.25,4.578993,171.397326,5.234668,3274.272889,1181.042957,2025-10-23T23:59:59Z
naver-SYNTH-001-2025-10-23-C11,synthetic-advertiser-001,naver,SYNTH-001,2025-10-23,C11,New Product Launch,Naver,727582.07,90947,2855.0,112.9,4802518.03,3.139191,254.844859,3.954466,6444.48249,660.06547,2025-10-23T23:59:59Z
naver-SYNTH-001-2025-10-23-C12,synthetic-advertiser-001,naver,SYNTH-001,2025-10-23,C12,Low Efficiency Legacy,Naver,299179.35,27679,748.0,17.97,829393.66,2.70241,399.972397,2.402406,16648.82321,277.222892,2025-10-23T23:59:59Z
naver-SYNTH-001-2025-10-24-C01,synthetic-advertiser-001,naver,SYNTH-001,2025-10-24,C01,Brand Search Core,Naver,412961.81,67324,5810.0,503.49,3728808.34,8.629909,71.077764,8.665921,820.198637,902.942655,2025-10-24T23:59:59Z
naver-SYNTH-001-2025-10-24-C02,synthetic-advertiser-001,naver,SYNTH-001,2025-10-24,C02,Brand Search Expansion,Naver,421497.74,57003,3794.0,278.46,2602826.55,6.65579,111.095873,7.339483,1513.674281,617.518507,2025-10-24T23:59:59Z
naver-SYNTH-001-2025-10-24-C03,synthetic-advertiser-001,naver,SYNTH-001,2025-10-24,C03,Generic Search High Intent,Naver,649755.46,73367,3669.0,211.67,4311696.15,5.000886,177.093338,5.769147,3069.662473,663.587526,2025-10-24T23:59:59Z
naver-SYNTH-001-2025-10-24-C04,synthetic-advertiser-001,naver,SYNTH-001,2025-10-24,C04,Generic Search Mid Intent,Naver,644660.23,72365,2135.0,118.0,4171981.51,2.950321,301.948584,5.526932,5463.222268,647.159748,2025-10-24T23:59:59Z
naver-SYNTH-001-2025-10-24-C05,synthetic-advertiser-001,naver,SYNTH-001,2025-10-24,C05,Shopping Best Seller,Naver,913686.84,114476,4780.0,294.93,8176620.7,4.175548,191.147875,6.170084,3097.978645,894.904067,2025-10-24T23:59:59Z
naver-SYNTH-001-2025-10-24-C06,synthetic-advertiser-001,naver,SYNTH-001,2025-10-24,C06,Shopping Long Tail,Naver,444834.4,48291,1785.0,90.52,3119476.74,3.696341,249.206947,5.071148,4914.211224,701.266974,2025-10-24T23:59:59Z
naver-SYNTH-001-2025-10-24-C07,synthetic-advertiser-001,naver,SYNTH-001,2025-10-24,C07,Retargeting,Naver,300116.94,50416,4319.0,373.25,3216292.2,8.566725,69.487598,8.642047,804.064126,1071.679676,2025-10-24T23:59:59Z
naver-SYNTH-001-2025-10-24-C08,synthetic-advertiser-001,naver,SYNTH-001,2025-10-24,C08,Competitor,Naver,487788.59,52891,1934.0,60.92,2921022.44,3.656577,252.217473,3.149948,8007.035349,598.829591,2025-10-24T23:59:59Z
naver-SYNTH-001-2025-10-24-C09,synthetic-advertiser-001,naver,SYNTH-001,2025-10-24,C09,Prospecting,Naver,739193.18,75244,2026.0,50.19,5702990.52,2.692573,364.853497,2.477295,14727.89767,771.515572,2025-10-24T23:59:59Z
naver-SYNTH-001-2025-10-24-C10,synthetic-advertiser-001,naver,SYNTH-001,2025-10-24,C10,Seasonal,Naver,591796.82,77437,2573.0,155.69,5253510.12,3.322701,230.002652,6.050913,3801.122899,887.721919,2025-10-24T23:59:59Z
naver-SYNTH-001-2025-10-24-C11,synthetic-advertiser-001,naver,SYNTH-001,2025-10-24,C11,New Product Launch,Naver,709425.26,73469,2085.0,84.61,3583422.54,2.837932,340.251924,4.058034,8384.650297,505.116287,2025-10-24T23:59:59Z
naver-SYNTH-001-2025-10-24-C12,synthetic-advertiser-001,naver,SYNTH-001,2025-10-24,C12,Low Efficiency Legacy,Naver,324309.51,28987,723.0,15.06,811087.09,2.494222,448.560878,2.082988,21534.496341,250.096606,2025-10-24T23:59:59Z
naver-SYNTH-001-2025-10-25-C01,synthetic-advertiser-001,naver,SYNTH-001,2025-10-25,C01,Brand Search Core,Naver,386493.75,58471,4206.0,304.5,4164405.79,7.19331,91.891049,7.239658,1269.27341,1077.483338,2025-10-25T23:59:59Z
naver-SYNTH-001-2025-10-25-C02,synthetic-advertiser-001,naver,SYNTH-001,2025-10-25,C02,Brand Search Expansion,Naver,252395.11,32543,2016.0,136.68,2125507.74,6.194881,125.195989,6.779762,1846.613363,842.135058,2025-10-25T23:59:59Z
naver-SYNTH-001-2025-10-25-C03,synthetic-advertiser-001,naver,SYNTH-001,2025-10-25,C03,Generic Search High Intent,Naver,606197.52,75966,3574.0,122.21,4498709.77,4.704736,169.613185,3.419418,4960.293939,742.119458,2025-10-25T23:59:59Z
naver-SYNTH-001-2025-10-25-C04,synthetic-advertiser-001,naver,SYNTH-001,2025-10-25,C04,Generic Search Mid Intent,Naver,458517.15,55248,1972.0,77.95,3408764.12,3.56936,232.513769,3.95284,5882.195665,743.432194,2025-10-25T23:59:59Z
naver-SYNTH-001-2025-10-25-C05,synthetic-advertiser-001,naver,SYNTH-001,2025-10-25,C05,Shopping Best Seller,Naver,761802.6,113310,5679.0,308.24,4968278.9,5.011914,134.143793,5.427716,2471.45926,652.174052,2025-10-25T23:59:59Z
naver-SYNTH-001-2025-10-25-C06,synthetic-advertiser-001,naver,SYNTH-001,2025-10-25,C06,Shopping Long Tail,Naver,398456.9,44217,1928.0,79.29,2892413.78,4.360314,206.668518,4.112552,5025.310921,725.903794,2025-10-25T23:59:59Z
naver-SYNTH-001-2025-10-25-C07,synthetic-advertiser-001,naver,SYNTH-001,2025-10-25,C07,Retargeting,Naver,288078.68,48559,4153.0,368.08,3475709.25,8.552483,69.366405,8.862991,782.652363,1206.513868,2025-10-25T23:59:59Z
naver-SYNTH-001-2025-10-25-C08,synthetic-advertiser-001,naver,SYNTH-001,2025-10-25,C08,Competitor,Naver,444206.34,45181,1651.0,55.83,3455249.3,3.654191,269.052899,3.381587,7956.409392,777.84782,2025-10-25T23:59:59Z
naver-SYNTH-001-2025-10-25-C09,synthetic-advertiser-001,naver,SYNTH-001,2025-10-25,C09,Prospecting,Naver,735822.73,68416,2193.0,59.45,3646369.46,3.205391,335.532481,2.710898,12377.169567,495.549988,2025-10-25T23:59:59Z
naver-SYNTH-001-2025-10-25-C10,synthetic-advertiser-001,naver,SYNTH-001,2025-10-25,C10,Seasonal,Naver,548507.77,71047,3563.0,198.53,6482262.85,5.01499,153.945486,5.57199,2762.845741,1181.79965,2025-10-25T23:59:59Z
naver-SYNTH-001-2025-10-25-C11,synthetic-advertiser-001,naver,SYNTH-001,2025-10-25,C11,New Product Launch,Naver,617954.7,67861,2475.0,96.92,4827854.58,3.647161,249.678667,3.91596,6375.925522,781.263509,2025-10-25T23:59:59Z
naver-SYNTH-001-2025-10-25-C12,synthetic-advertiser-001,naver,SYNTH-001,2025-10-25,C12,Low Efficiency Legacy,Naver,302756.63,29307,627.0,14.22,698164.52,2.139421,482.865442,2.267943,21290.902402,230.602554,2025-10-25T23:59:59Z
naver-SYNTH-001-2025-10-26-C01,synthetic-advertiser-001,naver,SYNTH-001,2025-10-26,C01,Brand Search Core,Naver,452998.54,75574,5111.0,429.79,4220340.98,6.762908,88.632076,8.409118,1053.999723,931.645601,2025-10-26T23:59:59Z
naver-SYNTH-001-2025-10-26-C02,synthetic-advertiser-001,naver,SYNTH-001,2025-10-26,C02,Brand Search Expansion,Naver,288237.55,46748,2606.0,194.98,2056370.82,5.57457,110.605355,7.481965,1478.292924,713.42918,2025-10-26T23:59:59Z
naver-SYNTH-001-2025-10-26-C03,synthetic-advertiser-001,naver,SYNTH-001,2025-10-26,C03,Generic Search High Intent,Naver,560911.26,74342,3216.0,204.76,5853884.95,4.325953,174.412705,6.366915,2739.359544,1043.638338,2025-10-26T23:59:59Z
naver-SYNTH-001-2025-10-26-C04,synthetic-advertiser-001,naver,SYNTH-001,2025-10-26,C04,Generic Search Mid Intent,Naver,517240.37,57006,2031.0,87.85,3331318.31,3.562783,254.672757,4.325455,5887.767446,644.056131,2025-10-26T23:59:59Z
naver-SYNTH-001-2025-10-26-C05,synthetic-advertiser-001,naver,SYNTH-001,2025-10-26,C05,Shopping Best Seller,Naver,733879.05,97128,6822.0,367.34,6413320.42,7.023721,107.575352,5.384638,1997.819593,873.893379,2025-10-26T23:59:59Z
naver-SYNTH-001-2025-10-26-C06,synthetic-advertiser-001,naver,SYNTH-001,2025-10-26,C06,Shopping Long Tail,Naver,409121.97,43682,1429.0,70.36,2945633.11,3.27137,286.29949,4.923723,5814.695441,719.988981,2025-10-26T23:59:59Z
naver-SYNTH-001-2025-10-26-C07,synthetic-advertiser-001,naver,SYNTH-001,2025-10-26,C07,Retargeting,Naver,255074.26,41050,3501.0,354.42,3344168.13,8.528624,72.857544,10.123393,719.694884,1311.056678,2025-10-26T23:59:59Z
naver-SYNTH-001-2025-10-26-C08,synthetic-advertiser-001,naver,SYNTH-001,2025-10-26,C08,Competitor,Naver,381978.92,37099,1151.0,41.15,1864071.46,3.10251,331.867006,3.575152,9282.598395,488.003747,2025-10-26T23:59:59Z
naver-SYNTH-001-2025-10-26-C09,synthetic-advertiser-001,naver,SYNTH-001,2025-10-26,C09,Prospecting,Naver,683848.07,69912,1480.0,35.8,5250035.87,2.116947,462.059505,2.418919,19101.901327,767.719632,2025-10-26T23:59:59Z
naver-SYNTH-001-2025-10-26-C10,synthetic-advertiser-001,naver,SYNTH-001,2025-10-26,C10,Seasonal,Naver,538940.94,68383,2710.0,157.19,4846173.08,3.962973,198.871194,5.800369,3428.595563,899.203002,2025-10-26T23:59:59Z
naver-SYNTH-001-2025-10-26-C11,synthetic-advertiser-001,naver,SYNTH-001,2025-10-26,C11,New Product Launch,Naver,583512.12,65313,2209.0,99.57,4176069.63,3.382175,264.152161,4.507469,5860.320604,715.678299,2025-10-26T23:59:59Z
naver-SYNTH-001-2025-10-26-C12,synthetic-advertiser-001,naver,SYNTH-001,2025-10-26,C12,Low Efficiency Legacy,Naver,271157.66,30130,698.0,15.86,765463.48,2.316628,388.478029,2.272206,17096.952357,282.294612,2025-10-26T23:59:59Z
naver-SYNTH-001-2025-10-27-C01,synthetic-advertiser-001,naver,SYNTH-001,2025-10-27,C01,Brand Search Core,Naver,483199.62,64384,4454.0,371.65,3931206.36,6.917868,108.486668,8.344185,1300.146966,813.578116,2025-10-27T23:59:59Z
naver-SYNTH-001-2025-10-27-C02,synthetic-advertiser-001,naver,SYNTH-001,2025-10-27,C02,Brand Search Expansion,Naver,294291.45,41657,2317.0,136.99,2099245.56,5.56209,127.014005,5.912387,2148.26958,713.321966,2025-10-27T23:59:59Z
naver-SYNTH-001-2025-10-27-C03,synthetic-advertiser-001,naver,SYNTH-001,2025-10-27,C03,Generic Search High Intent,Naver,581188.5,81167,3844.0,260.22,5257139.74,4.735915,151.193679,6.769511,2233.450551,904.549853,2025-10-27T23:59:59Z
naver-SYNTH-001-2025-10-27-C04,synthetic-advertiser-001,naver,SYNTH-001,2025-10-27,C04,Generic Search Mid Intent,Naver,575842.6,68068,2813.0,77.39,3524039.65,4.132632,204.707642,2.751155,7440.788179,611.979673,2025-10-27T23:59:59Z
naver-SYNTH-001-2025-10-27-C05,synthetic-advertiser-001,naver,SYNTH-001,2025-10-27,C05,Shopping Best Seller,Naver,775625.64,107043,6539.0,412.33,5584904.97,6.10876,118.61533,6.305704,1881.079827,720.051613,2025-10-27T23:59:59Z
naver-SYNTH-001-2025-10-27-C06,synthetic-advertiser-001,naver,SYNTH-001,2025-10-27,C06,Shopping Long Tail,Naver,499760.95,54794,1719.0,80.65,3163250.63,3.137205,290.727722,4.691681,6196.664034,632.952735,2025-10-27T23:59:59Z
naver-SYNTH-001-2025-10-27-C07,synthetic-advertiser-001,naver,SYNTH-001,2025-10-27,C07,Retargeting,Naver,351161.54,65052,5399.0,594.63,3559284.16,8.299514,65.04196,11.013706,590.554703,1013.574587,2025-10-27T23:59:59Z
naver-SYNTH-001-2025-10-27-C08,synthetic-advertiser-001,naver,SYNTH-001,2025-10-27,C08,Competitor,Naver,502061.42,54866,1641.0,60.48,3220561.26,2.990923,305.948458,3.685558,8301.28008,641.467584,2025-10-27T23:59:59Z
naver-SYNTH-001-2025-10-27-C09,synthetic-advertiser-001,naver,SYNTH-001,2025-10-27,C09,Prospecting,Naver,794572.98,89760,1963.0,52.89,5149687.11,2.186943,404.774824,2.694345,15023.123085,648.107504,2025-10-27T23:59:59Z
naver-SYNTH-001-2025-10-27-C10,synthetic-advertiser-001,naver,SYNTH-001,2025-10-27,C10,Seasonal,Naver,642732.82,86818,4363.0,182.79,7829608.02,5.025456,147.314421,4.189548,3516.236211,1218.174614,2025-10-27T23:59:59Z
naver-SYNTH-001-2025-10-27-C11,synthetic-advertiser-001,naver,SYNTH-001,2025-10-27,C11,New Product Launch,Naver,638877.27,76415,2208.0,95.49,4552937.82,2.889485,289.346589,4.324728,6690.514901,712.646709,2025-10-27T23:59:59Z
naver-SYNTH-001-2025-10-27-C12,synthetic-advertiser-001,naver,SYNTH-001,2025-10-27,C12,Low Efficiency Legacy,Naver,288566.24,29162,722.0,16.39,769260.95,2.475825,399.676234,2.270083,17606.237993,266.580371,2025-10-27T23:59:59Z
naver-SYNTH-001-2025-10-28-C01,synthetic-advertiser-001,naver,SYNTH-001,2025-10-28,C01,Brand Search Core,Naver,447354.84,75844,5505.0,431.41,4092193.55,7.25832,81.263368,7.836694,1036.959836,914.753381,2025-10-28T23:59:59Z
naver-SYNTH-001-2025-10-28-C02,synthetic-advertiser-001,naver,SYNTH-001,2025-10-28,C02,Brand Search Expansion,Naver,308640.21,45909,3111.0,250.8,2252667.17,6.776449,99.209325,8.061716,1230.622851,729.868337,2025-10-28T23:59:59Z
naver-SYNTH-001-2025-10-28-C03,synthetic-advertiser-001,naver,SYNTH-001,2025-10-28,C03,Generic Search High Intent,Naver,686747.36,96133,4772.0,303.09,4767822.54,4.963956,143.911853,6.351425,2265.819924,694.261502,2025-10-28T23:59:59Z
naver-SYNTH-001-2025-10-28-C04,synthetic-advertiser-001,naver,SYNTH-001,2025-10-28,C04,Generic Search Mid Intent,Naver,642713.71,79935,2726.0,77.51,3437480.21,3.410271,235.771721,2.84336,8292.010195,534.838476,2025-10-28T23:59:59Z
naver-SYNTH-001-2025-10-28-C05,synthetic-advertiser-001,naver,SYNTH-001,2025-10-28,C05,Shopping Best Seller,Naver,778955.14,105127,5216.0,285.91,5138073.06,4.961618,149.33956,5.481403,2724.47674,659.610902,2025-10-28T23:59:59Z
naver-SYNTH-001-2025-10-28-C06,synthetic-advertiser-001,naver,SYNTH-001,2025-10-28,C06,Shopping Long Tail,Naver,434993.46,44721,1806.0,94.99,3114696.01,4.038371,240.860169,5.25969,4579.36061,716.032828,2025-10-28T23:59:59Z
naver-SYNTH-001-2025-10-28-C07,synthetic-advertiser-001,naver,SYNTH-001,2025-10-28,C07,Retargeting,Naver,325175.87,50771,4037.0,442.36,3384711.11,7.95139,80.548891,10.957642,735.093299,1040.886304,2025-10-28T23:59:59Z
naver-SYNTH-001-2025-10-28-C08,synthetic-advertiser-001,naver,SYNTH-001,2025-10-28,C08,Competitor,Naver,484002.74,54682,1819.0,53.97,3115299.02,3.326506,266.081771,2.967015,8967.995966,643.653175,2025-10-28T23:59:59Z
naver-SYNTH-001-2025-10-28-C09,synthetic-advertiser-001,naver,SYNTH-001,2025-10-28,C09,Prospecting,Naver,801891.03,83192,1775.0,50.45,5805163.04,2.133619,451.769596,2.842254,15894.76775,723.934151,2025-10-28T23:59:59Z
naver-SYNTH-001-2025-10-28-C10,synthetic-advertiser-001,naver,SYNTH-001,2025-10-28,C10,Seasonal,Naver,693939.37,84816,3506.0,159.0,6178143.08,4.133654,197.929084,4.535083,4364.398548,890.300126,2025-10-28T23:59:59Z
naver-SYNTH-001-2025-10-28-C11,synthetic-advertiser-001,naver,SYNTH-001,2025-10-28,C11,New Product Launch,Naver,730940.0,73773,2222.0,108.89,4909681.42,3.011942,328.955897,4.90054,6712.645818,671.694175,2025-10-28T23:59:59Z
naver-SYNTH-001-2025-10-28-C12,synthetic-advertiser-001,naver,SYNTH-001,2025-10-28,C12,Low Efficiency Legacy,Naver,283603.8,26577,639.0,13.95,686306.09,2.404335,443.824412,2.183099,20330.021465,241.994673,2025-10-28T23:59:59Z
naver-SYNTH-001-2025-10-29-C01,synthetic-advertiser-001,naver,SYNTH-001,2025-10-29,C01,Brand Search Core,Naver,470973.2,72941,6036.0,402.09,4056017.58,8.275181,78.02737,6.661531,1171.312896,861.199227,2025-10-29T23:59:59Z
naver-SYNTH-001-2025-10-29-C02,synthetic-advertiser-001,naver,SYNTH-001,2025-10-29,C02,Brand Search Expansion,Naver,345026.68,47609,2859.0,167.13,2067388.61,6.005167,120.680896,5.84575,2064.420997,599.196736,2025-10-29T23:59:59Z
naver-SYNTH-001-2025-10-29-C03,synthetic-advertiser-001,naver,SYNTH-001,2025-10-29,C03,Generic Search High Intent,Naver,662163.59,87325,4092.0,221.74,4279994.92,4.685943,161.819058,5.418866,2986.216222,646.365191,2025-10-29T23:59:59Z
naver-SYNTH-001-2025-10-29-C04,synthetic-advertiser-001,naver,SYNTH-001,2025-10-29,C04,Generic Search Mid Intent,Naver,582556.01,67678,2349.0,101.61,3294815.38,3.470847,248.001709,4.32567,5733.254737,565.579155,2025-10-29T23:59:59Z
naver-SYNTH-001-2025-10-29-C05,synthetic-advertiser-001,naver,SYNTH-001,2025-10-29,C05,Shopping Best Seller,Naver,784457.48,105779,5767.0,347.78,6093335.24,5.451933,136.025225,6.030518,2255.61411,776.757878,2025-10-29T23:59:59Z
naver-SYNTH-001-2025-10-29-C06,synthetic-advertiser-001,naver,SYNTH-001,2025-10-29,C06,Shopping Long Tail,Naver,537262.97,61720,2414.0,104.26,3161592.99,3.911212,222.561296,4.318973,5153.107322,588.462852,2025-10-29T23:59:59Z
naver-SYNTH-001-2025-10-29-C07,synthetic-advertiser-001,naver,SYNTH-001,2025-10-29,C07,Retargeting,Naver,287926.79,45337,3741.0,381.38,3505948.21,8.251538,76.965195,10.1946,754.960388,1217.652647,2025-10-29T23:59:59Z
naver-SYNTH-001-2025-10-29-C08,synthetic-advertiser-001,naver,SYNTH-001,2025-10-29,C08,Competitor,Naver,352872.45,43140,1605.0,57.53,2816363.06,3.720445,219.858221,3.584424,6133.711891,798.12496,2025-10-29T23:59:59Z
naver-SYNTH-001-2025-10-29-C09,synthetic-advertiser-001,naver,SYNTH-001,2025-10-29,C09,Prospecting,Naver,788339.37,80379,2287.0,59.73,5576262.51,2.845271,344.704579,2.611718,13198.382274,707.342891,2025-10-29T23:59:59Z
naver-SYNTH-001-2025-10-29-C10,synthetic-advertiser-001,naver,SYNTH-001,2025-10-29,C10,Seasonal,Naver,589113.26,71874,4033.0,213.66,4339377.85,5.611209,146.07321,5.297793,2757.246354,736.59484,2025-10-29T23:59:59Z
naver-SYNTH-001-2025-10-29-C11,synthetic-advertiser-001,naver,SYNTH-001,2025-10-29,C11,New Product Launch,Naver,688651.76,75339,2760.0,103.15,4897929.9,3.663441,249.511508,3.737319,6676.216782,711.234643,2025-10-29T23:59:59Z
naver-SYNTH-001-2025-10-29-C12,synthetic-advertiser-001,naver,SYNTH-001,2025-10-29,C12,Low Efficiency Legacy,Naver,313591.56,29590,525.0,12.91,749064.27,1.774248,597.317252,2.459048,24290.593128,238.866212,2025-10-29T23:59:59Z
naver-SYNTH-001-2025-10-30-C01,synthetic-advertiser-001,naver,SYNTH-001,2025-10-30,C01,Brand Search Core,Naver,430839.63,56648,4270.0,400.44,3789858.38,7.537777,100.89921,9.377986,1075.915562,879.6448,2025-10-30T23:59:59Z
naver-SYNTH-001-2025-10-30-C02,synthetic-advertiser-001,naver,SYNTH-001,2025-10-30,C02,Brand Search Expansion,Naver,365724.02,52266,3000.0,225.48,2373937.38,5.739869,121.908008,7.516,1621.97988,649.106219,2025-10-30T23:59:59Z
naver-SYNTH-001-2025-10-30-C03,synthetic-advertiser-001,naver,SYNTH-001,2025-10-30,C03,Generic Search High Intent,Naver,654270.85,76315,4390.0,235.96,4388470.37,5.752473,149.036639,5.374943,2772.804061,670.742155,2025-10-30T23:59:59Z
naver-SYNTH-001-2025-10-30-C04,synthetic-advertiser-001,naver,SYNTH-001,2025-10-30,C04,Generic Search Mid Intent,Naver,591987.14,70221,2999.0,140.76,3823346.56,4.270802,197.394844,4.693565,4205.648893,645.849599,2025-10-30T23:59:59Z
naver-SYNTH-001-2025-10-30-C05,synthetic-advertiser-001,naver,SYNTH-001,2025-10-30,C05,Shopping Best Seller,Naver,806964.34,113373,7052.0,362.87,7545593.79,6.220176,114.430565,5.145632,2223.838688,935.059131,2025-10-30T23:59:59Z
naver-SYNTH-001-2025-10-30-C06,synthetic-advertiser-001,naver,SYNTH-001,2025-10-30,C06,Shopping Long Tail,Naver,496296.13,57014,1710.0,74.5,3282554.24,2.999263,290.231653,4.356725,6661.692972,661.41041,2025-10-30T23:59:59Z
naver-SYNTH-001-2025-10-30-C07,synthetic-advertiser-001,naver,SYNTH-001,2025-10-30,C07,Retargeting,Naver,306822.18,51804,3863.0,322.94,3396577.4,7.456953,79.425882,8.359824,950.090361,1107.018203,2025-10-30T23:59:59Z
naver-SYNTH-001-2025-10-30-C08,synthetic-advertiser-001,naver,SYNTH-001,2025-10-30,C08,Competitor,Naver,509393.41,51015,1534.0,54.55,2213231.66,3.006959,332.068714,3.556063,9338.100946,434.483767,2025-10-30T23:59:59Z
naver-SYNTH-001-2025-10-30-C09,synthetic-advertiser-001,naver,SYNTH-001,2025-10-30,C09,Prospecting,Naver,833443.06,78921,1976.0,55.97,5406257.06,2.50377,421.782926,2.83249,14890.889084,648.665434,2025-10-30T23:59:59Z
naver-SYNTH-001-2025-10-30-C10,synthetic-advertiser-001,naver,SYNTH-001,2025-10-30,C10,Seasonal,Naver,680239.95,83973,4051.0,191.89,6443086.52,4.82417,167.919021,4.736855,3544.947379,947.178491,2025-10-30T23:59:59Z
naver-SYNTH-001-2025-10-30-C11,synthetic-advertiser-001,naver,SYNTH-001,2025-10-30,C11,New Product Launch,Naver,595179.44,61950,1781.0,77.3,4564164.92,2.874899,334.18273,4.340258,7699.604691,766.85527,2025-10-30T23:59:59Z
naver-SYNTH-001-2025-10-30-C12,synthetic-advertiser-001,naver,SYNTH-001,2025-10-30,C12,Low Efficiency Legacy,Naver,272507.97,22742,557.0,12.2,656579.19,2.449213,489.24232,2.190305,22336.719018,240.939442,2025-10-30T23:59:59Z
naver-SYNTH-001-2025-10-31-C01,synthetic-advertiser-001,naver,SYNTH-001,2025-10-31,C01,Brand Search Core,Naver,466405.26,77832,5925.0,469.81,4273686.43,7.61255,78.718187,7.929283,992.752932,916.303232,2025-10-31T23:59:59Z
naver-SYNTH-001-2025-10-31-C02,synthetic-advertiser-001,naver,SYNTH-001,2025-10-31,C02,Brand Search Expansion,Naver,313740.46,44636,2606.0,207.43,2249527.38,5.838337,120.391582,7.959708,1512.512474,717.002633,2025-10-31T23:59:59Z
naver-SYNTH-001-2025-10-31-C03,synthetic-advertiser-001,naver,SYNTH-001,2025-10-31,C03,Generic Search High Intent,Naver,655176.99,87629,4802.0,200.07,4035965.13,5.479921,136.438356,4.166389,3274.73877,616.011431,2025-10-31T23:59:59Z
naver-SYNTH-001-2025-10-31-C04,synthetic-advertiser-001,naver,SYNTH-001,2025-10-31,C04,Generic Search Mid Intent,Naver,508217.55,59140,2346.0,121.8,3578292.14,3.966858,216.631522,5.191816,4172.557893,704.086691,2025-10-31T23:59:59Z
naver-SYNTH-001-2025-10-31-C05,synthetic-advertiser-001,naver,SYNTH-001,2025-10-31,C05,Shopping Best Seller,Naver,832309.48,106258,6400.0,415.28,6846573.18,6.023076,130.048357,6.48875,2004.212781,822.599444,2025-10-31T23:59:59Z
naver-SYNTH-001-2025-10-31-C06,synthetic-advertiser-001,naver,SYNTH-001,2025-10-31,C06,Shopping Long Tail,Naver,515037.62,58763,2184.0,87.17,3418904.78,3.716624,235.823088,3.9913,5908.427482,663.81651,2025-10-31T23:59:59Z
naver-SYNTH-001-2025-10-31-C07,synthetic-advertiser-001,naver,SYNTH-001,2025-10-31,C07,Retargeting,Naver,344103.12,56279,5180.0,456.61,3574137.03,9.204144,66.429174,8.814865,753.603995,1038.68196,2025-10-31T23:59:59Z
naver-SYNTH-001-2025-10-31-C08,synthetic-advertiser-001,naver,SYNTH-001,2025-10-31,C08,Competitor,Naver,420608.63,47930,1458.0,49.06,3281546.7,3.041936,288.483286,3.364883,8573.351639,780.190052,2025-10-31T23:59:59Z
naver-SYNTH-001-2025-10-31-C09,synthetic-advertiser-001,naver,SYNTH-001,2025-10-31,C09,Prospecting,Naver,786671.18,77160,2059.0,66.25,5984696.74,2.668481,382.064683,3.217581,11874.281983,760.762168,2025-10-31T23:59:59Z
naver-SYNTH-001-2025-10-31-C10,synthetic-advertiser-001,naver,SYNTH-001,2025-10-31,C10,Seasonal,Naver,612385.83,76424,3116.0,177.47,7180731.93,4.077253,196.529471,5.695443,3450.644224,1172.582965,2025-10-31T23:59:59Z
naver-SYNTH-001-2025-10-31-C11,synthetic-advertiser-001,naver,SYNTH-001,2025-10-31,C11,New Product Launch,Naver,673419.89,87884,2993.0,131.33,5886597.37,3.405626,224.998294,4.387905,5127.69278,874.134761,2025-10-31T23:59:59Z
naver-SYNTH-001-2025-10-31-C12,synthetic-advertiser-001,naver,SYNTH-001,2025-10-31,C12,Low Efficiency Legacy,Naver,313880.93,30531,779.0,17.59,793219.7,2.551505,402.928018,2.258023,17844.282317,252.713572,2025-10-31T23:59:59Z
naver-SYNTH-001-2025-11-01-C01,synthetic-advertiser-001,naver,SYNTH-001,2025-11-01,C01,Brand Search Core,Naver,423517.9,59262,4761.0,387.33,3879606.13,8.033816,88.955661,8.135476,1093.429125,916.043005,2025-11-01T23:59:59Z
naver-SYNTH-001-2025-11-01-C02,synthetic-advertiser-001,naver,SYNTH-001,2025-11-01,C02,Brand Search Expansion,Naver,317954.65,44697,2778.0,168.24,2249265.37,6.215182,114.454518,6.056156,1889.887375,707.417034,2025-11-01T23:59:59Z
naver-SYNTH-001-2025-11-01-C03,synthetic-advertiser-001,naver,SYNTH-001,2025-11-01,C03,Generic Search High Intent,Naver,621400.55,86823,3994.0,265.66,4421013.41,4.600164,155.583512,6.651477,2339.082088,711.459529,2025-11-01T23:59:59Z
naver-SYNTH-001-2025-11-01-C04,synthetic-advertiser-001,naver,SYNTH-001,2025-11-01,C04,Generic Search Mid Intent,Naver,523005.57,63296,2733.0,123.2,3921137.22,4.317808,191.366837,4.507867,4245.175049,749.731451,2025-11-01T23:59:59Z
naver-SYNTH-001-2025-11-01-C05,synthetic-advertiser-001,naver,SYNTH-001,2025-11-01,C05,Shopping Best Seller,Naver,718036.73,88102,4772.0,305.74,7239564.65,5.416449,150.468721,6.406957,2348.520751,1008.244328,2025-11-01T23:59:59Z
naver-SYNTH-001-2025-11-01-C06,synthetic-advertiser-001,naver,SYNTH-001,2025-11-01,C06,Shopping Long Tail,Naver,469051.29,56212,1787.0,84.13,3349696.22,3.179037,262.479734,4.70789,5575.315409,714.14285,2025-11-01T23:59:59Z
naver-SYNTH-001-2025-11-01-C07,synthetic-advertiser-001,naver,SYNTH-001,2025-11-01,C07,Retargeting,Naver,264587.59,38515,3432.0,330.23,3371200.79,8.910814,77.094286,9.622086,801.222145,1274.134136,2025-11-01T23:59:59Z
naver-SYNTH-001-2025-11-01-C08,synthetic-advertiser-001,naver,SYNTH-001,2025-11-01,C08,Competitor,Naver,460775.96,50526,1881.0,54.38,3656315.34,3.722836,244.963296,2.891015,8473.261481,793.51261,2025-11-01T23:59:59Z
naver-SYNTH-001-2025-11-01-C09,synthetic-advertiser-001,naver,SYNTH-001,2025-11-01,C09,Prospecting,Naver,699227.85,72843,2175.0,57.54,5187379.01,2.985874,321.484067,2.645517,12152.030694,741.872486,2025-11-01T23:59:59Z
naver-SYNTH-001-2025-11-01-C10,synthetic-advertiser-001,naver,SYNTH-001,2025-11-01,C10,Seasonal,Naver,528637.62,65758,3117.0,155.08,7164223.29,4.740108,169.598211,4.975297,3408.80593,1355.223876,2025-11-01T23:59:59Z
naver-SYNTH-001-2025-11-01-C11,synthetic-advertiser-001,naver,SYNTH-001,2025-11-01,C11,New Product Launch,Naver,584810.98,68917,2159.0,89.11,3155753.55,3.132754,270.871227,4.127374,6562.798565,539.619409,2025-11-01T23:59:59Z
naver-SYNTH-001-2025-11-01-C12,synthetic-advertiser-001,naver,SYNTH-001,2025-11-01,C12,Low Efficiency Legacy,Naver,292215.91,26342,663.0,15.62,792682.75,2.516893,440.747985,2.355958,18707.804995,271.266112,2025-11-01T23:59:59Z
naver-SYNTH-001-2025-11-02-C01,synthetic-advertiser-001,naver,SYNTH-001,2025-11-02,C01,Brand Search Core,Naver,379447.85,56703,4441.0,350.14,3837792.19,7.832037,85.441984,7.88426,1083.703241,1011.41492,2025-11-02T23:59:59Z
naver-SYNTH-001-2025-11-02-C02,synthetic-advertiser-001,naver,SYNTH-001,2025-11-02,C02,Brand Search Expansion,Naver,267716.06,42839,2406.0,158.46,2168442.06,5.616378,111.270183,6.586035,1689.486679,809.978328,2025-11-02T23:59:59Z
naver-SYNTH-001-2025-11-02-C03,synthetic-advertiser-001,naver,SYNTH-001,2025-11-02,C03,Generic Search High Intent,Naver,473606.53,59527,3195.0,137.92,4548826.63,5.367312,148.233656,4.316745,3433.922074,960.465348,2025-11-02T23:59:59Z
naver-SYNTH-001-2025-11-02-C04,synthetic-advertiser-001,naver,SYNTH-001,2025-11-02,C04,Generic Search Mid Intent,Naver,510029.5,66488,2625.0,133.79,3781323.74,3.948081,194.296953,5.096762,3812.164589,741.393142,2025-11-02T23:59:59Z
naver-SYNTH-001-2025-11-02-C05,synthetic-advertiser-001,naver,SYNTH-001,2025-11-02,C05,Shopping Best Seller,Naver,657425.4,86567,4980.0,314.02,7690494.97,5.75277,132.013133,6.305622,2093.57813,1169.789746,2025-11-02T23:59:59Z
naver-SYNTH-001-2025-11-02-C06,synthetic-advertiser-001,naver,SYNTH-001,2025-11-02,C06,Shopping Long Tail,Naver,395778.61,42588,1381.0,70.12,3123313.24,3.242697,286.588424,5.07748,5644.304252,789.156648,2025-11-02T23:59:59Z
naver-SYNTH-001-2025-11-02-C07,synthetic-advertiser-001,naver,SYNTH-001,2025-11-02,C07,Retargeting,Naver,257836.78,41664,4039.0,370.02,3099726.74,9.69422,63.836785,9.161179,696.818485,1202.20505,2025-11-02T23:59:59Z
naver-SYNTH-001-2025-11-02-C08,synthetic-advertiser-001,naver,SYNTH-001,2025-11-02,C08,Competitor,Naver,390920.07,38837,1200.0,43.47,2696646.25,3.089837,325.766724,3.6225,8992.870222,689.820366,2025-11-02T23:59:59Z
naver-SYNTH-001-2025-11-02-C09,synthetic-advertiser-001,naver,SYNTH-001,2025-11-02,C09,Prospecting,Naver,575107.38,57677,1187.0,41.09,5679796.19,2.058013,484.504953,3.461668,13996.285702,987.606208,2025-11-02T23:59:59Z
naver-SYNTH-001-2025-11-02-C10,synthetic-advertiser-001,naver,SYNTH-001,2025-11-02,C10,Seasonal,Naver,531797.31,70991,3421.0,166.96,5651853.99,4.818921,155.450836,4.880444,3185.17794,1062.783489,2025-11-02T23:59:59Z
naver-SYNTH-001-2025-11-02-C11,synthetic-advertiser-001,naver,SYNTH-001,2025-11-02,C11,New Product Launch,Naver,634848.0,71254,2628.0,110.78,2809068.5,3.688214,241.570776,4.215373,5730.709505,442.47891,2025-11-02T23:59:59Z
naver-SYNTH-001-2025-11-02-C12,synthetic-advertiser-001,naver,SYNTH-001,2025-11-02,C12,Low Efficiency Legacy,Naver,289221.64,28750,732.0,13.43,708894.8,2.546087,395.111525,1.834699,21535.490399,245.104346,2025-11-02T23:59:59Z
naver-SYNTH-001-2025-11-03-C01,synthetic-advertiser-001,naver,SYNTH-001,2025-11-03,C01,Brand Search Core,Naver,418980.95,65154,4972.0,405.51,3919088.72,7.631151,84.268092,8.155873,1033.219777,935.385894,2025-11-03T23:59:59Z
naver-SYNTH-001-2025-11-03-C02,synthetic-advertiser-001,naver,SYNTH-001,2025-11-03,C02,Brand Search Expansion,Naver,364907.9,53233,3256.0,219.76,2349244.36,6.116507,112.072451,6.749386,1660.483708,643.791038,2025-11-03T23:59:59Z
naver-SYNTH-001-2025-11-03-C03,synthetic-advertiser-001,naver,SYNTH-001,2025-11-03,C03,Generic Search High Intent,Naver,548782.66,71221,3378.0,168.18,6053973.51,4.742983,162.457863,4.978686,3263.067306,1103.16414,2025-11-03T23:59:59Z
naver-SYNTH-001-2025-11-03-C04,synthetic-advertiser-001,naver,SYNTH-001,2025-11-03,C04,Generic Search Mid Intent,Naver,581786.73,73310,2292.0,101.6,3622801.21,3.126449,253.833653,4.43281,5726.247377,622.702617,2025-11-03T23:59:59Z
naver-SYNTH-001-2025-11-03-C05,synthetic-advertiser-001,naver,SYNTH-001,2025-11-03,C05,Shopping Best Seller,Naver,860609.11,120800,8110.0,475.49,8031477.92,6.713576,106.117029,5.863009,1809.941549,933.231807,2025-11-03T23:59:59Z
naver-SYNTH-001-2025-11-03-C06,synthetic-advertiser-001,naver,SYNTH-001,2025-11-03,C06,Shopping Long Tail,Naver,418747.68,49520,2115.0,78.35,3284093.37,4.271002,197.989449,3.704492,5344.57797,784.26544,2025-11-03T23:59:59Z
naver-SYNTH-001-2025-11-03-C07,synthetic-advertiser-001,naver,SYNTH-001,2025-11-03,C07,Retargeting,Naver,296003.05,51174,4614.0,440.86,3343800.19,9.016297,64.153241,9.554833,671.42189,1129.65057,2025-11-03T23:59:59Z
naver-SYNTH-001-2025-11-03-C08,synthetic-advertiser-001,naver,SYNTH-001,2025-11-03,C08,Competitor,Naver,488053.83,56427,1505.0,47.22,2916660.11,2.667163,324.28826,3.137542,10335.743987,597.610331,2025-11-03T23:59:59Z
naver-SYNTH-001-2025-11-03-C09,synthetic-advertiser-001,naver,SYNTH-001,2025-11-03,C09,Prospecting,Naver,873842.48,86178,2170.0,61.28,5290318.1,2.518044,402.692385,2.823963,14259.831532,605.408668,2025-11-03T23:59:59Z
naver-SYNTH-001-2025-11-03-C10,synthetic-advertiser-001,naver,SYNTH-001,2025-11-03,C10,Seasonal,Naver,684716.32,80087,3275.0,195.75,5079676.87,4.089303,209.073685,5.977099,3497.912222,741.865899,2025-11-03T23:59:59Z
naver-SYNTH-001-2025-11-03-C11,synthetic-advertiser-001,naver,SYNTH-001,2025-11-03,C11,New Product Launch,Naver,563212.93,61448,2104.0,106.08,4309495.16,3.424033,267.686756,5.041825,5309.322536,765.162675,2025-11-03T23:59:59Z
naver-SYNTH-001-2025-11-03-C12,synthetic-advertiser-001,naver,SYNTH-001,2025-11-03,C12,Low Efficiency Legacy,Naver,307513.85,33045,755.0,0.0,663389.08,2.284763,407.303116,0.0,0,215.726567,2025-11-03T23:59:59Z
naver-SYNTH-001-2025-11-04-C01,synthetic-advertiser-001,naver,SYNTH-001,2025-11-04,C01,Brand Search Core,Naver,511692.92,82438,6820.0,511.97,4108768.5,8.272884,75.028287,7.506891,999.458795,802.975446,2025-11-04T23:59:59Z
naver-SYNTH-001-2025-11-04-C02,synthetic-advertiser-001,naver,SYNTH-001,2025-11-04,C02,Brand Search Expansion,Naver,339895.31,48049,2880.0,215.34,2415391.83,5.993881,118.019205,7.477083,1578.412326,710.628171,2025-11-04T23:59:59Z
naver-SYNTH-001-2025-11-04-C03,synthetic-advertiser-001,naver,SYNTH-001,2025-11-04,C03,Generic Search High Intent,Naver,647306.88,84477,4111.0,203.36,4753887.76,4.866413,157.457281,4.946728,3183.059023,734.410198,2025-11-04T23:59:59Z
naver-SYNTH-001-2025-11-04-C04,synthetic-advertiser-001,naver,SYNTH-001,2025-11-04,C04,Generic Search Mid Intent,Naver,616394.07,81950,3675.0,150.91,3644744.49,4.484442,167.726277,4.106395,4084.5144,591.301033,2025-11-04T23:59:59Z
naver-SYNTH-001-2025-11-04-C05,synthetic-advertiser-001,naver,SYNTH-001,2025-11-04,C05,Shopping Best Seller,Naver,828932.13,109646,6757.0,383.04,6752956.76,6.16256,122.677539,5.668788,2164.087641,814.657378,2025-11-04T23:59:59Z
naver-SYNTH-001-2025-11-04-C06,synthetic-advertiser-001,naver,SYNTH-001,2025-11-04,C06,Shopping Long Tail,Naver,484483.79,53101,2269.0,114.47,3527097.79,4.272989,213.523046,5.044954,4232.408413,728.011516,2025-11-04T23:59:59Z
naver-SYNTH-001-2025-11-04-C07,synthetic-advertiser-001,naver,SYNTH-001,2025-11-04,C07,Retargeting,Naver,355756.94,60309,5409.0,525.75,3278325.04,8.968811,65.771295,9.719911,676.665594,921.506991,2025-11-04T23:59:59Z
naver-SYNTH-001-2025-11-04-C08,synthetic-advertiser-001,naver,SYNTH-001,2025-11-04,C08,Competitor,Naver,477365.31,48353,1455.0,68.82,3216696.87,3.00912,328.086124,4.729897,6936.432874,673.843868,2025-11-04T23:59:59Z
naver-SYNTH-001-2025-11-04-C09,synthetic-advertiser-001,naver,SYNTH-001,2025-11-04,C09,Prospecting,Naver,736121.54,65194,1794.0,51.47,5623318.32,2.751787,410.324156,2.869008,14301.953284,763.911671,2025-11-04T23:59:59Z
naver-SYNTH-001-2025-11-04-C10,synthetic-advertiser-001,naver,SYNTH-001,2025-11-04,C10,Seasonal,Naver,584421.21,73328,2416.0,125.25,7508000.3,3.294785,241.896197,5.184189,4666.037618,1284.689904,2025-11-04T23:59:59Z
naver-SYNTH-001-2025-11-04-C11,synthetic-advertiser-001,naver,SYNTH-001,2025-11-04,C11,New Product Launch,Naver,654853.39,66353,3036.0,86.58,4444768.63,4.575528,215.696111,2.851779,7563.56424,678.742554,2025-11-04T23:59:59Z
naver-SYNTH-001-2025-11-04-C12,synthetic-advertiser-001,naver,SYNTH-001,2025-11-04,C12,Low Efficiency Legacy,Naver,275670.44,24603,543.0,10.57,740602.35,2.207048,507.680377,1.946593,26080.458366,268.65497,2025-11-04T23:59:59Z
naver-SYNTH-001-2025-11-05-C01,synthetic-advertiser-001,naver,SYNTH-001,2025-11-05,C01,Brand Search Core,Naver,513676.0,84746,6199.0,517.03,4010286.27,7.3148,82.864334,8.340539,993.512958,780.703447,2025-11-05T23:59:59Z
naver-SYNTH-001-2025-11-05-C02,synthetic-advertiser-001,naver,SYNTH-001,2025-11-05,C02,Brand Search Expansion,Naver,333513.51,50973,3196.0,228.58,2475748.89,6.269986,104.353413,7.152065,1459.066886,742.32342,2025-11-05T23:59:59Z
naver-SYNTH-001-2025-11-05-C03,synthetic-advertiser-001,naver,SYNTH-001,2025-11-05,C03,Generic Search High Intent,Naver,659391.28,84675,4256.0,210.48,5798689.64,5.026277,154.932162,4.945489,3132.7978,879.400411,2025-11-05T23:59:59Z
naver-SYNTH-001-2025-11-05-C04,synthetic-advertiser-001,naver,SYNTH-001,2025-11-05,C04,Generic Search Mid Intent,Naver,581435.27,68862,2507.0,101.59,3726196.88,3.640615,231.92472,4.052254,5723.351441,640.861856,2025-11-05T23:59:59Z
naver-SYNTH-001-2025-11-05-C05,synthetic-advertiser-001,naver,SYNTH-001,2025-11-05,C05,Shopping Best Seller,Naver,812310.3,104129,6047.0,350.46,6952837.72,5.80722,134.332776,5.795601,2317.840261,855.933716,2025-11-05T23:59:59Z
naver-SYNTH-001-2025-11-05-C06,synthetic-advertiser-001,naver,SYNTH-001,2025-11-05,C06,Shopping Long Tail,Naver,521675.8,61396,2424.0,110.98,3085520.67,3.94814,215.21279,4.578383,4700.628972,591.463253,2025-11-05T23:59:59Z
naver-SYNTH-001-2025-11-05-C07,synthetic-advertiser-001,naver,SYNTH-001,2025-11-05,C07,Retargeting,Naver,311268.16,50066,3686.0,412.93,3262326.95,7.362282,84.446056,11.202659,753.803697,1048.076022,2025-11-05T23:59:59Z
naver-SYNTH-001-2025-11-05-C08,synthetic-advertiser-001,naver,SYNTH-001,2025-11-05,C08,Competitor,Naver,445577.59,44703,1567.0,57.37,3855002.87,3.505358,284.350725,3.661136,7766.734996,865.169835,2025-11-05T23:59:59Z
naver-SYNTH-001-2025-11-05-C09,synthetic-advertiser-001,naver,SYNTH-001,2025-11-05,C09,Prospecting,Naver,790209.83,71796,1985.0,58.91,5775605.03,2.764778,398.090594,2.967758,13413.84874,730.895113,2025-11-05T23:59:59Z
naver-SYNTH-001-2025-11-05-C10,synthetic-advertiser-001,naver,SYNTH-001,2025-11-05,C10,Seasonal,Naver,676045.26,76671,3601.0,198.47,7462581.64,4.696691,187.7382,5.511525,3406.284361,1103.858293,2025-11-05T23:59:59Z
naver-SYNTH-001-2025-11-05-C11,synthetic-advertiser-001,naver,SYNTH-001,2025-11-05,C11,New Product Launch,Naver,712980.47,74491,3016.0,114.37,4659595.41,4.048811,236.399361,3.792109,6233.981585,653.53759,2025-11-05T23:59:59Z
naver-SYNTH-001-2025-11-05-C12,synthetic-advertiser-001,naver,SYNTH-001,2025-11-05,C12,Low Efficiency Legacy,Naver,342227.27,27839,511.0,10.44,749551.07,1.835554,669.720681,2.043053,32780.389653,219.021433,2025-11-05T23:59:59Z
naver-SYNTH-001-2025-11-06-C01,synthetic-advertiser-001,naver,SYNTH-001,2025-11-06,C01,Brand Search Core,Naver,396696.32,60799,4569.0,327.97,3866118.71,7.514926,86.823445,7.178157,1209.550627,974.57892,2025-11-06T23:59:59Z
naver-SYNTH-001-2025-11-06-C02,synthetic-advertiser-001,naver,SYNTH-001,2025-11-06,C02,Brand Search Expansion,Naver,388129.71,54780,3392.0,223.72,2501230.82,6.192041,114.425033,6.595519,1734.890549,644.431675,2025-11-06T23:59:59Z
naver-SYNTH-001-2025-11-06-C03,synthetic-advertiser-001,naver,SYNTH-001,2025-11-06,C03,Generic Search High Intent,Naver,621404.45,75224,3142.0,111.51,5461225.63,4.176858,197.773537,3.549013,5572.634316,878.852027,2025-11-06T23:59:59Z
naver-SYNTH-001-2025-11-06-C04,synthetic-advertiser-001,naver,SYNTH-001,2025-11-06,C04,Generic Search Mid Intent,Naver,540021.98,68130,2500.0,118.36,3589451.41,3.669455,216.008791,4.7344,4562.537837,664.686171,2025-11-06T23:59:59Z
naver-SYNTH-001-2025-11-06-C05,synthetic-advertiser-001,naver,SYNTH-001,2025-11-06,C05,Shopping Best Seller,Naver,853512.9,111511,6818.0,380.87,7747094.39,6.114195,125.185231,5.586242,2240.95598,907.671619,2025-11-06T23:59:59Z
naver-SYNTH-001-2025-11-06-C06,synthetic-advertiser-001,naver,SYNTH-001,2025-11-06,C06,Shopping Long Tail,Naver,507192.95,60331,2114.0,81.24,2956921.52,3.504003,239.920978,3.842952,6243.143119,582.997365,2025-11-06T23:59:59Z
naver-SYNTH-001-2025-11-06-C07,synthetic-advertiser-001,naver,SYNTH-001,2025-11-06,C07,Retargeting,Naver,302639.51,52679,4490.0,455.48,3086446.02,8.52332,67.403009,10.144321,664.440834,1019.84239,2025-11-06T23:59:59Z
naver-SYNTH-001-2025-11-06-C08,synthetic-advertiser-001,naver,SYNTH-001,2025-11-06,C08,Competitor,Naver,486217.37,50441,1511.0,43.8,2663040.97,2.995579,321.785152,2.898743,11100.85309,547.705853,2025-11-06T23:59:59Z
naver-SYNTH-001-2025-11-06-C09,synthetic-advertiser-001,naver,SYNTH-001,2025-11-06,C09,Prospecting,Naver,941947.73,99103,2955.0,76.67,7684674.16,2.981746,318.764036,2.594585,12285.740542,815.828091,2025-11-06T23:59:59Z
naver-SYNTH-001-2025-11-06-C10,synthetic-advertiser-001,naver,SYNTH-001,2025-11-06,C10,Seasonal,Naver,581313.1,66616,3064.0,162.23,6795520.05,4.599496,189.723597,5.294713,3583.265117,1168.994824,2025-11-06T23:59:59Z
naver-SYNTH-001-2025-11-06-C11,synthetic-advertiser-001,naver,SYNTH-001,2025-11-06,C11,New Product Launch,Naver,703614.09,89204,3428.0,140.52,4766127.95,3.842877,205.254985,4.099183,5007.216679,677.37813,2025-11-06T23:59:59Z
naver-SYNTH-001-2025-11-06-C12,synthetic-advertiser-001,naver,SYNTH-001,2025-11-06,C12,Low Efficiency Legacy,Naver,296670.48,27902,665.0,12.48,635576.12,2.383342,446.121027,1.876692,23771.673338,214.236385,2025-11-06T23:59:59Z
naver-SYNTH-001-2025-11-07-C01,synthetic-advertiser-001,naver,SYNTH-001,2025-11-07,C01,Brand Search Core,Naver,494978.9,75498,5860.0,429.8,4214038.34,7.761795,84.46739,7.334471,1151.64938,851.357161,2025-11-07T23:59:59Z
naver-SYNTH-001-2025-11-07-C02,synthetic-advertiser-001,naver,SYNTH-001,2025-11-07,C02,Brand Search Expansion,Naver,345862.3,50191,2860.0,206.26,2359727.56,5.698233,120.930875,7.211888,1676.826827,682.273712,2025-11-07T23:59:59Z
naver-SYNTH-001-2025-11-07-C03,synthetic-advertiser-001,naver,SYNTH-001,2025-11-07,C03,Generic Search High Intent,Naver,607671.84,73709,3367.0,160.4,4868771.3,4.567963,180.478718,4.763885,3788.477827,801.217195,2025-11-07T23:59:59Z
naver-SYNTH-001-2025-11-07-C04,synthetic-advertiser-001,naver,SYNTH-001,2025-11-07,C04,Generic Search Mid Intent,Naver,655817.89,76764,2889.0,159.59,3608252.11,3.763483,227.005152,5.524057,4109.3921,550.191171,2025-11-07T23:59:59Z
naver-SYNTH-001-2025-11-07-C05,synthetic-advertiser-001,naver,SYNTH-001,2025-11-07,C05,Shopping Best Seller,Naver,845409.25,105644,5658.0,286.71,7445185.19,5.355723,149.418391,5.067338,2948.656322,880.660479,2025-11-07T23:59:59Z
naver-SYNTH-001-2025-11-07-C06,synthetic-advertiser-001,naver,SYNTH-001,2025-11-07,C06,Shopping Long Tail,Naver,543670.03,57485,2338.0,121.48,3702212.7,4.067148,232.53637,5.195894,4475.387165,680.96685,2025-11-07T23:59:59Z
naver-SYNTH-001-2025-11-07-C07,synthetic-advertiser-001,naver,SYNTH-001,2025-11-07,C07,Retargeting,Naver,348899.42,61168,5410.0,514.39,3614541.13,8.844494,64.491575,9.508133,678.277998,1035.983704,2025-11-07T23:59:59Z
naver-SYNTH-001-2025-11-07-C08,synthetic-advertiser-001,naver,SYNTH-001,2025-11-07,C08,Competitor,Naver,371478.13,40006,1113.0,37.73,2752305.38,2.782083,333.762917,3.389937,9845.696446,740.906445,2025-11-07T23:59:59Z
naver-SYNTH-001-2025-11-07-C09,synthetic-advertiser-001,naver,SYNTH-001,2025-11-07,C09,Prospecting,Naver,851964.03,86353,1840.0,52.02,5615979.55,2.130789,463.02393,2.827174,16377.624605,659.180357,2025-11-07T23:59:59Z
naver-SYNTH-001-2025-11-07-C10,synthetic-advertiser-001,naver,SYNTH-001,2025-11-07,C10,Seasonal,Naver,602134.81,70639,2987.0,145.47,5281510.11,4.228542,201.58514,4.870104,4139.23704,877.130835,2025-11-07T23:59:59Z
naver-SYNTH-001-2025-11-07-C11,synthetic-advertiser-001,naver,SYNTH-001,2025-11-07,C11,New Product Launch,Naver,667960.35,76712,2301.0,99.93,4371470.86,2.999531,290.291331,4.342894,6684.282525,654.450648,2025-11-07T23:59:59Z
naver-SYNTH-001-2025-11-07-C12,synthetic-advertiser-001,naver,SYNTH-001,2025-11-07,C12,Low Efficiency Legacy,Naver,291866.14,26432,456.0,11.02,676911.81,1.725182,640.057321,2.416667,26485.130535,231.925436,2025-11-07T23:59:59Z
naver-SYNTH-001-2025-11-08-C01,synthetic-advertiser-001,naver,SYNTH-001,2025-11-08,C01,Brand Search Core,Naver,398053.04,59277,4511.0,332.96,4390855.79,7.610034,88.240532,7.381068,1195.498074,1103.083099,2025-11-08T23:59:59Z
naver-SYNTH-001-2025-11-08-C02,synthetic-advertiser-001,naver,SYNTH-001,2025-11-08,C02,Brand Search Expansion,Naver,323166.64,41455,2733.0,202.39,2267232.9,6.592691,118.246117,7.405415,1596.752008,701.567746,2025-11-08T23:59:59Z
naver-SYNTH-001-2025-11-08-C03,synthetic-advertiser-001,naver,SYNTH-001,2025-11-08,C03,Generic Search High Intent,Naver,599326.12,84432,4329.0,168.04,5042637.49,5.127203,138.444472,3.881728,3566.568184,841.384573,2025-11-08T23:59:59Z
naver-SYNTH-001-2025-11-08-C04,synthetic-advertiser-001,naver,SYNTH-001,2025-11-08,C04,Generic Search Mid Intent,Naver,504204.19,62887,2595.0,101.56,3772788.89,4.126449,194.298339,3.91368,4964.594235,748.266071,2025-11-08T23:59:59Z
naver-SYNTH-001-2025-11-08-C05,synthetic-advertiser-001,naver,SYNTH-001,2025-11-08,C05,Shopping Best Seller,Naver,697930.81,91645,5101.0,307.57,6041726.07,5.566043,136.822351,6.029602,2269.177145,865.662605,2025-11-08T23:59:59Z
naver-SYNTH-001-2025-11-08-C06,synthetic-advertiser-001,naver,SYNTH-001,2025-11-08,C06,Shopping Long Tail,Naver,387899.07,42475,1294.0,72.07,2961969.58,3.046498,299.767441,5.569552,5382.254325,763.592856,2025-11-08T23:59:59Z
naver-SYNTH-001-2025-11-08-C07,synthetic-advertiser-001,naver,SYNTH-001,2025-11-08,C07,Retargeting,Naver,242474.42,39262,3542.0,340.66,2787751.64,9.021446,68.456922,9.61773,711.778367,1149.709589,2025-11-08T23:59:59Z
naver-SYNTH-001-2025-11-08-C08,synthetic-advertiser-001,naver,SYNTH-001,2025-11-08,C08,Competitor,Naver,438920.93,44608,1223.0,34.33,2150584.12,2.741661,358.88874,2.807032,12785.346039,489.970739,2025-11-08T23:59:59Z
naver-SYNTH-001-2025-11-08-C09,synthetic-advertiser-001,naver,SYNTH-001,2025-11-08,C09,Prospecting,Naver,777804.3,72515,1995.0,56.78,3623979.43,2.751155,389.876843,2.846115,13698.56116,465.924322,2025-11-08T23:59:59Z
naver-SYNTH-001-2025-11-08-C10,synthetic-advertiser-001,naver,SYNTH-001,2025-11-08,C10,Seasonal,Naver,541697.74,66796,2734.0,116.1,3764648.31,4.093059,198.133774,4.246525,4665.785852,694.972131,2025-11-08T23:59:59Z
naver-SYNTH-001-2025-11-08-C11,synthetic-advertiser-001,naver,SYNTH-001,2025-11-08,C11,New Product Launch,Naver,662036.7,72747,2606.0,128.48,5408537.27,3.582278,254.043248,4.930161,5152.838602,816.954293,2025-11-08T23:59:59Z
naver-SYNTH-001-2025-11-08-C12,synthetic-advertiser-001,naver,SYNTH-001,2025-11-08,C12,Low Efficiency Legacy,Naver,286512.51,26754,570.0,12.29,751963.95,2.130523,502.653533,2.15614,23312.653694,262.454138,2025-11-08T23:59:59Z
naver-SYNTH-001-2025-11-09-C01,synthetic-advertiser-001,naver,SYNTH-001,2025-11-09,C01,Brand Search Core,Naver,388571.3,62935,4553.0,344.37,3816435.66,7.234448,85.344015,7.563584,1128.354098,982.171265,2025-11-09T23:59:59Z
naver-SYNTH-001-2025-11-09-C02,synthetic-advertiser-001,naver,SYNTH-001,2025-11-09,C02,Brand Search Expansion,Naver,297763.79,40171,2696.0,188.41,2208814.15,6.711309,110.446511,6.988501,1580.403344,741.80078,2025-11-09T23:59:59Z
naver-SYNTH-001-2025-11-09-C03,synthetic-advertiser-001,naver,SYNTH-001,2025-11-09,C03,Generic Search High Intent,Naver,553349.52,65086,2931.0,146.45,5239688.56,4.503273,188.792057,4.996588,3778.41938,946.903971,2025-11-09T23:59:59Z
naver-SYNTH-001-2025-11-09-C04,synthetic-advertiser-001,naver,SYNTH-001,2025-11-09,C04,Generic Search Mid Intent,Naver,512921.37,61258,2700.0,116.54,3693513.66,4.407588,189.970877,4.316296,4401.247371,720.093543,2025-11-09T23:59:59Z
naver-SYNTH-001-2025-11-09-C05,synthetic-advertiser-001,naver,SYNTH-001,2025-11-09,C05,Shopping Best Seller,Naver,833003.79,108832,6374.0,425.71,7268778.88,5.856733,130.687761,6.678852,1956.740014,872.598534,2025-11-09T23:59:59Z
naver-SYNTH-001-2025-11-09-C06,synthetic-advertiser-001,naver,SYNTH-001,2025-11-09,C06,Shopping Long Tail,Naver,451743.33,52924,1872.0,113.49,3051345.49,3.537148,241.315883,6.0625,3980.46818,675.459993,2025-11-09T23:59:59Z
naver-SYNTH-001-2025-11-09-C07,synthetic-advertiser-001,naver,SYNTH-001,2025-11-09,C07,Retargeting,Naver,252928.29,44403,3818.0,346.78,3064354.13,8.598518,66.246277,9.082766,729.362384,1211.550577,2025-11-09T23:59:59Z
naver-SYNTH-001-2025-11-09-C08,synthetic-advertiser-001,naver,SYNTH-001,2025-11-09,C08,Competitor,Naver,443686.22,45431,1390.0,46.07,2009421.05,3.059585,319.198722,3.314388,9630.697264,452.89237,2025-11-09T23:59:59Z
naver-SYNTH-001-2025-11-09-C09,synthetic-advertiser-001,naver,SYNTH-001,2025-11-09,C09,Prospecting,Naver,760522.51,77418,2717.0,65.56,6985317.61,3.50952,279.91259,2.412955,11600.404333,918.489267,2025-11-09T23:59:59Z
naver-SYNTH-001-2025-11-09-C10,synthetic-advertiser-001,naver,SYNTH-001,2025-11-09,C10,Seasonal,Naver,548103.65,66053,2494.0,74.91,6024298.25,3.775756,219.768904,3.003609,7316.828829,1099.116614,2025-11-09T23:59:59Z
naver-SYNTH-001-2025-11-09-C11,synthetic-advertiser-001,naver,SYNTH-001,2025-11-09,C11,New Product Launch,Naver,519329.47,54746,1961.0,90.13,4560525.57,3.581997,264.828896,4.596124,5762.004496,878.156522,2025-11-09T23:59:59Z
naver-SYNTH-001-2025-11-09-C12,synthetic-advertiser-001,naver,SYNTH-001,2025-11-09,C12,Low Efficiency Legacy,Naver,266564.27,24743,539.0,10.04,829747.17,2.178394,494.553371,1.862709,26550.225773,311.274716,2025-11-09T23:59:59Z
naver-SYNTH-001-2025-11-10-C01,synthetic-advertiser-001,naver,SYNTH-001,2025-11-10,C01,Brand Search Core,Naver,628246.19,98056,7248.0,662.06,5336337.62,7.391695,86.678558,9.134382,948.926359,849.402312,2025-11-10T23:59:59Z
naver-SYNTH-001-2025-11-10-C02,synthetic-advertiser-001,naver,SYNTH-001,2025-11-10,C02,Brand Search Expansion,Naver,413939.8,57892,3857.0,308.14,3074596.08,6.662406,107.321701,7.989111,1343.349782,742.764061,2025-11-10T23:59:59Z
naver-SYNTH-001-2025-11-10-C03,synthetic-advertiser-001,naver,SYNTH-001,2025-11-10,C03,Generic Search High Intent,Naver,787796.02,110417,4769.0,242.81,7689488.61,4.319081,165.19103,5.091424,3244.495782,976.076092,2025-11-10T23:59:59Z
naver-SYNTH-001-2025-11-10-C04,synthetic-advertiser-001,naver,SYNTH-001,2025-11-10,C04,Generic Search Mid Intent,Naver,710329.89,85488,3244.0,141.61,4300589.6,3.794685,218.967289,4.36529,5016.099756,605.435542,2025-11-10T23:59:59Z
naver-SYNTH-001-2025-11-10-C05,synthetic-advertiser-001,naver,SYNTH-001,2025-11-10,C05,Shopping Best Seller,Naver,1001396.36,134425,7655.0,449.36,9086509.59,5.694625,130.815984,5.87015,2228.494649,907.383929,2025-11-10T23:59:59Z
naver-SYNTH-001-2025-11-10-C06,synthetic-advertiser-001,naver,SYNTH-001,2025-11-10,C06,Shopping Long Tail,Naver,566251.0,65293,2509.0,108.57,4380366.84,3.842678,225.687923,4.327222,5215.538341,773.573354,2025-11-10T23:59:59Z
naver-SYNTH-001-2025-11-10-C07,synthetic-advertiser-001,naver,SYNTH-001,2025-11-10,C07,Retargeting,Naver,349433.12,63897,5489.0,591.23,4315564.15,8.590388,63.660616,10.771179,591.027385,1235.018633,2025-11-10T23:59:59Z
naver-SYNTH-001-2025-11-10-C08,synthetic-advertiser-001,naver,SYNTH-001,2025-11-10,C08,Competitor,Naver,577043.55,63559,2366.0,74.02,5472363.19,3.722526,243.889919,3.128487,7795.778833,948.34492,2025-11-10T23:59:59Z
naver-SYNTH-001-2025-11-10-C09,synthetic-advertiser-001,naver,SYNTH-001,2025-11-10,C09,Prospecting,Naver,1049568.08,99737,2784.0,92.47,10657604.41,2.791341,377.00003,3.32148,11350.363179,1015.427639,2025-11-10T23:59:59Z
naver-SYNTH-001-2025-11-10-C10,synthetic-advertiser-001,naver,SYNTH-001,2025-11-10,C10,Seasonal,Naver,782143.53,109090,4720.0,178.68,6180063.03,4.326703,165.708375,3.785593,4377.342349,790.144364,2025-11-10T23:59:59Z
naver-SYNTH-001-2025-11-10-C11,synthetic-advertiser-001,naver,SYNTH-001,2025-11-10,C11,New Product Launch,Naver,797710.13,89316,4183.0,114.11,7409123.55,4.683371,190.702876,2.727946,6990.711848,928.798981,2025-11-10T23:59:59Z
naver-SYNTH-001-2025-11-10-C12,synthetic-advertiser-001,naver,SYNTH-001,2025-11-10,C12,Low Efficiency Legacy,Naver,397794.88,33494,809.0,19.08,1198765.28,2.415358,491.711846,2.358467,20848.788459,301.352614,2025-11-10T23:59:59Z
naver-SYNTH-001-2025-11-11-C01,synthetic-advertiser-001,naver,SYNTH-001,2025-11-11,C01,Brand Search Core,Naver,535052.83,79881,6023.0,453.08,5150976.83,7.539966,88.834937,7.522497,1180.92352,962.704345,2025-11-11T23:59:59Z
naver-SYNTH-001-2025-11-11-C02,synthetic-advertiser-001,naver,SYNTH-001,2025-11-11,C02,Brand Search Expansion,Naver,349672.67,54260,3608.0,233.2,2896457.82,6.649466,96.915928,6.463415,1499.453986,828.33406,2025-11-11T23:59:59Z
naver-SYNTH-001-2025-11-11-C03,synthetic-advertiser-001,naver,SYNTH-001,2025-11-11,C03,Generic Search High Intent,Naver,838250.85,101920,4809.0,293.01,8084957.65,4.718407,174.308766,6.092951,2860.826775,964.503361,2025-11-11T23:59:59Z
naver-SYNTH-001-2025-11-11-C04,synthetic-advertiser-001,naver,SYNTH-001,2025-11-11,C04,Generic Search Mid Intent,Naver,611090.8,74486,2849.0,151.81,4541835.04,3.82488,214.493085,5.328536,4025.365904,743.234076,2025-11-11T23:59:59Z
naver-SYNTH-001-2025-11-11-C05,synthetic-advertiser-001,naver,SYNTH-001,2025-11-11,C05,Shopping Best Seller,Naver,977023.44,122190,7902.0,492.07,11363948.98,6.466978,123.642552,6.227158,1985.53751,1163.119378,2025-11-11T23:59:59Z
naver-SYNTH-001-2025-11-11-C06,synthetic-advertiser-001,naver,SYNTH-001,2025-11-11,C06,Shopping Long Tail,Naver,657214.72,75912,2547.0,144.07,4894727.48,3.355201,258.034833,5.656459,4561.773589,744.768387,2025-11-11T23:59:59Z
naver-SYNTH-001-2025-11-11-C07,synthetic-advertiser-001,naver,SYNTH-001,2025-11-11,C07,Retargeting,Naver,391918.71,56556,4975.0,485.33,4517966.7,8.796591,78.77763,9.755377,807.530356,1152.781588,2025-11-11T23:59:59Z
naver-SYNTH-001-2025-11-11-C08,synthetic-advertiser-001,naver,SYNTH-001,2025-11-11,C08,Competitor,Naver,601362.03,57916,1684.0,51.14,4295640.78,2.907659,357.103345,3.036817,11759.132449,714.318588,2025-11-11T23:59:59Z
naver-SYNTH-001-2025-11-11-C09,synthetic-advertiser-001,naver,SYNTH-001,2025-11-11,C09,Prospecting,Naver,913775.63,94726,2438.0,77.56,9353679.84,2.573739,374.805429,3.181296,11781.532167,1023.629815,2025-11-11T23:59:59Z
naver-SYNTH-001-2025-11-11-C10,synthetic-advertiser-001,naver,SYNTH-001,2025-11-11,C10,Seasonal,Naver,823729.82,101070,5384.0,254.05,9577536.51,5.327001,152.99588,4.718611,3242.392513,1162.703632,2025-11-11T23:59:59Z
naver-SYNTH-001-2025-11-11-C11,synthetic-advertiser-001,naver,SYNTH-001,2025-11-11,C11,New Product Launch,Naver,802846.2,96925,3879.0,188.77,5690934.83,4.002063,206.972467,4.86646,4253.039155,708.844959,2025-11-11T23:59:59Z
naver-SYNTH-001-2025-11-11-C12,synthetic-advertiser-001,naver,SYNTH-001,2025-11-11,C12,Low Efficiency Legacy,Naver,420206.76,40364,782.0,18.63,1234499.13,1.93737,537.348797,2.382353,22555.381595,293.783738,2025-11-11T23:59:59Z
naver-SYNTH-001-2025-11-12-C01,synthetic-advertiser-001,naver,SYNTH-001,2025-11-12,C01,Brand Search Core,Naver,700470.51,110997,9142.0,638.4,5750035.09,8.236259,76.621146,6.983155,1097.228246,820.881819,2025-11-12T23:59:59Z
naver-SYNTH-001-2025-11-12-C02,synthetic-advertiser-001,naver,SYNTH-001,2025-11-12,C02,Brand Search Expansion,Naver,383605.86,57590,3775.0,249.43,3081701.87,6.554957,101.617446,6.607417,1537.929918,803.351094,2025-11-12T23:59:59Z
naver-SYNTH-001-2025-11-12-C03,synthetic-advertiser-001,naver,SYNTH-001,2025-11-12,C03,Generic Search High Intent,Naver,857259.64,127455,5602.0,281.05,7509162.27,4.395277,153.027426,5.016958,3050.203317,875.949584,2025-11-12T23:59:59Z
naver-SYNTH-001-2025-11-12-C04,synthetic-advertiser-001,naver,SYNTH-001,2025-11-12,C04,Generic Search Mid Intent,Naver,696256.63,80459,3481.0,125.26,4637616.61,4.326427,200.016268,3.598391,5558.491362,666.078631,2025-11-12T23:59:59Z
naver-SYNTH-001-2025-11-12-C05,synthetic-advertiser-001,naver,SYNTH-001,2025-11-12,C05,Shopping Best Seller,Naver,963266.91,134174,7979.0,495.21,11105234.67,5.946756,120.725268,6.206417,1945.168539,1152.872016,2025-11-12T23:59:59Z
naver-SYNTH-001-2025-11-12-C06,synthetic-advertiser-001,naver,SYNTH-001,2025-11-12,C06,Shopping Long Tail,Naver,593275.07,71939,2174.0,115.56,3810493.28,3.022005,272.895616,5.315547,5133.913726,642.281037,2025-11-12T23:59:59Z
naver-SYNTH-001-2025-11-12-C07,synthetic-advertiser-001,naver,SYNTH-001,2025-11-12,C07,Retargeting,Naver,398554.03,63978,5997.0,578.65,4717088.26,9.373535,66.458902,9.648991,688.765288,1183.550498,2025-11-12T23:59:59Z
naver-SYNTH-001-2025-11-12-C08,synthetic-advertiser-001,naver,SYNTH-001,2025-11-12,C08,Competitor,Naver,540427.78,63569,1925.0,59.29,5234588.12,3.028206,280.741706,3.08,9114.990452,968.600852,2025-11-12T23:59:59Z
naver-SYNTH-001-2025-11-12-C09,synthetic-advertiser-001,naver,SYNTH-001,2025-11-12,C09,Prospecting,Naver,1024600.42,108571,2613.0,80.98,8007701.26,2.40672,392.1165,3.09912,12652.511922,781.543824,2025-11-12T23:59:59Z
naver-SYNTH-001-2025-11-12-C10,synthetic-advertiser-001,naver,SYNTH-001,2025-11-12,C10,Seasonal,Naver,758804.49,91594,3893.0,236.07,8892273.42,4.250278,194.915102,6.063961,3214.319875,1171.879384,2025-11-12T23:59:59Z
naver-SYNTH-001-2025-11-12-C11,synthetic-advertiser-001,naver,SYNTH-001,2025-11-12,C11,New Product Launch,Naver,836000.46,95318,4211.0,149.45,5255756.63,4.417843,198.527776,3.549038,5593.8472,628.678674,2025-11-12T23:59:59Z
naver-SYNTH-001-2025-11-12-C12,synthetic-advertiser-001,naver,SYNTH-001,2025-11-12,C12,Low Efficiency Legacy,Naver,353281.29,32751,686.0,11.82,1173444.0,2.094593,514.987306,1.723032,29888.43418,332.155715,2025-11-12T23:59:59Z
naver-SYNTH-001-2025-11-13-C01,synthetic-advertiser-001,naver,SYNTH-001,2025-11-13,C01,Brand Search Core,Naver,591057.66,91990,6059.0,451.83,5162855.05,6.586585,97.550365,7.457171,1308.14169,873.494314,2025-11-13T23:59:59Z
naver-SYNTH-001-2025-11-13-C02,synthetic-advertiser-001,naver,SYNTH-001,2025-11-13,C02,Brand Search Expansion,Naver,411578.39,56804,3477.0,221.93,2853771.43,6.121048,118.371698,6.382801,1854.541489,693.372508,2025-11-13T23:59:59Z
naver-SYNTH-001-2025-11-13-C03,synthetic-advertiser-001,naver,SYNTH-001,2025-11-13,C03,Generic Search High Intent,Naver,711704.19,101316,5025.0,213.99,6035410.97,4.95973,141.632676,4.258507,3325.87595,848.022397,2025-11-13T23:59:59Z
naver-SYNTH-001-2025-11-13-C04,synthetic-advertiser-001,naver,SYNTH-001,2025-11-13,C04,Generic Search Mid Intent,Naver,700214.53,84358,2870.0,97.82,4965015.36,3.402167,243.977187,3.408362,7158.193897,709.070602,2025-11-13T23:59:59Z
naver-SYNTH-001-2025-11-13-C05,synthetic-advertiser-001,naver,SYNTH-001,2025-11-13,C05,Shopping Best Seller,Naver,872217.78,106604,6342.0,411.82,7508013.2,5.94912,137.530397,6.493535,2117.958758,860.795711,2025-11-13T23:59:59Z
naver-SYNTH-001-2025-11-13-C06,synthetic-advertiser-001,naver,SYNTH-001,2025-11-13,C06,Shopping Long Tail,Naver,635588.59,71809,2922.0,173.02,4523138.28,4.069128,217.518341,5.921287,3673.497825,711.645603,2025-11-13T23:59:59Z
naver-SYNTH-001-2025-11-13-C07,synthetic-advertiser-001,naver,SYNTH-001,2025-11-13,C07,Retargeting,Naver,391734.94,65703,5354.0,574.89,4418241.75,8.148791,73.166781,10.737579,681.408519,1127.865111,2025-11-13T23:59:59Z
naver-SYNTH-001-2025-11-13-C08,synthetic-advertiser-001,naver,SYNTH-001,2025-11-13,C08,Competitor,Naver,625510.56,66935,2443.0,98.49,5267425.52,3.64981,256.041979,4.031519,6351.005746,842.10018,2025-11-13T23:59:59Z
naver-SYNTH-001-2025-11-13-C09,synthetic-advertiser-001,naver,SYNTH-001,2025-11-13,C09,Prospecting,Naver,1111599.5,101685,2691.0,63.46,8020554.67,2.646408,413.080452,2.358231,17516.537914,721.532773,2025-11-13T23:59:59Z
naver-SYNTH-001-2025-11-13-C10,synthetic-advertiser-001,naver,SYNTH-001,2025-11-13,C10,Seasonal,Naver,820760.97,105624,5012.0,288.2,7220908.6,4.745134,163.759173,5.7502,2847.886789,879.782159,2025-11-13T23:59:59Z
naver-SYNTH-001-2025-11-13-C11,synthetic-advertiser-001,naver,SYNTH-001,2025-11-13,C11,New Product Launch,Naver,842372.76,90277,3575.0,124.37,4592452.82,3.960034,235.628745,3.478881,6773.118632,545.180592,2025-11-13T23:59:59Z
naver-SYNTH-001-2025-11-13-C12,synthetic-advertiser-001,naver,SYNTH-001,2025-11-13,C12,Low Efficiency Legacy,Naver,397386.91,38971,1113.0,20.65,1122426.46,2.85597,357.041253,1.855346,19243.918368,282.451791,2025-11-13T23:59:59Z
naver-SYNTH-001-2025-11-14-C01,synthetic-advertiser-001,naver,SYNTH-001,2025-11-14,C01,Brand Search Core,Naver,591022.3,95218,6960.0,595.98,5759497.89,7.309542,84.916997,8.562931,991.68143,974.497561,2025-11-14T23:59:59Z
naver-SYNTH-001-2025-11-14-C02,synthetic-advertiser-001,naver,SYNTH-001,2025-11-14,C02,Brand Search Expansion,Naver,387513.92,58659,4038.0,269.08,3000595.8,6.883854,95.966796,6.663695,1440.143903,774.319486,2025-11-14T23:59:59Z
naver-SYNTH-001-2025-11-14-C03,synthetic-advertiser-001,naver,SYNTH-001,2025-11-14,C03,Generic Search High Intent,Naver,736023.34,103905,4206.0,210.06,7273572.93,4.047928,174.99366,4.994294,3503.87192,988.22586,2025-11-14T23:59:59Z
naver-SYNTH-001-2025-11-14-C04,synthetic-advertiser-001,naver,SYNTH-001,2025-11-14,C04,Generic Search Mid Intent,Naver,668700.91,94180,3809.0,170.16,4879182.83,4.044383,175.558127,4.467314,3929.836073,729.650997,2025-11-14T23:59:59Z
naver-SYNTH-001-2025-11-14-C05,synthetic-advertiser-001,naver,SYNTH-001,2025-11-14,C05,Shopping Best Seller,Naver,1019825.32,129678,6728.0,377.45,9887891.3,5.188235,151.579269,5.610137,2701.881905,969.567146,2025-11-14T23:59:59Z
naver-SYNTH-001-2025-11-14-C06,synthetic-advertiser-001,naver,SYNTH-001,2025-11-14,C06,Shopping Long Tail,Naver,597247.72,67549,2553.0,120.5,4653466.67,3.779479,233.939571,4.719937,4956.412655,779.151846,2025-11-14T23:59:59Z
naver-SYNTH-001-2025-11-14-C07,synthetic-advertiser-001,naver,SYNTH-001,2025-11-14,C07,Retargeting,Naver,406447.93,60710,5054.0,471.93,4855752.23,8.324823,80.421039,9.337752,861.246224,1194.680024,2025-11-14T23:59:59Z
naver-SYNTH-001-2025-11-14-C08,synthetic-advertiser-001,naver,SYNTH-001,2025-11-14,C08,Competitor,Naver,554106.09,60418,2010.0,93.37,4182350.73,3.326823,275.67467,4.645274,5934.519516,754.792417,2025-11-14T23:59:59Z
naver-SYNTH-001-2025-11-14-C09,synthetic-advertiser-001,naver,SYNTH-001,2025-11-14,C09,Prospecting,Naver,1020202.33,95741,2330.0,65.02,7785420.42,2.433649,437.855077,2.790558,15690.592573,763.125137,2025-11-14T23:59:59Z
naver-SYNTH-001-2025-11-14-C10,synthetic-advertiser-001,naver,SYNTH-001,2025-11-14,C10,Seasonal,Naver,716142.82,78748,3864.0,230.82,7387125.73,4.906791,185.337168,5.973602,3102.602971,1031.515719,2025-11-14T23:59:59Z
naver-SYNTH-001-2025-11-14-C11,synthetic-advertiser-001,naver,SYNTH-001,2025-11-14,C11,New Product Launch,Naver,837974.65,86131,2901.0,100.46,3921600.79,3.368125,288.857171,3.462944,8341.376198,467.985609,2025-11-14T23:59:59Z
naver-SYNTH-001-2025-11-14-C12,synthetic-advertiser-001,naver,SYNTH-001,2025-11-14,C12,Low Efficiency Legacy,Naver,371977.04,33201,672.0,12.7,1164739.32,2.024035,553.537265,1.889881,29289.530873,313.121293,2025-11-14T23:59:59Z
naver-SYNTH-001-2025-11-15-C01,synthetic-advertiser-001,naver,SYNTH-001,2025-11-15,C01,Brand Search Core,Naver,497098.23,74279,5530.0,461.76,5524191.8,7.444904,89.891181,8.35009,1076.529432,1111.287762,2025-11-15T23:59:59Z
naver-SYNTH-001-2025-11-15-C02,synthetic-advertiser-001,naver,SYNTH-001,2025-11-15,C02,Brand Search Expansion,Naver,411289.96,55119,3338.0,256.27,3306899.27,6.055988,123.214487,7.677352,1604.908717,804.031125,2025-11-15T23:59:59Z
naver-SYNTH-001-2025-11-15-C03,synthetic-advertiser-001,naver,SYNTH-001,2025-11-15,C03,Generic Search High Intent,Naver,721960.03,95624,4947.0,237.76,5912571.95,5.173387,145.93896,4.806145,3036.507545,818.961116,2025-11-15T23:59:59Z
naver-SYNTH-001-2025-11-15-C04,synthetic-advertiser-001,naver,SYNTH-001,2025-11-15,C04,Generic Search Mid Intent,Naver,719413.64,78319,3010.0,181.56,4119882.36,3.843256,239.007854,6.031894,3962.401634,572.672261,2025-11-15T23:59:59Z
naver-SYNTH-001-2025-11-15-C05,synthetic-advertiser-001,naver,SYNTH-001,2025-11-15,C05,Shopping Best Seller,Naver,917881.57,124367,7563.0,403.59,10002578.41,6.081195,121.364745,5.336374,2274.292148,1089.74608,2025-11-15T23:59:59Z
naver-SYNTH-001-2025-11-15-C06,synthetic-advertiser-001,naver,SYNTH-001,2025-11-15,C06,Shopping Long Tail,Naver,615106.69,73340,2982.0,112.86,4689103.31,4.065994,206.273202,3.784708,5450.174459,762.323576,2025-11-15T23:59:59Z
naver-SYNTH-001-2025-11-15-C07,synthetic-advertiser-001,naver,SYNTH-001,2025-11-15,C07,Retargeting,Naver,357178.11,54626,4556.0,421.78,4577971.32,8.340351,78.397302,9.257682,846.835095,1281.705468,2025-11-15T23:59:59Z
naver-SYNTH-001-2025-11-15-C08,synthetic-advertiser-001,naver,SYNTH-001,2025-11-15,C08,Competitor,Naver,482105.35,46005,1341.0,42.94,2294314.58,2.914901,359.51182,3.202088,11227.418508,475.89486,2025-11-15T23:59:59Z
naver-SYNTH-001-2025-11-15-C09,synthetic-advertiser-001,naver,SYNTH-001,2025-11-15,C09,Prospecting,Naver,1142980.83,122388,3265.0,89.16,8021199.93,2.667745,350.070699,2.730781,12819.435082,701.779042,2025-11-15T23:59:59Z
naver-SYNTH-001-2025-11-15-C10,synthetic-advertiser-001,naver,SYNTH-001,2025-11-15,C10,Seasonal,Naver,670615.14,81524,3533.0,155.71,6925717.59,4.333693,189.814645,4.407303,4306.821272,1032.741012,2025-11-15T23:59:59Z
naver-SYNTH-001-2025-11-15-C11,synthetic-advertiser-001,naver,SYNTH-001,2025-11-15,C11,New Product Launch,Naver,783504.22,86892,2964.0,108.28,5674348.72,3.411131,264.340156,3.653171,7235.90897,724.226947,2025-11-15T23:59:59Z
naver-SYNTH-001-2025-11-15-C12,synthetic-advertiser-001,naver,SYNTH-001,2025-11-15,C12,Low Efficiency Legacy,Naver,340549.95,35152,877.0,18.01,876387.8,2.494879,388.312376,2.053592,18908.936896,257.34486,2025-11-15T23:59:59Z
naver-SYNTH-001-2025-11-16-C01,synthetic-advertiser-001,naver,SYNTH-001,2025-11-16,C01,Brand Search Core,Naver,539122.74,83399,6844.0,564.79,5863519.34,8.206333,78.773048,8.252338,954.554331,1087.603786,2025-11-16T23:59:59Z
naver-SYNTH-001-2025-11-16-C02,synthetic-advertiser-001,naver,SYNTH-001,2025-11-16,C02,Brand Search Expansion,Naver,390840.31,54549,3497.0,248.45,2916582.7,6.41075,111.764457,7.104661,1573.114536,746.233859,2025-11-16T23:59:59Z
naver-SYNTH-001-2025-11-16-C03,synthetic-advertiser-001,naver,SYNTH-001,2025-11-16,C03,Generic Search High Intent,Naver,683800.96,90614,4387.0,182.66,7295532.09,4.841415,155.869835,4.163665,3743.572562,1066.908717,2025-11-16T23:59:59Z
naver-SYNTH-001-2025-11-16-C04,synthetic-advertiser-001,naver,SYNTH-001,2025-11-16,C04,Generic Search Mid Intent,Naver,618131.84,74516,3128.0,134.4,4776014.66,4.197756,197.61248,4.296675,4599.195229,772.653076,2025-11-16T23:59:59Z
naver-SYNTH-001-2025-11-16-C05,synthetic-advertiser-001,naver,SYNTH-001,2025-11-16,C05,Shopping Best Seller,Naver,819167.54,109498,6467.0,401.85,6959905.96,5.906044,126.668863,6.213855,2038.490819,849.631566,2025-11-16T23:59:59Z
naver-SYNTH-001-2025-11-16-C06,synthetic-advertiser-001,naver,SYNTH-001,2025-11-16,C06,Shopping Long Tail,Naver,519490.07,52448,2263.0,103.56,3278005.01,4.31475,229.55814,4.576226,5016.319723,631.004362,2025-11-16T23:59:59Z
naver-SYNTH-001-2025-11-16-C07,synthetic-advertiser-001,naver,SYNTH-001,2025-11-16,C07,Retargeting,Naver,345029.45,59517,5369.0,539.05,4513986.16,9.020952,64.263262,10.040045,640.069477,1308.2901,2025-11-16T23:59:59Z
naver-SYNTH-001-2025-11-16-C08,synthetic-advertiser-001,naver,SYNTH-001,2025-11-16,C08,Competitor,Naver,413259.42,43335,1453.0,56.81,3689565.39,3.352948,284.418048,3.909842,7274.413364,892.796433,2025-11-16T23:59:59Z
naver-SYNTH-001-2025-11-16-C09,synthetic-advertiser-001,naver,SYNTH-001,2025-11-16,C09,Prospecting,Naver,897310.31,94037,2611.0,67.94,8779732.17,2.776567,343.66538,2.602068,13207.393385,978.449941,2025-11-16T23:59:59Z
naver-SYNTH-001-2025-11-16-C10,synthetic-advertiser-001,naver,SYNTH-001,2025-11-16,C10,Seasonal,Naver,725709.09,92666,4477.0,246.54,10275193.81,4.83133,162.097184,5.506813,2943.575458,1415.883293,2025-11-16T23:59:59Z
naver-SYNTH-001-2025-11-16-C11,synthetic-advertiser-001,naver,SYNTH-001,2025-11-16,C11,New Product Launch,Naver,764942.76,90998,2891.0,112.23,6392169.84,3.176993,264.59452,3.882048,6815.849205,835.640286,2025-11-16T23:59:59Z
naver-SYNTH-001-2025-11-16-C12,synthetic-advertiser-001,naver,SYNTH-001,2025-11-16,C12,Low Efficiency Legacy,Naver,321995.2,31792,753.0,17.48,1005818.47,2.36852,427.616465,2.321381,18420.777932,312.370641,2025-11-16T23:59:59Z
naver-SYNTH-001-2025-11-17-C01,synthetic-advertiser-001,naver,SYNTH-001,2025-11-17,C01,Brand Search Core,Naver,586456.58,73670,6055.0,449.56,5255290.55,8.219085,96.854927,7.424608,1304.512377,896.109054,2025-11-17T23:59:59Z
naver-SYNTH-001-2025-11-17-C02,synthetic-advertiser-001,naver,SYNTH-001,2025-11-17,C02,Brand Search Expansion,Naver,489197.35,65978,4145.0,280.16,3471096.26,6.282397,118.021073,6.758987,1746.135595,709.54928,2025-11-17T23:59:59Z
naver-SYNTH-001-2025-11-17-C03,synthetic-advertiser-001,naver,SYNTH-001,2025-11-17,C03,Generic Search High Intent,Naver,802673.31,89121,3158.0,143.38,6849852.51,3.543497,254.171409,4.540215,5598.223672,853.379878,2025-11-17T23:59:59Z
naver-SYNTH-001-2025-11-17-C04,synthetic-advertiser-001,naver,SYNTH-001,2025-11-17,C04,Generic Search Mid Intent,Naver,674604.64,73932,2850.0,110.04,5237145.99,3.854894,236.703382,3.861053,6130.540148,776.328192,2025-11-17T23:59:59Z
naver-SYNTH-001-2025-11-17-C05,synthetic-advertiser-001,naver,SYNTH-001,2025-11-17,C05,Shopping Best Seller,Naver,886423.92,118974,5432.0,304.18,8892834.98,4.565703,163.185552,5.599779,2914.14268,1003.225971,2025-11-17T23:59:59Z
naver-SYNTH-001-2025-11-17-C06,synthetic-advertiser-001,naver,SYNTH-001,2025-11-17,C06,Shopping Long Tail,Naver,627664.24,63030,2354.0,132.39,4584472.5,3.734729,266.637314,5.624044,4741.024523,730.402058,2025-11-17T23:59:59Z
naver-SYNTH-001-2025-11-17-C07,synthetic-advertiser-001,naver,SYNTH-001,2025-11-17,C07,Retargeting,Naver,346830.2,59455,4420.0,526.42,3985915.93,7.434194,78.468371,11.909955,658.84693,1149.241306,2025-11-17T23:59:59Z
naver-SYNTH-001-2025-11-17-C08,synthetic-advertiser-001,naver,SYNTH-001,2025-11-17,C08,Competitor,Naver,540641.03,54570,1396.0,54.46,4525191.73,2.558182,387.278675,3.901146,9927.305008,837.004864,2025-11-17T23:59:59Z
naver-SYNTH-001-2025-11-17-C09,synthetic-advertiser-001,naver,SYNTH-001,2025-11-17,C09,Prospecting,Naver,967789.39,94678,2743.0,0.0,8191363.33,2.897188,352.821504,0.0,0,846.399376,2025-11-17T23:59:59Z
naver-SYNTH-001-2025-11-17-C10,synthetic-advertiser-001,naver,SYNTH-001,2025-11-17,C10,Seasonal,Naver,721100.05,94398,3684.0,0.0,7277435.56,3.902625,195.738343,0.0,0,1009.213009,2025-11-17T23:59:59Z
naver-SYNTH-001-2025-11-17-C11,synthetic-advertiser-001,naver,SYNTH-001,2025-11-17,C11,New Product Launch,Naver,845706.34,98527,3875.0,142.87,5307973.01,3.932932,218.246797,3.686968,5919.411628,627.637841,2025-11-17T23:59:59Z
naver-SYNTH-001-2025-11-17-C12,synthetic-advertiser-001,naver,SYNTH-001,2025-11-17,C12,Low Efficiency Legacy,Naver,441974.63,39458,730.0,17.11,1168470.59,1.850068,605.444702,2.343836,25831.363662,264.375035,2025-11-17T23:59:59Z
naver-SYNTH-001-2025-11-18-C01,synthetic-advertiser-001,naver,SYNTH-001,2025-11-18,C01,Brand Search Core,Naver,592917.3,92934,6829.0,625.74,5669905.44,7.348226,86.823444,9.162981,947.545784,956.272561,2025-11-18T23:59:59Z
naver-SYNTH-001-2025-11-18-C02,synthetic-advertiser-001,naver,SYNTH-001,2025-11-18,C02,Brand Search Expansion,Naver,448769.38,65107,3830.0,234.96,3056242.38,5.882624,117.172163,6.134726,1909.98206,681.027378,2025-11-18T23:59:59Z
naver-SYNTH-001-2025-11-18-C03,synthetic-advertiser-001,naver,SYNTH-001,2025-11-18,C03,Generic Search High Intent,Naver,803106.3,95177,4775.0,319.38,6908271.45,5.016968,168.189802,6.688586,2514.579196,860.193902,2025-11-18T23:59:59Z
naver-SYNTH-001-2025-11-18-C04,synthetic-advertiser-001,naver,SYNTH-001,2025-11-18,C04,Generic Search Mid Intent,Naver,595941.11,66183,2884.0,134.75,4543403.33,4.357614,206.637002,4.67233,4422.568556,762.391322,2025-11-18T23:59:59Z
naver-SYNTH-001-2025-11-18-C05,synthetic-advertiser-001,naver,SYNTH-001,2025-11-18,C05,Shopping Best Seller,Naver,1036186.82,142054,6928.0,515.49,11090927.87,4.877019,149.565072,7.440676,2010.100712,1070.359871,2025-11-18T23:59:59Z
naver-SYNTH-001-2025-11-18-C06,synthetic-advertiser-001,naver,SYNTH-001,2025-11-18,C06,Shopping Long Tail,Naver,618916.17,68872,3026.0,137.38,4870187.71,4.393658,204.532773,4.539987,4505.140265,786.88972,2025-11-18T23:59:59Z
naver-SYNTH-001-2025-11-18-C07,synthetic-advertiser-001,naver,SYNTH-001,2025-11-18,C07,Retargeting,Naver,370346.05,58988,4747.0,428.99,4869542.74,8.047399,78.016863,9.037076,863.29763,1314.86288,2025-11-18T23:59:59Z
naver-SYNTH-001-2025-11-18-C08,synthetic-advertiser-001,naver,SYNTH-001,2025-11-18,C08,Competitor,Naver,664253.0,71345,2467.0,92.73,3549448.8,3.457846,269.255373,3.758816,7163.302113,534.351938,2025-11-18T23:59:59Z
naver-SYNTH-001-2025-11-18-C09,synthetic-advertiser-001,naver,SYNTH-001,2025-11-18,C09,Prospecting,Naver,974663.5,98869,2943.0,82.36,8166880.31,2.976666,331.180257,2.798505,11834.185245,837.917941,2025-11-18T23:59:59Z
naver-SYNTH-001-2025-11-18-C10,synthetic-advertiser-001,naver,SYNTH-001,2025-11-18,C10,Seasonal,Naver,772052.24,98347,3616.0,154.86,5385971.7,3.676777,213.510022,4.282633,4985.485209,697.617521,2025-11-18T23:59:59Z
naver-SYNTH-001-2025-11-18-C11,synthetic-advertiser-001,naver,SYNTH-001,2025-11-18,C11,New Product Launch,Naver,737321.71,81304,2856.0,115.15,3496391.4,3.512742,258.165864,4.031863,6403.141187,474.201608,2025-11-18T23:59:59Z
naver-SYNTH-001-2025-11-18-C12,synthetic-advertiser-001,naver,SYNTH-001,2025-11-18,C12,Low Efficiency Legacy,Naver,366073.9,32144,646.0,12.95,1096892.87,2.009706,566.677862,2.004644,28268.254742,299.637005,2025-11-18T23:59:59Z
naver-SYNTH-001-2025-11-19-C01,synthetic-advertiser-001,naver,SYNTH-001,2025-11-19,C01,Brand Search Core,Naver,591908.64,92572,7193.0,560.04,5499910.82,7.770168,82.289537,7.785903,1056.904224,929.182383,2025-11-19T23:59:59Z
naver-SYNTH-001-2025-11-19-C02,synthetic-advertiser-001,naver,SYNTH-001,2025-11-19,C02,Brand Search Expansion,Naver,415632.94,60853,3496.0,232.78,3234419.73,5.744992,118.888141,6.658467,1785.518263,778.191381,2025-11-19T23:59:59Z
naver-SYNTH-001-2025-11-19-C03,synthetic-advertiser-001,naver,SYNTH-001,2025-11-19,C03,Generic Search High Intent,Naver,832509.35,106532,5569.0,272.95,6773825.99,5.227537,149.489917,4.901239,3050.043408,813.663655,2025-11-19T23:59:59Z
naver-SYNTH-001-2025-11-19-C04,synthetic-advertiser-001,naver,SYNTH-001,2025-11-19,C04,Generic Search Mid Intent,Naver,705952.79,79471,2506.0,111.83,4733211.3,3.153352,281.705026,4.46249,6312.731774,670.47136,2025-11-19T23:59:59Z
naver-SYNTH-001-2025-11-19-C05,synthetic-advertiser-001,naver,SYNTH-001,2025-11-19,C05,Shopping Best Seller,Naver,1007489.24,129773,7658.0,453.66,8289977.17,5.901073,131.56036,5.924001,2220.802447,822.835308,2025-11-19T23:59:59Z
naver-SYNTH-001-2025-11-19-C06,synthetic-advertiser-001,naver,SYNTH-001,2025-11-19,C06,Shopping Long Tail,Naver,681035.95,69746,2525.0,106.07,4429317.41,3.620279,269.717206,4.200792,6420.627373,650.379387,2025-11-19T23:59:59Z
naver-SYNTH-001-2025-11-19-C07,synthetic-advertiser-001,naver,SYNTH-001,2025-11-19,C07,Retargeting,Naver,375956.08,64495,5396.0,519.64,5087204.09,8.36654,69.673106,9.630096,723.493346,1353.137861,2025-11-19T23:59:59Z
naver-SYNTH-001-2025-11-19-C08,synthetic-advertiser-001,naver,SYNTH-001,2025-11-19,C08,Competitor,Naver,584767.61,63673,2401.0,75.01,3923173.73,3.770829,243.551689,3.124115,7795.861969,670.894504,2025-11-19T23:59:59Z
naver-SYNTH-001-2025-11-19-C09,synthetic-advertiser-001,naver,SYNTH-001,2025-11-19,C09,Prospecting,Naver,1015126.48,95941,2814.0,60.97,8228468.43,2.933053,360.741466,2.166667,16649.606106,810.585534,2025-11-19T23:59:59Z
naver-SYNTH-001-2025-11-19-C10,synthetic-advertiser-001,naver,SYNTH-001,2025-11-19,C10,Seasonal,Naver,829854.68,87728,3496.0,193.35,7486679.85,3.985045,237.372619,5.530606,4291.98177,902.167581,2025-11-19T23:59:59Z
naver-SYNTH-001-2025-11-19-C11,synthetic-advertiser-001,naver,SYNTH-001,2025-11-19,C11,New Product Launch,Naver,817009.84,90026,3961.0,128.99,5394849.03,4.39984,206.263529,3.256501,6333.90059,660.316289,2025-11-19T23:59:59Z
naver-SYNTH-001-2025-11-19-C12,synthetic-advertiser-001,naver,SYNTH-001,2025-11-19,C12,Low Efficiency Legacy,Naver,394638.16,39001,889.0,14.19,1187793.67,2.279429,443.912444,1.596175,27811.005107,300.982973,2025-11-19T23:59:59Z
naver-SYNTH-001-2025-11-20-C01,synthetic-advertiser-001,naver,SYNTH-001,2025-11-20,C01,Brand Search Core,Naver,538421.84,82584,6248.0,411.85,5534164.87,7.56563,86.17507,6.591709,1307.325092,1027.849255,2025-11-20T23:59:59Z
naver-SYNTH-001-2025-11-20-C02,synthetic-advertiser-001,naver,SYNTH-001,2025-11-20,C02,Brand Search Expansion,Naver,426210.35,54769,3721.0,240.58,3054668.94,6.793989,114.541883,6.465466,1771.595097,716.704545,2025-11-20T23:59:59Z
naver-SYNTH-001-2025-11-20-C03,synthetic-advertiser-001,naver,SYNTH-001,2025-11-20,C03,Generic Search High Intent,Naver,839663.21,104201,4137.0,213.26,6835396.48,3.970211,202.964275,5.154943,3937.274718,814.064071,2025-11-20T23:59:59Z
naver-SYNTH-001-2025-11-20-C04,synthetic-advertiser-001,naver,SYNTH-001,2025-11-20,C04,Generic Search Mid Intent,Naver,619349.27,71588,2782.0,123.77,4614610.06,3.886126,222.627343,4.448958,5004.033841,745.073951,2025-11-20T23:59:59Z
naver-SYNTH-001-2025-11-20-C05,synthetic-advertiser-001,naver,SYNTH-001,2025-11-20,C05,Shopping Best Seller,Naver,797983.82,95467,5906.0,384.93,10949505.52,6.186431,135.114091,6.517609,2073.062168,1372.146306,2025-11-20T23:59:59Z
naver-SYNTH-001-2025-11-20-C06,synthetic-advertiser-001,naver,SYNTH-001,2025-11-20,C06,Shopping Long Tail,Naver,607873.44,67657,2641.0,113.56,4281430.38,3.903513,230.167905,4.299886,5352.883374,704.329245,2025-11-20T23:59:59Z
naver-SYNTH-001-2025-11-20-C07,synthetic-advertiser-001,naver,SYNTH-001,2025-11-20,C07,Retargeting,Naver,451933.54,80185,6631.0,718.52,4703063.32,8.269626,68.154658,10.835771,628.978367,1040.653756,2025-11-20T23:59:59Z
naver-SYNTH-001-2025-11-20-C08,synthetic-advertiser-001,naver,SYNTH-001,2025-11-20,C08,Competitor,Naver,686388.52,68415,2193.0,62.17,3463565.82,3.205437,312.990662,2.834929,11040.510248,504.607188,2025-11-20T23:59:59Z
naver-SYNTH-001-2025-11-20-C09,synthetic-advertiser-001,naver,SYNTH-001,2025-11-20,C09,Prospecting,Naver,1002445.42,92716,2021.0,58.82,6946491.58,2.179775,496.014557,2.91044,17042.594674,692.954594,2025-11-20T23:59:59Z
naver-SYNTH-001-2025-11-20-C10,synthetic-advertiser-001,naver,SYNTH-001,2025-11-20,C10,Seasonal,Naver,821444.66,103021,4610.0,217.17,6935999.13,4.474816,178.187563,4.710846,3782.496032,844.365961,2025-11-20T23:59:59Z
naver-SYNTH-001-2025-11-20-C11,synthetic-advertiser-001,naver,SYNTH-001,2025-11-20,C11,New Product Launch,Naver,738822.8,86693,3541.0,133.71,5618962.94,4.084528,208.648066,3.776052,5525.561293,760.529174,2025-11-20T23:59:59Z
naver-SYNTH-001-2025-11-20-C12,synthetic-advertiser-001,naver,SYNTH-001,2025-11-20,C12,Low Efficiency Legacy,Naver,357681.88,31029,798.0,14.27,1208346.64,2.571788,448.222909,1.788221,25065.303539,337.827187,2025-11-20T23:59:59Z
naver-SYNTH-001-2025-11-21-C01,synthetic-advertiser-001,naver,SYNTH-001,2025-11-21,C01,Brand Search Core,Naver,490541.78,66619,5065.0,441.46,4391220.51,7.602936,96.849315,8.715893,1111.180587,895.177673,2025-11-21T23:59:59Z
naver-SYNTH-001-2025-11-21-C02,synthetic-advertiser-001,naver,SYNTH-001,2025-11-21,C02,Brand Search Expansion,Naver,354557.51,52817,3489.0,224.19,2356481.95,6.605828,101.621528,6.425623,1581.504571,664.626158,2025-11-21T23:59:59Z
naver-SYNTH-001-2025-11-21-C03,synthetic-advertiser-001,naver,SYNTH-001,2025-11-21,C03,Generic Search High Intent,Naver,645981.03,85740,4418.0,264.01,5256520.61,5.152787,146.215715,5.975781,2446.805163,813.726775,2025-11-21T23:59:59Z
naver-SYNTH-001-2025-11-21-C04,synthetic-advertiser-001,naver,SYNTH-001,2025-11-21,C04,Generic Search Mid Intent,Naver,609011.17,68326,2301.0,102.85,3358323.39,3.367678,264.672391,4.469796,5921.353154,551.438717,2025-11-21T23:59:59Z
naver-SYNTH-001-2025-11-21-C05,synthetic-advertiser-001,naver,SYNTH-001,2025-11-21,C05,Shopping Best Seller,Naver,773849.54,103567,4756.0,309.45,7753437.06,4.592196,162.710163,6.506518,2500.725594,1001.930829,2025-11-21T23:59:59Z
naver-SYNTH-001-2025-11-21-C06,synthetic-advertiser-001,naver,SYNTH-001,2025-11-21,C06,Shopping Long Tail,Naver,530440.93,53638,2129.0,82.86,3385793.73,3.969201,249.150273,3.891968,6401.652571,638.297976,2025-11-21T23:59:59Z
naver-SYNTH-001-2025-11-21-C07,synthetic-advertiser-001,naver,SYNTH-001,2025-11-21,C07,Retargeting,Naver,256505.71,45875,4154.0,467.89,3362149.13,9.055041,61.749088,11.263601,548.217983,1310.750197,2025-11-21T23:59:59Z
naver-SYNTH-001-2025-11-21-C08,synthetic-advertiser-001,naver,SYNTH-001,2025-11-21,C08,Competitor,Naver,485048.96,51036,1644.0,56.97,3090637.39,3.221256,295.041948,3.465328,8514.112031,637.180496,2025-11-21T23:59:59Z
naver-SYNTH-001-2025-11-21-C09,synthetic-advertiser-001,naver,SYNTH-001,2025-11-21,C09,Prospecting,Naver,801746.0,80517,2191.0,58.73,5749913.98,2.721164,365.926973,2.680511,13651.38766,717.174018,2025-11-21T23:59:59Z
naver-SYNTH-001-2025-11-21-C10,synthetic-advertiser-001,naver,SYNTH-001,2025-11-21,C10,Seasonal,Naver,504350.84,60746,2527.0,175.78,3159224.37,4.159945,199.584818,6.956074,2869.216265,626.394197,2025-11-21T23:59:59Z
naver-SYNTH-001-2025-11-21-C11,synthetic-advertiser-001,naver,SYNTH-001,2025-11-21,C11,New Product Launch,Naver,642722.02,76838,2662.0,103.57,4286699.15,3.464432,241.443282,3.890684,6205.677481,666.96006,2025-11-21T23:59:59Z
naver-SYNTH-001-2025-11-21-C12,synthetic-advertiser-001,naver,SYNTH-001,2025-11-21,C12,Low Efficiency Legacy,Naver,268543.88,24327,500.0,12.25,729131.29,2.055329,537.087769,2.45,21921.949771,271.512901,2025-11-21T23:59:59Z
naver-SYNTH-001-2025-11-22-C01,synthetic-advertiser-001,naver,SYNTH-001,2025-11-22,C01,Brand Search Core,Naver,436857.07,66685,4294.0,321.69,4016023.59,6.439229,101.736625,7.491616,1358.006366,919.299215,2025-11-22T23:59:59Z
naver-SYNTH-001-2025-11-22-C02,synthetic-advertiser-001,naver,SYNTH-001,2025-11-22,C02,Brand Search Expansion,Naver,332577.41,49263,2892.0,184.77,2477657.7,5.870532,114.999103,6.389004,1799.953491,744.986776,2025-11-22T23:59:59Z
naver-SYNTH-001-2025-11-22-C03,synthetic-advertiser-001,naver,SYNTH-001,2025-11-22,C03,Generic Search High Intent,Naver,569602.39,69765,3624.0,160.49,5407893.58,5.194582,157.175054,4.428532,3549.145707,949.415528,2025-11-22T23:59:59Z
naver-SYNTH-001-2025-11-22-C04,synthetic-advertiser-001,naver,SYNTH-001,2025-11-22,C04,Generic Search Mid Intent,Naver,458144.3,51159,2016.0,82.41,3488227.22,3.940656,227.254119,4.087798,5559.329021,761.381771,2025-11-22T23:59:59Z
naver-SYNTH-001-2025-11-22-C05,synthetic-advertiser-001,naver,SYNTH-001,2025-11-22,C05,Shopping Best Seller,Naver,845528.01,108289,6845.0,470.85,7356392.68,6.321048,123.52491,6.878744,1795.748128,870.035366,2025-11-22T23:59:59Z
naver-SYNTH-001-2025-11-22-C06,synthetic-advertiser-001,naver,SYNTH-001,2025-11-22,C06,Shopping Long Tail,Naver,370107.66,40693,1857.0,98.71,2605880.18,4.563438,199.304071,5.315563,3749.44444,704.08707,2025-11-22T23:59:59Z
naver-SYNTH-001-2025-11-22-C07,synthetic-advertiser-001,naver,SYNTH-001,2025-11-22,C07,Retargeting,Naver,270325.91,41441,3207.0,268.22,3397755.11,7.738713,84.292457,8.36358,1007.851427,1256.910635,2025-11-22T23:59:59Z
naver-SYNTH-001-2025-11-22-C08,synthetic-advertiser-001,naver,SYNTH-001,2025-11-22,C08,Competitor,Naver,423836.71,39282,1354.0,43.0,2161138.55,3.446871,313.025633,3.175775,9856.667608,509.898862,2025-11-22T23:59:59Z
naver-SYNTH-001-2025-11-22-C09,synthetic-advertiser-001,naver,SYNTH-001,2025-11-22,C09,Prospecting,Naver,734695.49,82165,1840.0,42.5,7412658.93,2.239396,399.29103,2.309783,17286.952812,1008.943023,2025-11-22T23:59:59Z
naver-SYNTH-001-2025-11-22-C10,synthetic-advertiser-001,naver,SYNTH-001,2025-11-22,C10,Seasonal,Naver,425251.43,53679,2783.0,150.63,5138101.65,5.184523,152.803244,5.412504,2823.152286,1208.250297,2025-11-22T23:59:59Z
naver-SYNTH-001-2025-11-22-C11,synthetic-advertiser-001,naver,SYNTH-001,2025-11-22,C11,New Product Launch,Naver,589466.76,60598,2260.0,73.33,3680550.58,3.729496,260.826,3.24469,8038.548473,624.386451,2025-11-22T23:59:59Z
naver-SYNTH-001-2025-11-22-C12,synthetic-advertiser-001,naver,SYNTH-001,2025-11-22,C12,Low Efficiency Legacy,Naver,279267.81,26636,541.0,10.42,689644.04,2.031086,516.206681,1.926063,26801.133808,246.947196,2025-11-22T23:59:59Z
naver-SYNTH-001-2025-11-23-C01,synthetic-advertiser-001,naver,SYNTH-001,2025-11-23,C01,Brand Search Core,Naver,436873.01,57661,4215.0,340.58,4238458.82,7.309967,103.647215,8.08019,1282.732428,970.180973,2025-11-23T23:59:59Z
naver-SYNTH-001-2025-11-23-C02,synthetic-advertiser-001,naver,SYNTH-001,2025-11-23,C02,Brand Search Expansion,Naver,322135.61,43923,2652.0,167.18,2341104.26,6.037839,121.468932,6.303922,1926.87886,726.744948,2025-11-23T23:59:59Z
naver-SYNTH-001-2025-11-23-C03,synthetic-advertiser-001,naver,SYNTH-001,2025-11-23,C03,Generic Search High Intent,Naver,610480.09,75363,3406.0,143.63,4787600.16,4.519459,179.236667,4.21697,4250.366143,784.235267,2025-11-23T23:59:59Z
naver-SYNTH-001-2025-11-23-C04,synthetic-advertiser-001,naver,SYNTH-001,2025-11-23,C04,Generic Search Mid Intent,Naver,485151.99,54883,1864.0,90.04,3058286.45,3.396316,260.274674,4.830472,5388.182947,630.376975,2025-11-23T23:59:59Z
naver-SYNTH-001-2025-11-23-C05,synthetic-advertiser-001,naver,SYNTH-001,2025-11-23,C05,Shopping Best Seller,Naver,799422.91,108060,4994.0,264.8,6451453.33,4.621507,160.076673,5.302363,3018.968676,807.013821,2025-11-23T23:59:59Z
naver-SYNTH-001-2025-11-23-C06,synthetic-advertiser-001,naver,SYNTH-001,2025-11-23,C06,Shopping Long Tail,Naver,466208.68,51631,2045.0,92.4,3109924.29,3.960799,227.974903,4.518337,5045.548439,667.067014,2025-11-23T23:59:59Z
naver-SYNTH-001-2025-11-23-C07,synthetic-advertiser-001,naver,SYNTH-001,2025-11-23,C07,Retargeting,Naver,240503.75,41942,3305.0,343.1,3123724.75,7.879929,72.769668,10.381241,700.972756,1298.825784,2025-11-23T23:59:59Z
naver-SYNTH-001-2025-11-23-C08,synthetic-advertiser-001,naver,SYNTH-001,2025-11-23,C08,Competitor,Naver,386761.6,41566,1345.0,43.95,3189703.51,3.235818,287.555095,3.267658,8800.036464,824.720832,2025-11-23T23:59:59Z
naver-SYNTH-001-2025-11-23-C09,synthetic-advertiser-001,naver,SYNTH-001,2025-11-23,C09,Prospecting,Naver,634295.21,60991,1546.0,42.81,6725813.56,2.5348,410.281504,2.769082,14816.519638,1060.360145,2025-11-23T23:59:59Z
naver-SYNTH-001-2025-11-23-C10,synthetic-advertiser-001,naver,SYNTH-001,2025-11-23,C10,Seasonal,Naver,472533.54,57753,2509.0,148.68,4188340.09,4.344363,188.335409,5.925867,3178.191695,886.358263,2025-11-23T23:59:59Z
naver-SYNTH-001-2025-11-23-C11,synthetic-advertiser-001,naver,SYNTH-001,2025-11-23,C11,New Product Launch,Naver,577309.55,65240,2104.0,75.21,4250529.37,3.225015,274.386667,3.57462,7675.967914,736.265213,2025-11-23T23:59:59Z
naver-SYNTH-001-2025-11-23-C12,synthetic-advertiser-001,naver,SYNTH-001,2025-11-23,C12,Low Efficiency Legacy,Naver,234761.12,20073,498.0,9.43,646034.94,2.480945,471.407862,1.893574,24895.134158,275.188223,2025-11-23T23:59:59Z
naver-SYNTH-001-2025-11-24-C01,synthetic-advertiser-001,naver,SYNTH-001,2025-11-24,C01,Brand Search Core,Naver,451453.9,70944,4922.0,335.39,4161809.94,6.937866,91.721638,6.8141,1346.056531,921.868199,2025-11-24T23:59:59Z
naver-SYNTH-001-2025-11-24-C02,synthetic-advertiser-001,naver,SYNTH-001,2025-11-24,C02,Brand Search Expansion,Naver,378649.87,51003,3409.0,243.12,2444680.59,6.683921,111.07359,7.13171,1557.460794,645.63091,2025-11-24T23:59:59Z
naver-SYNTH-001-2025-11-24-C03,synthetic-advertiser-001,naver,SYNTH-001,2025-11-24,C03,Generic Search High Intent,Naver,696669.34,91019,4783.0,229.61,5470615.19,5.254947,145.655308,4.800544,3034.141975,785.252757,2025-11-24T23:59:59Z
naver-SYNTH-001-2025-11-24-C04,synthetic-advertiser-001,naver,SYNTH-001,2025-11-24,C04,Generic Search Mid Intent,Naver,513758.8,64580,2471.0,108.83,3774380.84,3.826262,207.915336,4.40429,4720.746075,734.660093,2025-11-24T23:59:59Z
naver-SYNTH-001-2025-11-24-C05,synthetic-advertiser-001,naver,SYNTH-001,2025-11-24,C05,Shopping Best Seller,Naver,818429.37,106465,4530.0,244.81,8124847.12,4.254919,180.668735,5.404194,3343.120659,992.736506,2025-11-24T23:59:59Z
naver-SYNTH-001-2025-11-24-C06,synthetic-advertiser-001,naver,SYNTH-001,2025-11-24,C06,Shopping Long Tail,Naver,493690.23,51636,2135.0,103.35,3326700.65,4.134712,231.236641,4.840749,4776.876911,673.84373,2025-11-24T23:59:59Z
naver-SYNTH-001-2025-11-24-C07,synthetic-advertiser-001,naver,SYNTH-001,2025-11-24,C07,Retargeting,Naver,298591.28,50132,4518.0,470.01,3556835.16,9.012208,66.089261,10.403054,635.287085,1191.205292,2025-11-24T23:59:59Z
naver-SYNTH-001-2025-11-24-C08,synthetic-advertiser-001,naver,SYNTH-001,2025-11-24,C08,Competitor,Naver,488084.89,53118,1567.0,44.08,3839993.2,2.950036,311.477272,2.813019,11072.706115,786.747002,2025-11-24T23:59:59Z
naver-SYNTH-001-2025-11-24-C09,synthetic-advertiser-001,naver,SYNTH-001,2025-11-24,C09,Prospecting,Naver,861402.99,82449,2497.0,76.35,5136033.21,3.028539,344.975167,3.057669,11282.291987,596.240465,2025-11-24T23:59:59Z
naver-SYNTH-001-2025-11-24-C10,synthetic-advertiser-001,naver,SYNTH-001,2025-11-24,C10,Seasonal,Naver,640566.38,70431,3257.0,198.26,3855719.55,4.624384,196.673743,6.087197,3230.941085,601.923496,2025-11-24T23:59:59Z
naver-SYNTH-001-2025-11-24-C11,synthetic-advertiser-001,naver,SYNTH-001,2025-11-24,C11,New Product Launch,Naver,640905.17,69130,2403.0,88.82,4797436.44,3.47606,266.710431,3.696213,7215.775339,748.540766,2025-11-24T23:59:59Z
naver-SYNTH-001-2025-11-24-C12,synthetic-advertiser-001,naver,SYNTH-001,2025-11-24,C12,Low Efficiency Legacy,Naver,280333.09,23485,476.0,9.72,810535.86,2.026826,588.935061,2.042017,28840.852799,289.133141,2025-11-24T23:59:59Z
naver-SYNTH-001-2025-11-25-C01,synthetic-advertiser-001,naver,SYNTH-001,2025-11-25,C01,Brand Search Core,Naver,538845.42,82346,6454.0,478.09,4060374.06,7.837661,83.490149,7.407654,1127.079464,753.532256,2025-11-25T23:59:59Z
naver-SYNTH-001-2025-11-25-C02,synthetic-advertiser-001,naver,SYNTH-001,2025-11-25,C02,Brand Search Expansion,Naver,330532.25,47223,3085.0,0.0,2277338.56,6.532834,107.141734,0.0,0,688.991333,2025-11-25T23:59:59Z
naver-SYNTH-001-2025-11-25-C03,synthetic-advertiser-001,naver,SYNTH-001,2025-11-25,C03,Generic Search High Intent,Naver,620722.51,82370,4236.0,261.9,5103931.03,5.142649,146.535059,6.18272,2370.074488,822.256478,2025-11-25T23:59:59Z
naver-SYNTH-001-2025-11-25-C04,synthetic-advertiser-001,naver,SYNTH-001,2025-11-25,C04,Generic Search Mid Intent,Naver,657149.39,85160,3871.0,0.0,3748960.94,4.545561,169.762176,0.0,0,570.48839,2025-11-25T23:59:59Z
naver-SYNTH-001-2025-11-25-C05,synthetic-advertiser-001,naver,SYNTH-001,2025-11-25,C05,Shopping Best Seller,Naver,812299.44,106555,5689.0,329.49,7448392.42,5.339027,142.784222,5.791703,2465.323489,916.951568,2025-11-25T23:59:59Z
naver-SYNTH-001-2025-11-25-C06,synthetic-advertiser-001,naver,SYNTH-001,2025-11-25,C06,Shopping Long Tail,Naver,454535.1,48024,1681.0,70.29,3329905.37,3.500333,270.395659,4.18144,6466.568551,732.595864,2025-11-25T23:59:59Z
naver-SYNTH-001-2025-11-25-C07,synthetic-advertiser-001,naver,SYNTH-001,2025-11-25,C07,Retargeting,Naver,309331.14,50382,4306.0,397.24,3658142.98,8.546703,71.837237,9.225267,778.700894,1182.597699,2025-11-25T23:59:59Z
naver-SYNTH-001-2025-11-25-C08,synthetic-advertiser-001,naver,SYNTH-001,2025-11-25,C08,Competitor,Naver,424462.28,48081,1196.0,27.65,3696466.9,2.487469,354.901569,2.311873,15351.257737,870.858756,2025-11-25T23:59:59Z
naver-SYNTH-001-2025-11-25-C09,synthetic-advertiser-001,naver,SYNTH-001,2025-11-25,C09,Prospecting,Naver,795230.86,82461,2258.0,65.27,5390263.2,2.738264,352.18373,2.890611,12183.711697,677.823693,2025-11-25T23:59:59Z
naver-SYNTH-001-2025-11-25-C10,synthetic-advertiser-001,naver,SYNTH-001,2025-11-25,C10,Seasonal,Naver,575369.07,73453,2961.0,119.32,5264257.79,4.031149,194.315797,4.02972,4822.067336,914.935825,2025-11-25T23:59:59Z
naver-SYNTH-001-2025-11-25-C11,synthetic-advertiser-001,naver,SYNTH-001,2025-11-25,C11,New Product Launch,Naver,612209.94,71474,2222.0,111.32,3851814.84,3.108823,275.522026,5.009901,5499.550321,629.16568,2025-11-25T23:59:59Z
naver-SYNTH-001-2025-11-25-C12,synthetic-advertiser-001,naver,SYNTH-001,2025-11-25,C12,Low Efficiency Legacy,Naver,309547.4,26939,599.0,13.09,689127.09,2.223542,516.773624,2.185309,23647.624179,222.624092,2025-11-25T23:59:59Z
naver-SYNTH-001-2025-11-26-C01,synthetic-advertiser-001,naver,SYNTH-001,2025-11-26,C01,Brand Search Core,Naver,425784.97,70465,5306.0,395.72,4147988.66,7.529979,80.245942,7.457972,1075.975358,974.198003,2025-11-26T23:59:59Z
naver-SYNTH-001-2025-11-26-C02,synthetic-advertiser-001,naver,SYNTH-001,2025-11-26,C02,Brand Search Expansion,Naver,349979.19,52625,3199.0,206.94,2421521.55,6.07886,109.402684,6.468897,1691.210911,691.904446,2025-11-26T23:59:59Z
naver-SYNTH-001-2025-11-26-C03,synthetic-advertiser-001,naver,SYNTH-001,2025-11-26,C03,Generic Search High Intent,Naver,568161.61,76358,3186.0,186.77,4868739.26,4.172451,178.3307,5.86221,3042.038921,856.928588,2025-11-26T23:59:59Z
naver-SYNTH-001-2025-11-26-C04,synthetic-advertiser-001,naver,SYNTH-001,2025-11-26,C04,Generic Search Mid Intent,Naver,589305.89,70415,2895.0,88.46,4542054.27,4.11134,203.559892,3.055613,6661.834586,770.74646,2025-11-26T23:59:59Z
naver-SYNTH-001-2025-11-26-C05,synthetic-advertiser-001,naver,SYNTH-001,2025-11-26,C05,Shopping Best Seller,Naver,913643.38,117761,6217.0,347.76,8878858.69,5.279337,146.958884,5.593695,2627.223901,971.807911,2025-11-26T23:59:59Z
naver-SYNTH-001-2025-11-26-C06,synthetic-advertiser-001,naver,SYNTH-001,2025-11-26,C06,Shopping Long Tail,Naver,447950.53,55389,1868.0,103.3,3581917.66,3.372511,239.802213,5.529979,4336.404014,799.623482,2025-11-26T23:59:59Z
naver-SYNTH-001-2025-11-26-C07,synthetic-advertiser-001,naver,SYNTH-001,2025-11-26,C07,Retargeting,Naver,338977.4,57059,4939.0,498.4,3579289.16,8.655953,68.6328,10.091112,680.131217,1055.907909,2025-11-26T23:59:59Z
naver-SYNTH-001-2025-11-26-C08,synthetic-advertiser-001,naver,SYNTH-001,2025-11-26,C08,Competitor,Naver,500827.39,53274,2071.0,74.17,2784642.05,3.88745,241.828774,3.581362,6752.425396,556.008337,2025-11-26T23:59:59Z
naver-SYNTH-001-2025-11-26-C09,synthetic-advertiser-001,naver,SYNTH-001,2025-11-26,C09,Prospecting,Naver,858234.04,80729,2253.0,69.43,5712429.59,2.790819,380.929445,3.081669,12361.141291,665.602775,2025-11-26T23:59:59Z
naver-SYNTH-001-2025-11-26-C10,synthetic-advertiser-001,naver,SYNTH-001,2025-11-26,C10,Seasonal,Naver,593926.91,75889,3402.0,184.49,5052467.47,4.482863,174.581691,5.422986,3219.290545,850.68842,2025-11-26T23:59:59Z
naver-SYNTH-001-2025-11-26-C11,synthetic-advertiser-001,naver,SYNTH-001,2025-11-26,C11,New Product Launch,Naver,553835.78,58120,2089.0,77.65,4671193.13,3.594288,265.120046,3.71709,7132.463311,843.425675,2025-11-26T23:59:59Z
naver-SYNTH-001-2025-11-26-C12,synthetic-advertiser-001,naver,SYNTH-001,2025-11-26,C12,Low Efficiency Legacy,Naver,244040.8,23698,543.0,8.92,589268.26,2.291333,449.43057,1.642726,27358.834007,241.463009,2025-11-26T23:59:59Z
naver-SYNTH-001-2025-11-27-C01,synthetic-advertiser-001,naver,SYNTH-001,2025-11-27,C01,Brand Search Core,Naver,479131.63,73796,5261.0,383.11,4509426.38,7.129113,91.07235,7.282076,1250.637235,941.166494,2025-11-27T23:59:59Z
naver-SYNTH-001-2025-11-27-C02,synthetic-advertiser-001,naver,SYNTH-001,2025-11-27,C02,Brand Search Expansion,Naver,315046.04,38586,2257.0,157.09,2138544.9,5.849272,139.586195,6.960124,2005.513033,678.803924,2025-11-27T23:59:59Z
naver-SYNTH-001-2025-11-27-C03,synthetic-advertiser-001,naver,SYNTH-001,2025-11-27,C03,Generic Search High Intent,Naver,589549.33,73296,3383.0,162.69,5843984.49,4.615532,174.268203,4.809045,3623.758864,991.263021,2025-11-27T23:59:59Z
naver-SYNTH-001-2025-11-27-C04,synthetic-advertiser-001,naver,SYNTH-001,2025-11-27,C04,Generic Search Mid Intent,Naver,557128.42,76195,3009.0,140.16,3637337.61,3.949078,185.154013,4.658026,3974.945947,652.872382,2025-11-27T23:59:59Z
naver-SYNTH-001-2025-11-27-C05,synthetic-advertiser-001,naver,SYNTH-001,2025-11-27,C05,Shopping Best Seller,Naver,729213.04,98372,5342.0,297.27,6842015.52,5.430407,136.505624,5.56477,2453.032734,938.273884,2025-11-27T23:59:59Z
naver-SYNTH-001-2025-11-27-C06,synthetic-advertiser-001,naver,SYNTH-001,2025-11-27,C06,Shopping Long Tail,Naver,491587.57,56433,2185.0,133.99,2875679.62,3.871848,224.982869,6.132265,3668.837735,584.978102,2025-11-27T23:59:59Z
naver-SYNTH-001-2025-11-27-C07,synthetic-advertiser-001,naver,SYNTH-001,2025-11-27,C07,Retargeting,Naver,281975.19,52878,4296.0,528.16,3338937.34,8.124362,65.636682,12.294227,533.882132,1184.124524,2025-11-27T23:59:59Z
naver-SYNTH-001-2025-11-27-C08,synthetic-advertiser-001,naver,SYNTH-001,2025-11-27,C08,Competitor,Naver,461109.92,48544,1621.0,61.55,2220020.14,3.339239,284.460161,3.797039,7491.63154,481.451392,2025-11-27T23:59:59Z
naver-SYNTH-001-2025-11-27-C09,synthetic-advertiser-001,naver,SYNTH-001,2025-11-27,C09,Prospecting,Naver,734890.88,79590,2366.0,69.14,6175422.37,2.972735,310.604767,2.922232,10629.026289,840.318279,2025-11-27T23:59:59Z
naver-SYNTH-001-2025-11-27-C10,synthetic-advertiser-001,naver,SYNTH-001,2025-11-27,C10,Seasonal,Naver,546933.72,62925,3119.0,165.58,5849022.92,4.956694,175.355474,5.308753,3303.138804,1069.420787,2025-11-27T23:59:59Z
naver-SYNTH-001-2025-11-27-C11,synthetic-advertiser-001,naver,SYNTH-001,2025-11-27,C11,New Product Launch,Naver,697243.85,81027,2846.0,127.87,3806844.72,3.512409,244.990811,4.492973,5452.755516,545.984699,2025-11-27T23:59:59Z
naver-SYNTH-001-2025-11-27-C12,synthetic-advertiser-001,naver,SYNTH-001,2025-11-27,C12,Low Efficiency Legacy,Naver,328154.74,30628,572.0,11.93,699402.35,1.867572,573.697093,2.085664,27506.683734,213.131876,2025-11-27T23:59:59Z
naver-SYNTH-001-2025-11-28-C01,synthetic-advertiser-001,naver,SYNTH-001,2025-11-28,C01,Brand Search Core,Naver,540260.0,91225,7159.0,568.82,4030446.47,7.847629,75.465848,7.945523,949.790799,746.019777,2025-11-28T23:59:59Z
naver-SYNTH-001-2025-11-28-C02,synthetic-advertiser-001,naver,SYNTH-001,2025-11-28,C02,Brand Search Expansion,Naver,358374.78,49404,3000.0,221.28,2430190.1,6.072383,119.458261,7.376,1619.553433,678.114145,2025-11-28T23:59:59Z
naver-SYNTH-001-2025-11-28-C03,synthetic-advertiser-001,naver,SYNTH-001,2025-11-28,C03,Generic Search High Intent,Naver,758028.88,92932,3696.0,169.85,5979310.62,3.977102,205.094393,4.595509,4462.931274,788.797208,2025-11-28T23:59:59Z
naver-SYNTH-001-2025-11-28-C04,synthetic-advertiser-001,naver,SYNTH-001,2025-11-28,C04,Generic Search Mid Intent,Naver,588872.26,65157,2667.0,126.25,3807218.85,4.09319,220.799499,4.733783,4664.334771,646.527112,2025-11-28T23:59:59Z
naver-SYNTH-001-2025-11-28-C05,synthetic-advertiser-001,naver,SYNTH-001,2025-11-28,C05,Shopping Best Seller,Naver,980569.07,143627,7862.0,591.03,8471972.2,5.473901,124.722599,7.517553,1659.085106,863.985257,2025-11-28T23:59:59Z
naver-SYNTH-001-2025-11-28-C06,synthetic-advertiser-001,naver,SYNTH-001,2025-11-28,C06,Shopping Long Tail,Naver,485132.05,55152,2151.0,124.97,3616349.96,3.900131,225.537911,5.809856,3881.988048,745.436214,2025-11-28T23:59:59Z
naver-SYNTH-001-2025-11-28-C07,synthetic-advertiser-001,naver,SYNTH-001,2025-11-28,C07,Retargeting,Naver,297588.21,50009,4307.0,388.43,3541657.45,8.61245,69.094081,9.018574,766.130855,1190.120223,2025-11-28T23:59:59Z
naver-SYNTH-001-2025-11-28-C08,synthetic-advertiser-001,naver,SYNTH-001,2025-11-28,C08,Competitor,Naver,465320.19,51783,1857.0,78.49,2010348.38,3.586119,250.576299,4.22671,5928.400896,432.035497,2025-11-28T23:59:59Z
naver-SYNTH-001-2025-11-28-C09,synthetic-advertiser-001,naver,SYNTH-001,2025-11-28,C09,Prospecting,Naver,849485.02,88654,1956.0,41.26,5766467.39,2.20633,434.297044,2.109407,20588.585003,678.819199,2025-11-28T23:59:59Z
naver-SYNTH-001-2025-11-28-C10,synthetic-advertiser-001,naver,SYNTH-001,2025-11-28,C10,Seasonal,Naver,559254.04,77569,3697.0,193.56,6557783.85,4.766079,151.272395,5.235596,2889.305866,1172.594804,2025-11-28T23:59:59Z
naver-SYNTH-001-2025-11-28-C11,synthetic-advertiser-001,naver,SYNTH-001,2025-11-28,C11,New Product Launch,Naver,630163.95,71642,2162.0,88.89,3252932.74,3.017783,291.472689,4.111471,7089.255873,516.204191,2025-11-28T23:59:59Z
naver-SYNTH-001-2025-11-28-C12,synthetic-advertiser-001,naver,SYNTH-001,2025-11-28,C12,Low Efficiency Legacy,Naver,283676.14,28297,673.0,13.64,642091.95,2.378344,421.509867,2.026746,20797.371,226.346829,2025-11-28T23:59:59Z
naver-SYNTH-001-2025-11-29-C01,synthetic-advertiser-001,naver,SYNTH-001,2025-11-29,C01,Brand Search Core,Naver,455698.95,66754,4712.0,393.21,4029953.18,7.058753,96.710303,8.344864,1158.920034,884.345511,2025-11-29T23:59:59Z
naver-SYNTH-001-2025-11-29-C02,synthetic-advertiser-001,naver,SYNTH-001,2025-11-29,C02,Brand Search Expansion,Naver,287455.08,42773,2616.0,173.85,2009287.53,6.116008,109.88344,6.645642,1653.466081,698.991836,2025-11-29T23:59:59Z
naver-SYNTH-001-2025-11-29-C03,synthetic-advertiser-001,naver,SYNTH-001,2025-11-29,C03,Generic Search High Intent,Naver,662692.82,83187,4068.0,258.4,5294178.15,4.890187,162.90384,6.352016,2564.600704,798.888712,2025-11-29T23:59:59Z
naver-SYNTH-001-2025-11-29-C04,synthetic-advertiser-001,naver,SYNTH-001,2025-11-29,C04,Generic Search Mid Intent,Naver,514805.71,60287,2303.0,75.09,3512525.0,3.820061,223.537001,3.26053,6855.849153,682.301092,2025-11-29T23:59:59Z
naver-SYNTH-001-2025-11-29-C05,synthetic-advertiser-001,naver,SYNTH-001,2025-11-29,C05,Shopping Best Seller,Naver,843405.77,115196,6786.0,480.68,6674592.86,5.89083,124.286144,7.083407,1754.609664,791.385721,2025-11-29T23:59:59Z
naver-SYNTH-001-2025-11-29-C06,synthetic-advertiser-001,naver,SYNTH-001,2025-11-29,C06,Shopping Long Tail,Naver,431190.64,42721,1809.0,75.21,3030224.67,4.234451,238.358563,4.157546,5733.155708,702.757525,2025-11-29T23:59:59Z
naver-SYNTH-001-2025-11-29-C07,synthetic-advertiser-001,naver,SYNTH-001,2025-11-29,C07,Retargeting,Naver,322515.22,50049,4153.0,427.72,3259203.06,8.297868,77.658372,10.299061,754.033528,1010.557905,2025-11-29T23:59:59Z
naver-SYNTH-001-2025-11-29-C08,synthetic-advertiser-001,naver,SYNTH-001,2025-11-29,C08,Competitor,Naver,417421.6,43527,1489.0,56.01,2534702.23,3.420865,280.336868,3.761585,7452.626262,607.22834,2025-11-29T23:59:59Z
naver-SYNTH-001-2025-11-29-C09,synthetic-advertiser-001,naver,SYNTH-001,2025-11-29,C09,Prospecting,Naver,746321.83,65674,1754.0,42.23,4427742.55,2.670768,425.497054,2.40764,17672.78788,593.275228,2025-11-29T23:59:59Z
naver-SYNTH-001-2025-11-29-C10,synthetic-advertiser-001,naver,SYNTH-001,2025-11-29,C10,Seasonal,Naver,548750.85,69359,3338.0,179.84,4363825.04,4.812641,164.395101,5.387657,3051.328117,795.228846,2025-11-29T23:59:59Z
naver-SYNTH-001-2025-11-29-C11,synthetic-advertiser-001,naver,SYNTH-001,2025-11-29,C11,New Product Launch,Naver,603994.09,67772,2267.0,75.99,3065984.05,3.345039,266.428799,3.352007,7948.336447,507.618223,2025-11-29T23:59:59Z
naver-SYNTH-001-2025-11-29-C12,synthetic-advertiser-001,naver,SYNTH-001,2025-11-29,C12,Low Efficiency Legacy,Naver,259906.97,23700,431.0,7.27,632736.46,1.818565,603.032407,1.686775,35750.614478,243.447288,2025-11-29T23:59:59Z
naver-SYNTH-001-2025-11-30-C01,synthetic-advertiser-001,naver,SYNTH-001,2025-11-30,C01,Brand Search Core,Naver,415403.36,69661,4835.0,378.45,4001792.97,6.940756,85.915897,7.827301,1097.643974,963.351127,2025-11-30T23:59:59Z
naver-SYNTH-001-2025-11-30-C02,synthetic-advertiser-001,naver,SYNTH-001,2025-11-30,C02,Brand Search Expansion,Naver,325209.44,48063,3055.0,193.43,2191520.35,6.356241,106.451536,6.331588,1681.277164,673.879682,2025-11-30T23:59:59Z
naver-SYNTH-001-2025-11-30-C03,synthetic-advertiser-001,naver,SYNTH-001,2025-11-30,C03,Generic Search High Intent,Naver,592277.17,74601,4054.0,202.99,5201369.48,5.434244,146.096983,5.007153,2917.765262,878.198542,2025-11-30T23:59:59Z
naver-SYNTH-001-2025-11-30-C04,synthetic-advertiser-001,naver,SYNTH-001,2025-11-30,C04,Generic Search Mid Intent,Naver,431752.66,45896,1922.0,92.85,3349459.21,4.187729,224.637179,4.830905,4650.001707,775.781954,2025-11-30T23:59:59Z
naver-SYNTH-001-2025-11-30-C05,synthetic-advertiser-001,naver,SYNTH-001,2025-11-30,C05,Shopping Best Seller,Naver,798447.76,111292,6388.0,314.34,7474040.93,5.739856,124.991822,4.920789,2540.076854,936.071378,2025-11-30T23:59:59Z
naver-SYNTH-001-2025-11-30-C06,synthetic-advertiser-001,naver,SYNTH-001,2025-11-30,C06,Shopping Long Tail,Naver,428869.06,44907,1776.0,97.42,2996122.13,3.95484,241.480328,5.48536,4402.269164,698.609994,2025-11-30T23:59:59Z
naver-SYNTH-001-2025-11-30-C07,synthetic-advertiser-001,naver,SYNTH-001,2025-11-30,C07,Retargeting,Naver,279918.0,48979,3636.0,384.85,3613362.68,7.42359,76.985147,10.584433,727.343108,1290.864733,2025-11-30T23:59:59Z
naver-SYNTH-001-2025-11-30-C08,synthetic-advertiser-001,naver,SYNTH-001,2025-11-30,C08,Competitor,Naver,390114.04,39399,1434.0,43.35,2550988.64,3.639686,272.046055,3.023013,8999.170532,653.908437,2025-11-30T23:59:59Z
naver-SYNTH-001-2025-11-30-C09,synthetic-advertiser-001,naver,SYNTH-001,2025-11-30,C09,Prospecting,Naver,732816.79,83625,2552.0,85.32,3733525.67,3.051719,287.153916,3.34326,8589.03884,509.475997,2025-11-30T23:59:59Z
naver-SYNTH-001-2025-11-30-C10,synthetic-advertiser-001,naver,SYNTH-001,2025-11-30,C10,Seasonal,Naver,487834.45,68587,2595.0,126.86,5085007.46,3.783516,187.990154,4.888632,3845.455217,1042.363341,2025-11-30T23:59:59Z
naver-SYNTH-001-2025-11-30-C11,synthetic-advertiser-001,naver,SYNTH-001,2025-11-30,C11,New Product Launch,Naver,546509.81,63892,1992.0,72.34,3607764.24,3.117761,274.352316,3.631526,7554.738911,660.146288,2025-11-30T23:59:59Z
naver-SYNTH-001-2025-11-30-C12,synthetic-advertiser-001,naver,SYNTH-001,2025-11-30,C12,Low Efficiency Legacy,Naver,260173.64,21773,456.0,7.25,652838.04,2.094337,570.55623,1.589912,35886.019444,250.923975,2025-11-30T23:59:59Z
naver-SYNTH-001-2025-12-01-C01,synthetic-advertiser-001,naver,SYNTH-001,2025-12-01,C01,Brand Search Core,Naver,536386.02,84957,6130.0,436.61,3885511.27,7.215415,87.501798,7.122512,1228.524362,724.387123,2025-12-01T23:59:59Z
naver-SYNTH-001-2025-12-01-C02,synthetic-advertiser-001,naver,SYNTH-001,2025-12-01,C02,Brand Search Expansion,Naver,395218.77,51236,2950.0,221.08,2418258.12,5.75767,133.972463,7.494237,1787.673087,611.878364,2025-12-01T23:59:59Z
naver-SYNTH-001-2025-12-01-C03,synthetic-advertiser-001,naver,SYNTH-001,2025-12-01,C03,Generic Search High Intent,Naver,551240.66,71117,3410.0,157.35,4980011.58,4.794915,161.654152,4.61437,3503.277149,903.41877,2025-12-01T23:59:59Z
naver-SYNTH-001-2025-12-01-C04,synthetic-advertiser-001,naver,SYNTH-001,2025-12-01,C04,Generic Search Mid Intent,Naver,606909.38,65389,3131.0,169.9,4154083.19,4.788267,193.838832,5.426381,3572.156462,684.465146,2025-12-01T23:59:59Z
naver-SYNTH-001-2025-12-01-C05,synthetic-advertiser-001,naver,SYNTH-001,2025-12-01,C05,Shopping Best Seller,Naver,755619.2,94955,6960.0,383.2,6699728.9,7.329788,108.565977,5.505747,1971.866393,886.654135,2025-12-01T23:59:59Z
naver-SYNTH-001-2025-12-01-C06,synthetic-advertiser-001,naver,SYNTH-001,2025-12-01,C06,Shopping Long Tail,Naver,494754.1,50387,1900.0,78.31,3659151.51,3.770814,260.396895,4.121579,6317.891708,739.589933,2025-12-01T23:59:59Z
naver-SYNTH-001-2025-12-01-C07,synthetic-advertiser-001,naver,SYNTH-001,2025-12-01,C07,Retargeting,Naver,311148.63,59194,4637.0,518.46,3610125.42,7.833564,67.101279,11.180936,600.140089,1160.257531,2025-12-01T23:59:59Z
naver-SYNTH-001-2025-12-01-C08,synthetic-advertiser-001,naver,SYNTH-001,2025-12-01,C08,Competitor,Naver,405259.94,42424,1582.0,51.73,3093463.06,3.729021,256.169367,3.269912,7834.137617,763.328117,2025-12-01T23:59:59Z
naver-SYNTH-001-2025-12-01-C09,synthetic-advertiser-001,naver,SYNTH-001,2025-12-01,C09,Prospecting,Naver,808922.01,81825,2257.0,60.18,6425470.4,2.758326,358.405854,2.666371,13441.708434,794.325076,2025-12-01T23:59:59Z
naver-SYNTH-001-2025-12-01-C10,synthetic-advertiser-001,naver,SYNTH-001,2025-12-01,C10,Seasonal,Naver,483496.76,61331,2767.0,158.76,5823168.37,4.511585,174.736812,5.737622,3045.457034,1204.386227,2025-12-01T23:59:59Z
naver-SYNTH-001-2025-12-01-C11,synthetic-advertiser-001,naver,SYNTH-001,2025-12-01,C11,New Product Launch,Naver,591788.85,66807,1767.0,72.51,4429435.32,2.644932,334.911633,4.103565,8161.47917,748.482382,2025-12-01T23:59:59Z
naver-SYNTH-001-2025-12-01-C12,synthetic-advertiser-001,naver,SYNTH-001,2025-12-01,C12,Low Efficiency Legacy,Naver,295906.48,26883,709.0,17.88,848709.6,2.637354,417.357514,2.521862,16549.57926,286.816839,2025-12-01T23:59:59Z
naver-SYNTH-001-2025-12-02-C01,synthetic-advertiser-001,naver,SYNTH-001,2025-12-02,C01,Brand Search Core,Naver,431076.38,74711,5466.0,412.75,3965402.66,7.316192,78.865053,7.551226,1044.400684,919.883999,2025-12-02T23:59:59Z
naver-SYNTH-001-2025-12-02-C02,synthetic-advertiser-001,naver,SYNTH-001,2025-12-02,C02,Brand Search Expansion,Naver,350063.34,52580,3532.0,233.39,2321541.08,6.717383,99.111932,6.607871,1499.907204,663.177432,2025-12-02T23:59:59Z
naver-SYNTH-001-2025-12-02-C03,synthetic-advertiser-001,naver,SYNTH-001,2025-12-02,C03,Generic Search High Intent,Naver,631316.45,76751,3233.0,184.03,5304759.2,4.212323,195.272642,5.692236,3430.508349,840.269438,2025-12-02T23:59:59Z
naver-SYNTH-001-2025-12-02-C04,synthetic-advertiser-001,naver,SYNTH-001,2025-12-02,C04,Generic Search Mid Intent,Naver,604537.45,71596,2856.0,87.97,3530000.39,3.98905,211.672777,3.080182,6872.086514,583.91757,2025-12-02T23:59:59Z
naver-SYNTH-001-2025-12-02-C05,synthetic-advertiser-001,naver,SYNTH-001,2025-12-02,C05,Shopping Best Seller,Naver,823272.16,102492,6936.0,510.33,6864621.4,6.767357,118.695525,7.357699,1613.215301,833.821632,2025-12-02T23:59:59Z
naver-SYNTH-001-2025-12-02-C06,synthetic-advertiser-001,naver,SYNTH-001,2025-12-02,C06,Shopping Long Tail,Naver,439895.54,47130,1609.0,90.48,3251128.29,3.413961,273.396854,5.623369,4861.79861,739.068258,2025-12-02T23:59:59Z
naver-SYNTH-001-2025-12-02-C07,synthetic-advertiser-001,naver,SYNTH-001,2025-12-02,C07,Retargeting,Naver,304441.92,50384,3791.0,339.74,3524829.01,7.524214,80.306495,8.961752,896.10268,1157.800134,2025-12-02T23:59:59Z
naver-SYNTH-001-2025-12-02-C08,synthetic-advertiser-001,naver,SYNTH-001,2025-12-02,C08,Competitor,Naver,478721.27,52634,1806.0,52.17,3025021.34,3.431242,265.072687,2.888704,9176.179265,631.896161,2025-12-02T23:59:59Z
naver-SYNTH-001-2025-12-02-C09,synthetic-advertiser-001,naver,SYNTH-001,2025-12-02,C09,Prospecting,Naver,774786.21,75887,2305.0,53.75,6552961.83,3.037411,336.132845,2.331887,14414.627122,845.776779,2025-12-02T23:59:59Z
naver-SYNTH-001-2025-12-02-C10,synthetic-advertiser-001,naver,SYNTH-001,2025-12-02,C10,Seasonal,Naver,549801.41,74138,2868.0,169.58,5299885.54,3.868462,191.702026,5.912831,3242.135923,963.963614,2025-12-02T23:59:59Z
naver-SYNTH-001-2025-12-02-C11,synthetic-advertiser-001,naver,SYNTH-001,2025-12-02,C11,New Product Launch,Naver,661968.87,71379,2018.0,79.74,4828562.96,2.827162,328.032147,3.951437,8301.591089,729.424471,2025-12-02T23:59:59Z
naver-SYNTH-001-2025-12-02-C12,synthetic-advertiser-001,naver,SYNTH-001,2025-12-02,C12,Low Efficiency Legacy,Naver,269233.97,26324,718.0,17.22,809048.54,2.727549,374.977672,2.398329,15634.9575,300.500172,2025-12-02T23:59:59Z
naver-SYNTH-001-2025-12-03-C01,synthetic-advertiser-001,naver,SYNTH-001,2025-12-03,C01,Brand Search Core,Naver,475737.67,79812,5426.0,411.44,4333036.02,6.798476,87.677418,7.58275,1156.274713,910.803646,2025-12-03T23:59:59Z
naver-SYNTH-001-2025-12-03-C02,synthetic-advertiser-001,naver,SYNTH-001,2025-12-03,C02,Brand Search Expansion,Naver,329627.49,48514,3122.0,0.0,2417251.53,6.435256,105.582156,0.0,0,733.328254,2025-12-03T23:59:59Z
naver-SYNTH-001-2025-12-03-C03,synthetic-advertiser-001,naver,SYNTH-001,2025-12-03,C03,Generic Search High Intent,Naver,771769.76,105079,4083.0,205.04,5792075.79,3.885648,189.02027,5.021798,3763.996118,750.492706,2025-12-03T23:59:59Z
naver-SYNTH-001-2025-12-03-C04,synthetic-advertiser-001,naver,SYNTH-001,2025-12-03,C04,Generic Search Mid Intent,Naver,583122.7,69361,2593.0,110.1,3952594.91,3.738412,224.883417,4.246047,5296.300633,677.832454,2025-12-03T23:59:59Z
naver-SYNTH-001-2025-12-03-C05,synthetic-advertiser-001,naver,SYNTH-001,2025-12-03,C05,Shopping Best Seller,Naver,916548.08,119867,6057.0,406.35,7530563.0,5.053101,151.320468,6.708767,2255.563128,821.622257,2025-12-03T23:59:59Z
naver-SYNTH-001-2025-12-03-C06,synthetic-advertiser-001,naver,SYNTH-001,2025-12-03,C06,Shopping Long Tail,Naver,533497.76,61845,2449.0,70.56,3215701.38,3.9599,217.843105,2.881176,7560.909351,602.758175,2025-12-03T23:59:59Z
naver-SYNTH-001-2025-12-03-C07,synthetic-advertiser-001,naver,SYNTH-001,2025-12-03,C07,Retargeting,Naver,347865.35,58735,5395.0,457.12,3732715.98,9.185324,64.479212,8.473031,760.993501,1073.034721,2025-12-03T23:59:59Z
naver-SYNTH-001-2025-12-03-C08,synthetic-advertiser-001,naver,SYNTH-001,2025-12-03,C08,Competitor,Naver,410417.39,38183,966.0,24.89,2655201.29,2.529922,424.86272,2.576605,16489.248185,646.951463,2025-12-03T23:59:59Z
naver-SYNTH-001-2025-12-03-C09,synthetic-advertiser-001,naver,SYNTH-001,2025-12-03,C09,Prospecting,Naver,755682.81,85123,1453.0,49.1,6471950.96,1.706942,520.08452,3.379215,15390.688549,856.437501,2025-12-03T23:59:59Z
naver-SYNTH-001-2025-12-03-C10,synthetic-advertiser-001,naver,SYNTH-001,2025-12-03,C10,Seasonal,Naver,619284.91,69933,3299.0,159.97,5985105.03,4.717372,187.718977,4.849045,3871.25652,966.454208,2025-12-03T23:59:59Z
naver-SYNTH-001-2025-12-03-C11,synthetic-advertiser-001,naver,SYNTH-001,2025-12-03,C11,New Product Launch,Naver,633660.16,72103,2476.0,61.23,4478747.93,3.433976,255.920903,2.47294,10348.851161,706.805987,2025-12-03T23:59:59Z
naver-SYNTH-001-2025-12-03-C12,synthetic-advertiser-001,naver,SYNTH-001,2025-12-03,C12,Low Efficiency Legacy,Naver,267938.19,23613,497.0,9.25,712027.58,2.104773,539.111052,1.861167,28966.291093,265.74322,2025-12-03T23:59:59Z
naver-SYNTH-001-2025-12-04-C01,synthetic-advertiser-001,naver,SYNTH-001,2025-12-04,C01,Brand Search Core,Naver,492372.82,74399,4992.0,393.33,4367283.54,6.709768,98.632375,7.879207,1251.805901,886.987139,2025-12-04T23:59:59Z
naver-SYNTH-001-2025-12-04-C02,synthetic-advertiser-001,naver,SYNTH-001,2025-12-04,C02,Brand Search Expansion,Naver,285652.94,44244,2866.0,213.99,2192411.07,6.477714,99.669553,7.466504,1334.889198,767.508667,2025-12-04T23:59:59Z
naver-SYNTH-001-2025-12-04-C03,synthetic-advertiser-001,naver,SYNTH-001,2025-12-04,C03,Generic Search High Intent,Naver,731361.22,100246,4395.0,178.62,6277437.98,4.384215,166.407558,4.064164,4094.5091,858.322515,2025-12-04T23:59:59Z
naver-SYNTH-001-2025-12-04-C04,synthetic-advertiser-001,naver,SYNTH-001,2025-12-04,C04,Generic Search Mid Intent,Naver,619232.7,72772,2936.0,125.44,3592323.74,4.034519,210.910321,4.27248,4936.485191,580.125003,2025-12-04T23:59:59Z
naver-SYNTH-001-2025-12-04-C05,synthetic-advertiser-001,naver,SYNTH-001,2025-12-04,C05,Shopping Best Seller,Naver,861817.56,125858,6781.0,345.61,8430766.27,5.387818,127.092989,5.096741,2493.612915,978.254176,2025-12-04T23:59:59Z
naver-SYNTH-001-2025-12-04-C06,synthetic-advertiser-001,naver,SYNTH-001,2025-12-04,C06,Shopping Long Tail,Naver,492812.58,61202,2039.0,105.67,2621771.21,3.33159,241.693271,5.182442,4663.69433,532.001682,2025-12-04T23:59:59Z
naver-SYNTH-001-2025-12-04-C07,synthetic-advertiser-001,naver,SYNTH-001,2025-12-04,C07,Retargeting,Naver,305325.45,46680,3696.0,318.2,3611282.92,7.917738,82.609701,8.609307,959.539452,1182.765106,2025-12-04T23:59:59Z
naver-SYNTH-001-2025-12-04-C08,synthetic-advertiser-001,naver,SYNTH-001,2025-12-04,C08,Competitor,Naver,503740.57,54649,2270.0,90.31,2970026.8,4.153781,221.912144,3.978414,5577.904617,589.594526,2025-12-04T23:59:59Z
naver-SYNTH-001-2025-12-04-C09,synthetic-advertiser-001,naver,SYNTH-001,2025-12-04,C09,Prospecting,Naver,817324.85,83005,2427.0,60.97,6165513.26,2.92392,336.763433,2.512155,13405.360862,754.352843,2025-12-04T23:59:59Z
naver-SYNTH-001-2025-12-04-C10,synthetic-advertiser-001,naver,SYNTH-001,2025-12-04,C10,Seasonal,Naver,496713.71,65876,2245.0,121.13,5828335.28,3.407918,221.253325,5.395546,4100.666341,1173.379175,2025-12-04T23:59:59Z
naver-SYNTH-001-2025-12-04-C11,synthetic-advertiser-001,naver,SYNTH-001,2025-12-04,C11,New Product Launch,Naver,554758.45,58876,1682.0,68.72,2632356.53,2.856852,329.820721,4.085612,8072.736511,474.504988,2025-12-04T23:59:59Z
naver-SYNTH-001-2025-12-04-C12,synthetic-advertiser-001,naver,SYNTH-001,2025-12-04,C12,Low Efficiency Legacy,Naver,293265.42,25301,633.0,12.86,708730.02,2.501877,463.294497,2.031596,22804.464723,241.668461,2025-12-04T23:59:59Z
naver-SYNTH-001-2025-12-05-C01,synthetic-advertiser-001,naver,SYNTH-001,2025-12-05,C01,Brand Search Core,Naver,532175.94,80562,6454.0,496.02,4395872.32,8.011221,82.456762,7.685466,1072.892109,826.018606,2025-12-05T23:59:59Z
naver-SYNTH-001-2025-12-05-C02,synthetic-advertiser-001,naver,SYNTH-001,2025-12-05,C02,Brand Search Expansion,Naver,380060.02,52444,3316.0,220.93,2478241.71,6.322935,114.613999,6.662545,1720.273487,652.065876,2025-12-05T23:59:59Z
naver-SYNTH-001-2025-12-05-C03,synthetic-advertiser-001,naver,SYNTH-001,2025-12-05,C03,Generic Search High Intent,Naver,720814.42,89120,4208.0,230.18,6394094.68,4.721724,171.296203,5.470057,3131.524982,887.065312,2025-12-05T23:59:59Z
naver-SYNTH-001-2025-12-05-C04,synthetic-advertiser-001,naver,SYNTH-001,2025-12-05,C04,Generic Search Mid Intent,Naver,594721.55,76467,2877.0,108.68,4049009.06,3.762407,206.715867,3.777546,5472.226265,680.824338,2025-12-05T23:59:59Z
naver-SYNTH-001-2025-12-05-C05,synthetic-advertiser-001,naver,SYNTH-001,2025-12-05,C05,Shopping Best Seller,Naver,725069.78,102129,5052.0,263.34,8575894.71,4.946685,143.521334,5.212589,2753.359838,1182.76819,2025-12-05T23:59:59Z
naver-SYNTH-001-2025-12-05-C06,synthetic-advertiser-001,naver,SYNTH-001,2025-12-05,C06,Shopping Long Tail,Naver,487907.54,59724,2248.0,91.1,3046081.21,3.763981,217.040719,4.052491,5355.73586,624.315261,2025-12-05T23:59:59Z
naver-SYNTH-001-2025-12-05-C07,synthetic-advertiser-001,naver,SYNTH-001,2025-12-05,C07,Retargeting,Naver,291120.53,42960,2947.0,314.51,3366226.21,6.85987,98.785385,10.672209,925.632031,1156.299833,2025-12-05T23:59:59Z
naver-SYNTH-001-2025-12-05-C08,synthetic-advertiser-001,naver,SYNTH-001,2025-12-05,C08,Competitor,Naver,503092.54,51875,1883.0,70.87,2593254.61,3.62988,267.17607,3.763675,7098.808244,515.462743,2025-12-05T23:59:59Z
naver-SYNTH-001-2025-12-05-C09,synthetic-advertiser-001,naver,SYNTH-001,2025-12-05,C09,Prospecting,Naver,708826.69,66231,1962.0,39.42,5756358.19,2.962359,361.277618,2.009174,17981.397446,812.096708,2025-12-05T23:59:59Z
naver-SYNTH-001-2025-12-05-C10,synthetic-advertiser-001,naver,SYNTH-001,2025-12-05,C10,Seasonal,Naver,595879.97,72410,3472.0,157.64,5140536.58,4.794918,171.624414,4.540323,3780.004857,862.679882,2025-12-05T23:59:59Z
naver-SYNTH-001-2025-12-05-C11,synthetic-advertiser-001,naver,SYNTH-001,2025-12-05,C11,New Product Launch,Naver,715694.55,81171,3077.0,130.11,4361294.36,3.790763,232.594913,4.228469,5500.68824,609.379291,2025-12-05T23:59:59Z
naver-SYNTH-001-2025-12-05-C12,synthetic-advertiser-001,naver,SYNTH-001,2025-12-05,C12,Low Efficiency Legacy,Naver,297020.95,27033,567.0,14.23,699679.32,2.097436,523.846468,2.5097,20872.870499,235.56565,2025-12-05T23:59:59Z
naver-SYNTH-001-2025-12-06-C01,synthetic-advertiser-001,naver,SYNTH-001,2025-12-06,C01,Brand Search Core,Naver,446908.23,65410,4784.0,346.79,4051536.08,7.313866,93.417272,7.248955,1288.699875,906.570031,2025-12-06T23:59:59Z
naver-SYNTH-001-2025-12-06-C02,synthetic-advertiser-001,naver,SYNTH-001,2025-12-06,C02,Brand Search Expansion,Naver,356267.22,53697,3414.0,223.1,2360532.27,6.357897,104.354782,6.534856,1596.894777,662.573514,2025-12-06T23:59:59Z
naver-SYNTH-001-2025-12-06-C03,synthetic-advertiser-001,naver,SYNTH-001,2025-12-06,C03,Generic Search High Intent,Naver,625813.35,89451,3547.0,248.6,5465674.56,3.965299,176.434551,7.00874,2517.35057,873.371357,2025-12-06T23:59:59Z
naver-SYNTH-001-2025-12-06-C04,synthetic-advertiser-001,naver,SYNTH-001,2025-12-06,C04,Generic Search Mid Intent,Naver,525498.05,58313,1635.0,63.7,3012546.11,2.803834,321.405532,3.896024,8249.576846,573.274465,2025-12-06T23:59:59Z
naver-SYNTH-001-2025-12-06-C05,synthetic-advertiser-001,naver,SYNTH-001,2025-12-06,C05,Shopping Best Seller,Naver,766047.42,100552,6054.0,338.66,7872661.49,6.020765,126.535748,5.593987,2261.99556,1027.698981,2025-12-06T23:59:59Z
naver-SYNTH-001-2025-12-06-C06,synthetic-advertiser-001,naver,SYNTH-001,2025-12-06,C06,Shopping Long Tail,Naver,506241.61,59293,2358.0,133.4,3828619.56,3.976861,214.691097,5.657337,3794.914586,756.283071,2025-12-06T23:59:59Z
naver-SYNTH-001-2025-12-06-C07,synthetic-advertiser-001,naver,SYNTH-001,2025-12-06,C07,Retargeting,Naver,270599.4,42110,3681.0,390.61,3534939.9,8.741392,73.512469,10.611519,692.761065,1306.336935,2025-12-06T23:59:59Z
naver-SYNTH-001-2025-12-06-C08,synthetic-advertiser-001,naver,SYNTH-001,2025-12-06,C08,Competitor,Naver,500657.26,53974,1562.0,45.72,2597556.27,2.893986,320.523215,2.927017,10950.508776,518.829241,2025-12-06T23:59:59Z
naver-SYNTH-001-2025-12-06-C09,synthetic-advertiser-001,naver,SYNTH-001,2025-12-06,C09,Prospecting,Naver,769000.8,79375,2144.0,58.51,6219017.73,2.701102,358.675744,2.729011,13143.066067,808.714082,2025-12-06T23:59:59Z
naver-SYNTH-001-2025-12-06-C10,synthetic-advertiser-001,naver,SYNTH-001,2025-12-06,C10,Seasonal,Naver,467890.72,59498,2461.0,105.86,4149752.81,4.136273,190.122193,4.301503,4419.900978,886.90642,2025-12-06T23:59:59Z
naver-SYNTH-001-2025-12-06-C11,synthetic-advertiser-001,naver,SYNTH-001,2025-12-06,C11,New Product Launch,Naver,475731.31,50815,1693.0,61.51,3272852.13,3.331693,280.999003,3.633196,7734.210891,687.962311,2025-12-06T23:59:59Z
naver-SYNTH-001-2025-12-06-C12,synthetic-advertiser-001,naver,SYNTH-001,2025-12-06,C12,Low Efficiency Legacy,Naver,260601.99,22914,586.0,15.24,721712.03,2.557388,444.713301,2.600683,17099.868405,276.940331,2025-12-06T23:59:59Z
naver-SYNTH-001-2025-12-07-C01,synthetic-advertiser-001,naver,SYNTH-001,2025-12-07,C01,Brand Search Core,Naver,391547.47,63975,4683.0,351.87,4008645.81,7.320047,83.610393,7.513773,1112.761732,1023.795608,2025-12-07T23:59:59Z
naver-SYNTH-001-2025-12-07-C02,synthetic-advertiser-001,naver,SYNTH-001,2025-12-07,C02,Brand Search Expansion,Naver,298795.68,41402,2453.0,177.49,2352272.2,5.924835,121.808267,7.23563,1683.450779,787.251077,2025-12-07T23:59:59Z
naver-SYNTH-001-2025-12-07-C03,synthetic-advertiser-001,naver,SYNTH-001,2025-12-07,C03,Generic Search High Intent,Naver,700492.09,88272,4772.0,277.7,5703165.96,5.406018,146.79214,5.819363,2522.47782,814.165647,2025-12-07T23:59:59Z
naver-SYNTH-001-2025-12-07-C04,synthetic-advertiser-001,naver,SYNTH-001,2025-12-07,C04,Generic Search Mid Intent,Naver,508935.91,58629,2479.0,0.0,3656057.01,4.228283,205.298876,0.0,0,718.37277,2025-12-07T23:59:59Z
naver-SYNTH-001-2025-12-07-C05,synthetic-advertiser-001,naver,SYNTH-001,2025-12-07,C05,Shopping Best Seller,Naver,748967.56,103798,5318.0,342.64,7645050.71,5.123413,140.836323,6.443024,2185.873114,1020.745234,2025-12-07T23:59:59Z
naver-SYNTH-001-2025-12-07-C06,synthetic-advertiser-001,naver,SYNTH-001,2025-12-07,C06,Shopping Long Tail,Naver,464089.59,49517,2126.0,119.31,2975670.04,4.293475,218.292377,5.611947,3889.779504,641.184393,2025-12-07T23:59:59Z
naver-SYNTH-001-2025-12-07-C07,synthetic-advertiser-001,naver,SYNTH-001,2025-12-07,C07,Retargeting,Naver,268989.43,46577,4027.0,367.63,3261719.98,8.645898,66.796482,9.129128,731.68521,1212.582937,2025-12-07T23:59:59Z
naver-SYNTH-001-2025-12-07-C08,synthetic-advertiser-001,naver,SYNTH-001,2025-12-07,C08,Competitor,Naver,449728.45,51693,1515.0,64.16,3319760.61,2.930764,296.850464,4.234983,7009.483367,738.170019,2025-12-07T23:59:59Z
naver-SYNTH-001-2025-12-07-C09,synthetic-advertiser-001,naver,SYNTH-001,2025-12-07,C09,Prospecting,Naver,777249.44,74866,2001.0,56.47,6006863.3,2.672775,388.430507,2.822089,13763.935619,772.835972,2025-12-07T23:59:59Z
naver-SYNTH-001-2025-12-07-C10,synthetic-advertiser-001,naver,SYNTH-001,2025-12-07,C10,Seasonal,Naver,542520.21,65738,2761.0,117.24,6436050.34,4.200006,196.4941,4.246288,4627.432693,1186.324534,2025-12-07T23:59:59Z
naver-SYNTH-001-2025-12-07-C11,synthetic-advertiser-001,naver,SYNTH-001,2025-12-07,C11,New Product Launch,Naver,546651.41,59823,1844.0,87.08,4435892.48,3.082426,296.448705,4.722343,6277.577089,811.466389,2025-12-07T23:59:59Z
naver-SYNTH-001-2025-12-07-C12,synthetic-advertiser-001,naver,SYNTH-001,2025-12-07,C12,Low Efficiency Legacy,Naver,260920.93,25321,495.0,11.25,572323.6,1.954899,527.112999,2.272727,23192.971961,219.34752,2025-12-07T23:59:59Z
naver-SYNTH-001-2025-12-08-C01,synthetic-advertiser-001,naver,SYNTH-001,2025-12-08,C01,Brand Search Core,Naver,473180.54,71652,5380.0,437.51,4532428.02,7.508513,87.951774,8.132156,1081.530807,957.86441,2025-12-08T23:59:59Z
naver-SYNTH-001-2025-12-08-C02,synthetic-advertiser-001,naver,SYNTH-001,2025-12-08,C02,Brand Search Expansion,Naver,341253.29,48935,3127.0,197.73,2228365.96,6.390109,109.13121,6.323313,1725.854919,652.994712,2025-12-08T23:59:59Z
naver-SYNTH-001-2025-12-08-C03,synthetic-advertiser-001,naver,SYNTH-001,2025-12-08,C03,Generic Search High Intent,Naver,631727.68,88056,3674.0,200.5,5729138.89,4.172345,171.945475,5.457267,3150.761473,906.900095,2025-12-08T23:59:59Z
naver-SYNTH-001-2025-12-08-C04,synthetic-advertiser-001,naver,SYNTH-001,2025-12-08,C04,Generic Search Mid Intent,Naver,568955.57,63052,2667.0,104.15,3424569.21,4.229842,213.331673,3.905137,5462.847551,601.904502,2025-12-08T23:59:59Z
naver-SYNTH-001-2025-12-08-C05,synthetic-advertiser-001,naver,SYNTH-001,2025-12-08,C05,Shopping Best Seller,Naver,911397.05,116257,6195.0,314.9,7299263.35,5.328711,147.118168,5.083132,2894.242776,800.887314,2025-12-08T23:59:59Z
naver-SYNTH-001-2025-12-08-C06,synthetic-advertiser-001,naver,SYNTH-001,2025-12-08,C06,Shopping Long Tail,Naver,494861.87,54885,2379.0,111.71,3128479.44,4.334518,208.012554,4.69567,4429.879742,632.192467,2025-12-08T23:59:59Z
naver-SYNTH-001-2025-12-08-C07,synthetic-advertiser-001,naver,SYNTH-001,2025-12-08,C07,Retargeting,Naver,289930.31,45471,3408.0,333.58,3572802.19,7.494887,85.073447,9.788146,869.147751,1232.296901,2025-12-08T23:59:59Z
naver-SYNTH-001-2025-12-08-C08,synthetic-advertiser-001,naver,SYNTH-001,2025-12-08,C08,Competitor,Naver,505600.03,57879,1865.0,44.75,2394441.34,3.222239,271.09921,2.399464,11298.324616,473.5841,2025-12-08T23:59:59Z
naver-SYNTH-001-2025-12-08-C09,synthetic-advertiser-001,naver,SYNTH-001,2025-12-08,C09,Prospecting,Naver,765061.48,71830,1733.0,51.45,5577987.51,2.412641,441.466521,2.96884,14869.999622,729.0901,2025-12-08T23:59:59Z
naver-SYNTH-001-2025-12-08-C10,synthetic-advertiser-001,naver,SYNTH-001,2025-12-08,C10,Seasonal,Naver,602725.57,77637,4273.0,179.06,5418544.33,5.503819,141.054428,4.190498,3366.053678,899.006876,2025-12-08T23:59:59Z
naver-SYNTH-001-2025-12-08-C11,synthetic-advertiser-001,naver,SYNTH-001,2025-12-08,C11,New Product Launch,Naver,557691.34,61801,2308.0,0.0,4323997.76,3.734567,241.63403,0.0,0,775.338873,2025-12-08T23:59:59Z
naver-SYNTH-001-2025-12-08-C12,synthetic-advertiser-001,naver,SYNTH-001,2025-12-08,C12,Low Efficiency Legacy,Naver,311171.32,29232,760.0,13.64,824229.3,2.599891,409.435942,1.794737,22813.146333,264.87959,2025-12-08T23:59:59Z
naver-SYNTH-001-2025-12-09-C01,synthetic-advertiser-001,naver,SYNTH-001,2025-12-09,C01,Brand Search Core,Naver,518108.92,69314,5825.0,476.96,4255176.44,8.403786,88.945737,8.188155,1086.273313,821.28994,2025-12-09T23:59:59Z
naver-SYNTH-001-2025-12-09-C02,synthetic-advertiser-001,naver,SYNTH-001,2025-12-09,C02,Brand Search Expansion,Naver,373550.24,53399,3240.0,179.71,2470741.69,6.067529,115.293285,5.546605,2078.628034,661.421517,2025-12-09T23:59:59Z
naver-SYNTH-001-2025-12-09-C03,synthetic-advertiser-001,naver,SYNTH-001,2025-12-09,C03,Generic Search High Intent,Naver,729520.33,96868,5629.0,335.96,6322581.56,5.811001,129.600342,5.968378,2171.449956,866.676544,2025-12-09T23:59:59Z
naver-SYNTH-001-2025-12-09-C04,synthetic-advertiser-001,naver,SYNTH-001,2025-12-09,C04,Generic Search Mid Intent,Naver,567437.47,64232,2546.0,116.4,3444074.56,3.963756,222.874106,4.571877,4874.892387,606.952257,2025-12-09T23:59:59Z
naver-SYNTH-001-2025-12-09-C05,synthetic-advertiser-001,naver,SYNTH-001,2025-12-09,C05,Shopping Best Seller,Naver,687598.47,93724,3662.0,240.75,7112732.11,3.907217,187.76583,6.574276,2856.068415,1034.431055,2025-12-09T23:59:59Z
naver-SYNTH-001-2025-12-09-C06,synthetic-advertiser-001,naver,SYNTH-001,2025-12-09,C06,Shopping Long Tail,Naver,595759.14,69462,3111.0,144.18,3535338.13,4.478708,191.500848,4.634523,4132.051165,593.417358,2025-12-09T23:59:59Z
naver-SYNTH-001-2025-12-09-C07,synthetic-advertiser-001,naver,SYNTH-001,2025-12-09,C07,Retargeting,Naver,345071.82,58675,4952.0,483.42,3502155.75,8.43971,69.683325,9.762116,713.813711,1014.906319,2025-12-09T23:59:59Z
naver-SYNTH-001-2025-12-09-C08,synthetic-advertiser-001,naver,SYNTH-001,2025-12-09,C08,Competitor,Naver,488701.2,51915,1752.0,54.24,4006301.24,3.374747,278.93904,3.09589,9009.977855,819.785434,2025-12-09T23:59:59Z
naver-SYNTH-001-2025-12-09-C09,synthetic-advertiser-001,naver,SYNTH-001,2025-12-09,C09,Prospecting,Naver,702881.55,69148,1631.0,43.79,4652662.41,2.358709,430.951287,2.684856,16051.188601,661.941178,2025-12-09T23:59:59Z
naver-SYNTH-001-2025-12-09-C10,synthetic-advertiser-001,naver,SYNTH-001,2025-12-09,C10,Seasonal,Naver,503342.47,58216,3088.0,138.62,4198274.87,5.304384,162.999505,4.48899,3631.095598,834.079203,2025-12-09T23:59:59Z
naver-SYNTH-001-2025-12-09-C11,synthetic-advertiser-001,naver,SYNTH-001,2025-12-09,C11,New Product Launch,Naver,606796.58,68664,2380.0,90.46,4338749.4,3.466154,254.956548,3.80084,6707.899453,715.02535,2025-12-09T23:59:59Z
naver-SYNTH-001-2025-12-09-C12,synthetic-advertiser-001,naver,SYNTH-001,2025-12-09,C12,Low Efficiency Legacy,Naver,313967.22,27900,637.0,16.5,808530.72,2.283154,492.884175,2.590267,19028.316336,257.520744,2025-12-09T23:59:59Z
naver-SYNTH-001-2025-12-10-C01,synthetic-advertiser-001,naver,SYNTH-001,2025-12-10,C01,Brand Search Core,Naver,532944.29,76342,6408.0,467.16,3995408.69,8.393807,83.168585,7.290262,1140.817476,749.685989,2025-12-10T23:59:59Z
naver-SYNTH-001-2025-12-10-C02,synthetic-advertiser-001,naver,SYNTH-001,2025-12-10,C02,Brand Search Expansion,Naver,339385.18,47071,2932.0,206.03,2434576.81,6.228888,115.752109,7.026944,1647.261001,717.349173,2025-12-10T23:59:59Z
naver-SYNTH-001-2025-12-10-C03,synthetic-advertiser-001,naver,SYNTH-001,2025-12-10,C03,Generic Search High Intent,Naver,654620.32,77221,4506.0,224.51,5752164.99,5.8352,145.277478,4.982468,2915.773537,878.702485,2025-12-10T23:59:59Z
naver-SYNTH-001-2025-12-10-C04,synthetic-advertiser-001,naver,SYNTH-001,2025-12-10,C04,Generic Search Mid Intent,Naver,505099.74,59884,2190.0,103.33,4314461.83,3.65707,230.639149,4.718265,4888.219648,854.180178,2025-12-10T23:59:59Z
naver-SYNTH-001-2025-12-10-C05,synthetic-advertiser-001,naver,SYNTH-001,2025-12-10,C05,Shopping Best Seller,Naver,845685.74,120531,6234.0,402.69,7152652.37,5.172113,135.657,6.459577,2100.091235,845.781363,2025-12-10T23:59:59Z
naver-SYNTH-001-2025-12-10-C06,synthetic-advertiser-001,naver,SYNTH-001,2025-12-10,C06,Shopping Long Tail,Naver,540896.72,58733,2074.0,84.01,2918330.78,3.531235,260.798804,4.050627,6438.480173,539.535678,2025-12-10T23:59:59Z
naver-SYNTH-001-2025-12-10-C07,synthetic-advertiser-001,naver,SYNTH-001,2025-12-10,C07,Retargeting,Naver,316361.3,51472,4487.0,408.78,3521600.96,8.717361,70.506196,9.110319,773.915801,1113.157944,2025-12-10T23:59:59Z
naver-SYNTH-001-2025-12-10-C08,synthetic-advertiser-001,naver,SYNTH-001,2025-12-10,C08,Competitor,Naver,390507.68,42674,1586.0,49.45,2409686.98,3.716549,246.221742,3.117907,7897.020897,617.065191,2025-12-10T23:59:59Z
naver-SYNTH-001-2025-12-10-C09,synthetic-advertiser-001,naver,SYNTH-001,2025-12-10,C09,Prospecting,Naver,853481.6,84542,2571.0,73.45,4994131.51,3.041092,331.96484,2.856865,11619.899311,585.148114,2025-12-10T23:59:59Z
naver-SYNTH-001-2025-12-10-C10,synthetic-advertiser-001,naver,SYNTH-001,2025-12-10,C10,Seasonal,Naver,545985.88,64736,2170.0,116.2,5335354.94,3.352076,251.606398,5.354839,4698.673707,977.196496,2025-12-10T23:59:59Z
naver-SYNTH-001-2025-12-10-C11,synthetic-advertiser-001,naver,SYNTH-001,2025-12-10,C11,New Product Launch,Naver,628954.54,66359,2086.0,70.13,4034024.07,3.143507,301.512246,3.361937,8968.409304,641.38563,2025-12-10T23:59:59Z
naver-SYNTH-001-2025-12-10-C12,synthetic-advertiser-001,naver,SYNTH-001,2025-12-10,C12,Low Efficiency Legacy,Naver,271485.96,23385,583.0,9.32,700778.62,2.493051,465.670602,1.598628,29129.394927,258.127019,2025-12-10T23:59:59Z
naver-SYNTH-001-2025-12-11-C01,synthetic-advertiser-001,naver,SYNTH-001,2025-12-11,C01,Brand Search Core,Naver,433246.32,66223,4988.0,445.95,4259861.02,7.532126,86.857722,8.940457,971.513214,983.242291,2025-12-11T23:59:59Z
naver-SYNTH-001-2025-12-11-C02,synthetic-advertiser-001,naver,SYNTH-001,2025-12-11,C02,Brand Search Expansion,Naver,384984.71,50098,3004.0,222.42,2522712.79,5.996247,128.157361,7.404128,1730.890708,655.276096,2025-12-11T23:59:59Z
naver-SYNTH-001-2025-12-11-C03,synthetic-advertiser-001,naver,SYNTH-001,2025-12-11,C03,Generic Search High Intent,Naver,710661.7,92451,3932.0,171.78,6472444.49,4.253064,180.737971,4.368769,4137.045653,910.763092,2025-12-11T23:59:59Z
naver-SYNTH-001-2025-12-11-C04,synthetic-advertiser-001,naver,SYNTH-001,2025-12-11,C04,Generic Search Mid Intent,Naver,602897.93,66539,2270.0,107.86,4393863.96,3.411533,265.593801,4.751542,5589.634049,728.790687,2025-12-11T23:59:59Z
naver-SYNTH-001-2025-12-11-C05,synthetic-advertiser-001,naver,SYNTH-001,2025-12-11,C05,Shopping Best Seller,Naver,793990.16,107583,5549.0,291.34,7601082.25,5.157878,143.087071,5.250315,2725.304316,957.32701,2025-12-11T23:59:59Z
naver-SYNTH-001-2025-12-11-C06,synthetic-advertiser-001,naver,SYNTH-001,2025-12-11,C06,Shopping Long Tail,Naver,497931.14,62164,2149.0,120.42,3124058.87,3.456985,231.70365,5.603537,4134.953864,627.407807,2025-12-11T23:59:59Z
naver-SYNTH-001-2025-12-11-C07,synthetic-advertiser-001,naver,SYNTH-001,2025-12-11,C07,Retargeting,Naver,294904.76,48889,3868.0,416.72,3373703.0,7.9118,76.242182,10.773526,707.680837,1143.997479,2025-12-11T23:59:59Z
naver-SYNTH-001-2025-12-11-C08,synthetic-advertiser-001,naver,SYNTH-001,2025-12-11,C08,Competitor,Naver,460313.39,49568,1633.0,67.16,3213125.12,3.294464,281.882054,4.112676,6853.981439,698.029901,2025-12-11T23:59:59Z
naver-SYNTH-001-2025-12-11-C09,synthetic-advertiser-001,naver,SYNTH-001,2025-12-11,C09,Prospecting,Naver,776276.05,74575,2035.0,54.22,5445699.19,2.728797,381.462435,2.664373,14317.153348,701.515801,2025-12-11T23:59:59Z
naver-SYNTH-001-2025-12-11-C10,synthetic-advertiser-001,naver,SYNTH-001,2025-12-11,C10,Seasonal,Naver,558714.97,70827,2965.0,152.38,7050915.1,4.186257,188.436751,5.139292,3666.589878,1261.987871,2025-12-11T23:59:59Z
naver-SYNTH-001-2025-12-11-C11,synthetic-advertiser-001,naver,SYNTH-001,2025-12-11,C11,New Product Launch,Naver,677419.33,72118,2763.0,125.12,3875170.97,3.831221,245.175291,4.528411,5414.157038,572.04907,2025-12-11T23:59:59Z
naver-SYNTH-001-2025-12-11-C12,synthetic-advertiser-001,naver,SYNTH-001,2025-12-11,C12,Low Efficiency Legacy,Naver,299566.88,28530,567.0,11.01,688992.92,1.987382,528.336655,1.941799,27208.617931,229.996356,2025-12-11T23:59:59Z
naver-SYNTH-001-2025-12-12-C01,synthetic-advertiser-001,naver,SYNTH-001,2025-12-12,C01,Brand Search Core,Naver,471449.4,72869,5748.0,442.52,4166808.81,7.888128,82.019728,7.698678,1065.374213,883.829493,2025-12-12T23:59:59Z
naver-SYNTH-001-2025-12-12-C02,synthetic-advertiser-001,naver,SYNTH-001,2025-12-12,C02,Brand Search Expansion,Naver,348188.23,52631,2958.0,188.17,2699303.27,5.620262,117.710694,6.361393,1850.39185,775.242529,2025-12-12T23:59:59Z
naver-SYNTH-001-2025-12-12-C03,synthetic-advertiser-001,naver,SYNTH-001,2025-12-12,C03,Generic Search High Intent,Naver,765038.9,98142,5000.0,234.26,5311974.88,5.094659,153.00778,4.6852,3265.768376,694.340495,2025-12-12T23:59:59Z
naver-SYNTH-001-2025-12-12-C04,synthetic-advertiser-001,naver,SYNTH-001,2025-12-12,C04,Generic Search Mid Intent,Naver,666721.19,80427,3304.0,124.91,4488650.82,4.108073,201.792128,3.780569,5337.612598,673.242563,2025-12-12T23:59:59Z
naver-SYNTH-001-2025-12-12-C05,synthetic-advertiser-001,naver,SYNTH-001,2025-12-12,C05,Shopping Best Seller,Naver,915528.71,129216,7246.0,421.27,9292398.38,5.607665,126.349533,5.813828,2173.258752,1014.976181,2025-12-12T23:59:59Z
naver-SYNTH-001-2025-12-12-C06,synthetic-advertiser-001,naver,SYNTH-001,2025-12-12,C06,Shopping Long Tail,Naver,507528.59,54888,2320.0,116.14,3134651.45,4.226789,218.762323,5.006034,4369.972363,617.630516,2025-12-12T23:59:59Z
naver-SYNTH-001-2025-12-12-C07,synthetic-advertiser-001,naver,SYNTH-001,2025-12-12,C07,Retargeting,Naver,294840.49,50468,4175.0,416.94,3317849.13,8.272569,70.620477,9.986587,707.153289,1125.303076,2025-12-12T23:59:59Z
naver-SYNTH-001-2025-12-12-C08,synthetic-advertiser-001,naver,SYNTH-001,2025-12-12,C08,Competitor,Naver,496593.61,50141,1807.0,65.83,2676931.98,3.603837,274.816607,3.643055,7543.576014,539.058887,2025-12-12T23:59:59Z
naver-SYNTH-001-2025-12-12-C09,synthetic-advertiser-001,naver,SYNTH-001,2025-12-12,C09,Prospecting,Naver,752594.07,78635,2549.0,61.27,3836545.41,3.241559,295.250714,2.403688,12283.239282,509.776193,2025-12-12T23:59:59Z
naver-SYNTH-001-2025-12-12-C10,synthetic-advertiser-001,naver,SYNTH-001,2025-12-12,C10,Seasonal,Naver,513132.55,67695,2922.0,152.04,3550102.73,4.316419,175.610045,5.203285,3374.983887,691.849061,2025-12-12T23:59:59Z
naver-SYNTH-001-2025-12-12-C11,synthetic-advertiser-001,naver,SYNTH-001,2025-12-12,C11,New Product Launch,Naver,591939.07,69665,2406.0,98.34,2829893.86,3.453671,246.026215,4.087282,6019.311289,478.071815,2025-12-12T23:59:59Z
naver-SYNTH-001-2025-12-12-C12,synthetic-advertiser-001,naver,SYNTH-001,2025-12-12,C12,Low Efficiency Legacy,Naver,279695.44,27843,554.0,13.4,657035.81,1.989728,504.86542,2.418773,20872.794245,234.911159,2025-12-12T23:59:59Z
naver-SYNTH-001-2025-12-13-C01,synthetic-advertiser-001,naver,SYNTH-001,2025-12-13,C01,Brand Search Core,Naver,488039.82,78915,6104.0,479.48,4146649.28,7.734905,79.954099,7.855177,1017.852302,849.653879,2025-12-13T23:59:59Z
naver-SYNTH-001-2025-12-13-C02,synthetic-advertiser-001,naver,SYNTH-001,2025-12-13,C02,Brand Search Expansion,Naver,370782.21,52231,3513.0,240.91,2369387.07,6.725891,105.545749,6.857672,1539.090177,639.023929,2025-12-13T23:59:59Z
naver-SYNTH-001-2025-12-13-C03,synthetic-advertiser-001,naver,SYNTH-001,2025-12-13,C03,Generic Search High Intent,Naver,684587.19,82202,3222.0,156.9,6062996.48,3.919613,212.472748,4.869646,4363.207096,885.642696,2025-12-13T23:59:59Z
naver-SYNTH-001-2025-12-13-C04,synthetic-advertiser-001,naver,SYNTH-001,2025-12-13,C04,Generic Search Mid Intent,Naver,486332.12,54420,2105.0,92.27,3454697.99,3.868063,231.036635,4.383373,5270.750148,710.357774,2025-12-13T23:59:59Z
naver-SYNTH-001-2025-12-13-C05,synthetic-advertiser-001,naver,SYNTH-001,2025-12-13,C05,Shopping Best Seller,Naver,792632.38,113364,6244.0,442.86,7180670.7,5.507921,126.943046,7.092569,1789.803498,905.926998,2025-12-13T23:59:59Z
naver-SYNTH-001-2025-12-13-C06,synthetic-advertiser-001,naver,SYNTH-001,2025-12-13,C06,Shopping Long Tail,Naver,437574.23,48653,1995.0,103.54,3024334.92,4.100467,219.335453,5.189975,4226.137032,691.159288,2025-12-13T23:59:59Z
naver-SYNTH-001-2025-12-13-C07,synthetic-advertiser-001,naver,SYNTH-001,2025-12-13,C07,Retargeting,Naver,298459.17,49912,4278.0,458.64,3433493.83,8.571085,69.766052,10.720898,650.748231,1150.406551,2025-12-13T23:59:59Z
naver-SYNTH-001-2025-12-13-C08,synthetic-advertiser-001,naver,SYNTH-001,2025-12-13,C08,Competitor,Naver,400428.51,42513,1422.0,59.31,3414474.82,3.344859,281.595293,4.170886,6751.450127,852.705228,2025-12-13T23:59:59Z
naver-SYNTH-001-2025-12-13-C09,synthetic-advertiser-001,naver,SYNTH-001,2025-12-13,C09,Prospecting,Naver,740376.63,71107,1665.0,60.12,5046084.94,2.341542,444.670649,3.610811,12314.980548,681.556486,2025-12-13T23:59:59Z
naver-SYNTH-001-2025-12-13-C10,synthetic-advertiser-001,naver,SYNTH-001,2025-12-13,C10,Seasonal,Naver,511344.48,63109,2777.0,119.22,4354547.96,4.400323,184.135571,4.293122,4289.083053,851.587945,2025-12-13T23:59:59Z
naver-SYNTH-001-2025-12-13-C11,synthetic-advertiser-001,naver,SYNTH-001,2025-12-13,C11,New Product Launch,Naver,564692.82,64643,2041.0,66.18,3676146.21,3.157341,276.674582,3.242528,8532.680912,650.999281,2025-12-13T23:59:59Z
naver-SYNTH-001-2025-12-13-C12,synthetic-advertiser-001,naver,SYNTH-001,2025-12-13,C12,Low Efficiency Legacy,Naver,249178.38,20858,406.0,6.89,602390.1,1.946495,613.739863,1.697044,36165.222677,241.750545,2025-12-13T23:59:59Z
naver-SYNTH-001-2025-12-14-C01,synthetic-advertiser-001,naver,SYNTH-001,2025-12-14,C01,Brand Search Core,Naver,415910.23,65573,4922.0,333.92,3820524.8,7.506138,84.50025,6.784234,1245.538542,918.593611,2025-12-14T23:59:59Z
naver-SYNTH-001-2025-12-14-C02,synthetic-advertiser-001,naver,SYNTH-001,2025-12-14,C02,Brand Search Expansion,Naver,338850.14,45352,2722.0,179.37,2264584.62,6.00194,124.485723,6.58964,1889.112665,668.314502,2025-12-14T23:59:59Z
naver-SYNTH-001-2025-12-14-C03,synthetic-advertiser-001,naver,SYNTH-001,2025-12-14,C03,Generic Search High Intent,Naver,607226.01,75291,3504.0,154.25,5050240.53,4.653943,173.295094,4.402112,3936.6354,831.690416,2025-12-14T23:59:59Z
naver-SYNTH-001-2025-12-14-C04,synthetic-advertiser-001,naver,SYNTH-001,2025-12-14,C04,Generic Search Mid Intent,Naver,546894.14,66260,3077.0,122.25,4445642.76,4.643827,177.736151,3.973026,4473.571665,812.889089,2025-12-14T23:59:59Z
naver-SYNTH-001-2025-12-14-C05,synthetic-advertiser-001,naver,SYNTH-001,2025-12-14,C05,Shopping Best Seller,Naver,833857.26,130445,6608.0,476.05,6990138.79,5.065737,126.189053,7.204146,1751.616972,838.289613,2025-12-14T23:59:59Z
naver-SYNTH-001-2025-12-14-C06,synthetic-advertiser-001,naver,SYNTH-001,2025-12-14,C06,Shopping Long Tail,Naver,448831.31,50614,1960.0,59.17,2650888.3,3.872446,228.995567,3.018878,7585.453971,590.620181,2025-12-14T23:59:59Z
naver-SYNTH-001-2025-12-14-C07,synthetic-advertiser-001,naver,SYNTH-001,2025-12-14,C07,Retargeting,Naver,287871.84,45357,3788.0,313.3,3507040.46,8.351522,75.995735,8.270855,918.837677,1218.264493,2025-12-14T23:59:59Z
naver-SYNTH-001-2025-12-14-C08,synthetic-advertiser-001,naver,SYNTH-001,2025-12-14,C08,Competitor,Naver,377391.41,35950,894.0,30.72,2353370.28,2.486787,422.138042,3.436242,12284.876602,623.588726,2025-12-14T23:59:59Z
naver-SYNTH-001-2025-12-14-C09,synthetic-advertiser-001,naver,SYNTH-001,2025-12-14,C09,Prospecting,Naver,646584.75,62550,1821.0,54.22,5864018.4,2.911271,355.071252,2.977485,11925.207482,906.921854,2025-12-14T23:59:59Z
naver-SYNTH-001-2025-12-14-C10,synthetic-advertiser-001,naver,SYNTH-001,2025-12-14,C10,Seasonal,Naver,476513.19,63761,3157.0,163.25,5147315.11,4.951303,150.938608,5.171048,2918.916909,1080.20413,2025-12-14T23:59:59Z
naver-SYNTH-001-2025-12-14-C11,synthetic-advertiser-001,naver,SYNTH-001,2025-12-14,C11,New Product Launch,Naver,510399.68,59540,1720.0,85.87,4504329.39,2.888814,296.744,4.992442,5943.864917,882.51023,2025-12-14T23:59:59Z
naver-SYNTH-001-2025-12-14-C12,synthetic-advertiser-001,naver,SYNTH-001,2025-12-14,C12,Low Efficiency Legacy,Naver,282619.44,25790,520.0,9.85,686000.84,2.016285,543.498914,1.894231,28692.328461,242.729534,2025-12-14T23:59:59Z
naver-SYNTH-001-2025-12-15-C01,synthetic-advertiser-001,naver,SYNTH-001,2025-12-15,C01,Brand Search Core,Naver,501113.37,74518,6002.0,395.59,4301663.37,8.05443,83.491065,6.59097,1266.749341,858.42119,2025-12-15T23:59:59Z
naver-SYNTH-001-2025-12-15-C02,synthetic-advertiser-001,naver,SYNTH-001,2025-12-15,C02,Brand Search Expansion,Naver,333590.78,49247,3184.0,224.69,2347106.2,6.465368,104.770973,7.056847,1484.671231,703.588453,2025-12-15T23:59:59Z
naver-SYNTH-001-2025-12-15-C03,synthetic-advertiser-001,naver,SYNTH-001,2025-12-15,C03,Generic Search High Intent,Naver,626260.01,81792,3722.0,187.67,5306029.71,4.550567,168.259004,5.042182,3337.02783,847.256667,2025-12-15T23:59:59Z
naver-SYNTH-001-2025-12-15-C04,synthetic-advertiser-001,naver,SYNTH-001,2025-12-15,C04,Generic Search Mid Intent,Naver,540714.76,66824,2357.0,110.87,4004060.13,3.527176,229.408043,4.703861,4877.015943,740.512455,2025-12-15T23:59:59Z
naver-SYNTH-001-2025-12-15-C05,synthetic-advertiser-001,naver,SYNTH-001,2025-12-15,C05,Shopping Best Seller,Naver,873209.89,127265,6298.0,426.68,7642737.5,4.948729,138.64876,6.774849,2046.521727,875.246328,2025-12-15T23:59:59Z
naver-SYNTH-001-2025-12-15-C06,synthetic-advertiser-001,naver,SYNTH-001,2025-12-15,C06,Shopping Long Tail,Naver,455613.68,50516,1968.0,100.2,2443306.42,3.895795,231.511015,5.091463,4547.042692,536.267136,2025-12-15T23:59:59Z
naver-SYNTH-001-2025-12-15-C07,synthetic-advertiser-001,naver,SYNTH-001,2025-12-15,C07,Retargeting,Naver,336467.62,55515,4644.0,444.85,3666306.35,8.365307,72.452114,9.579027,756.361962,1089.646119,2025-12-15T23:59:59Z
naver-SYNTH-001-2025-12-15-C08,synthetic-advertiser-001,naver,SYNTH-001,2025-12-15,C08,Competitor,Naver,456284.04,50265,1286.0,43.58,2493814.82,2.55844,354.808744,3.388802,10470.033156,546.548767,2025-12-15T23:59:59Z
naver-SYNTH-001-2025-12-15-C09,synthetic-advertiser-001,naver,SYNTH-001,2025-12-15,C09,Prospecting,Naver,779624.88,79273,2812.0,61.23,4996646.11,3.547236,277.249245,2.177454,12732.727044,640.903883,2025-12-15T23:59:59Z
naver-SYNTH-001-2025-12-15-C10,synthetic-advertiser-001,naver,SYNTH-001,2025-12-15,C10,Seasonal,Naver,674473.41,83992,3634.0,213.36,6106654.5,4.326603,185.600828,5.871216,3161.19895,905.395888,2025-12-15T23:59:59Z
naver-SYNTH-001-2025-12-15-C11,synthetic-advertiser-001,naver,SYNTH-001,2025-12-15,C11,New Product Launch,Naver,529386.17,53553,1566.0,49.39,3652825.99,2.924206,338.049916,3.153895,10718.488938,690.011604,2025-12-15T23:59:59Z
naver-SYNTH-001-2025-12-15-C12,synthetic-advertiser-001,naver,SYNTH-001,2025-12-15,C12,Low Efficiency Legacy,Naver,294476.9,23619,529.0,8.93,764222.04,2.239722,556.667099,1.688091,32976.136082,259.518505,2025-12-15T23:59:59Z
naver-SYNTH-001-2025-12-16-C01,synthetic-advertiser-001,naver,SYNTH-001,2025-12-16,C01,Brand Search Core,Naver,508467.25,73319,5543.0,457.67,4637190.83,7.560114,91.731417,8.25672,1110.990989,911.994012,2025-12-16T23:59:59Z
naver-SYNTH-001-2025-12-16-C02,synthetic-advertiser-001,naver,SYNTH-001,2025-12-16,C02,Brand Search Expansion,Naver,359934.85,44419,2894.0,187.7,2433425.3,6.51523,124.37279,6.485833,1917.607109,676.073814,2025-12-16T23:59:59Z
naver-SYNTH-001-2025-12-16-C03,synthetic-advertiser-001,naver,SYNTH-001,2025-12-16,C03,Generic Search High Intent,Naver,659372.37,85503,4176.0,251.39,5763711.5,4.884039,157.895682,6.019875,2622.90611,874.120875,2025-12-16T23:59:59Z
naver-SYNTH-001-2025-12-16-C04,synthetic-advertiser-001,naver,SYNTH-001,2025-12-16,C04,Generic Search Mid Intent,Naver,614462.61,67745,2482.0,115.98,4273864.83,3.663739,247.567531,4.672844,5298.004935,695.545138,2025-12-16T23:59:59Z
naver-SYNTH-001-2025-12-16-C05,synthetic-advertiser-001,naver,SYNTH-001,2025-12-16,C05,Shopping Best Seller,Naver,905929.73,116637,6155.0,405.13,8344781.76,5.277056,147.185983,6.582128,2236.145744,921.129038,2025-12-16T23:59:59Z
naver-SYNTH-001-2025-12-16-C06,synthetic-advertiser-001,naver,SYNTH-001,2025-12-16,C06,Shopping Long Tail,Naver,527936.33,64337,2529.0,134.47,3241407.54,3.930864,208.752996,5.317121,3926.052849,613.976985,2025-12-16T23:59:59Z
naver-SYNTH-001-2025-12-16-C07,synthetic-advertiser-001,naver,SYNTH-001,2025-12-16,C07,Retargeting,Naver,364349.89,61286,4936.0,461.81,3673031.07,8.054042,73.814809,9.355956,788.960601,1008.105428,2025-12-16T23:59:59Z
naver-SYNTH-001-2025-12-16-C08,synthetic-advertiser-001,naver,SYNTH-001,2025-12-16,C08,Competitor,Naver,448645.72,47694,1307.0,47.89,2246241.16,2.740387,343.263747,3.664116,9368.254696,500.671482,2025-12-16T23:59:59Z
naver-SYNTH-001-2025-12-16-C09,synthetic-advertiser-001,naver,SYNTH-001,2025-12-16,C09,Prospecting,Naver,695949.82,74014,1934.0,64.39,4568292.39,2.613019,359.849959,3.329369,10808.352544,656.411174,2025-12-16T23:59:59Z
naver-SYNTH-001-2025-12-16-C10,synthetic-advertiser-001,naver,SYNTH-001,2025-12-16,C10,Seasonal,Naver,555986.09,64439,2872.0,119.52,2889498.38,4.456928,193.588472,4.16156,4651.824718,519.706954,2025-12-16T23:59:59Z
naver-SYNTH-001-2025-12-16-C11,synthetic-advertiser-001,naver,SYNTH-001,2025-12-16,C11,New Product Launch,Naver,586898.78,68368,2690.0,118.43,3273612.11,3.934589,218.177984,4.402602,4955.659694,557.781382,2025-12-16T23:59:59Z
naver-SYNTH-001-2025-12-16-C12,synthetic-advertiser-001,naver,SYNTH-001,2025-12-16,C12,Low Efficiency Legacy,Naver,311298.69,28027,572.0,15.22,806769.87,2.040889,544.228483,2.660839,20453.264935,259.162627,2025-12-16T23:59:59Z
naver-SYNTH-001-2025-12-17-C01,synthetic-advertiser-001,naver,SYNTH-001,2025-12-17,C01,Brand Search Core,Naver,516394.57,77381,5617.0,482.62,4178262.92,7.258888,91.934229,8.592131,1069.981697,809.12217,2025-12-17T23:59:59Z
naver-SYNTH-001-2025-12-17-C02,synthetic-advertiser-001,naver,SYNTH-001,2025-12-17,C02,Brand Search Expansion,Naver,330081.21,48393,2456.0,171.88,2285024.59,5.075114,134.397888,6.998371,1920.41665,692.261325,2025-12-17T23:59:59Z
naver-SYNTH-001-2025-12-17-C03,synthetic-advertiser-001,naver,SYNTH-001,2025-12-17,C03,Generic Search High Intent,Naver,676062.33,86737,3845.0,206.17,5998104.22,4.432941,175.828954,5.362029,3279.14986,887.211724,2025-12-17T23:59:59Z
naver-SYNTH-001-2025-12-17-C04,synthetic-advertiser-001,naver,SYNTH-001,2025-12-17,C04,Generic Search Mid Intent,Naver,709493.71,87340,3540.0,154.59,3457910.98,4.053126,200.421951,4.366949,4589.518778,487.377258,2025-12-17T23:59:59Z
naver-SYNTH-001-2025-12-17-C05,synthetic-advertiser-001,naver,SYNTH-001,2025-12-17,C05,Shopping Best Seller,Naver,775182.55,100519,6284.0,428.72,6770413.71,6.251554,123.358139,6.822406,1808.132458,873.396044,2025-12-17T23:59:59Z
naver-SYNTH-001-2025-12-17-C06,synthetic-advertiser-001,naver,SYNTH-001,2025-12-17,C06,Shopping Long Tail,Naver,477502.96,53013,2416.0,153.05,2807132.67,4.557373,197.641952,6.334851,3119.91477,587.877548,2025-12-17T23:59:59Z
naver-SYNTH-001-2025-12-17-C07,synthetic-advertiser-001,naver,SYNTH-001,2025-12-17,C07,Retargeting,Naver,311230.99,50843,3913.0,397.53,3369993.81,7.696241,79.537691,10.159213,782.911947,1082.795082,2025-12-17T23:59:59Z
naver-SYNTH-001-2025-12-17-C08,synthetic-advertiser-001,naver,SYNTH-001,2025-12-17,C08,Competitor,Naver,423273.4,44600,1385.0,47.44,2255282.28,3.105381,305.612566,3.425271,8922.289295,532.819275,2025-12-17T23:59:59Z
naver-SYNTH-001-2025-12-17-C09,synthetic-advertiser-001,naver,SYNTH-001,2025-12-17,C09,Prospecting,Naver,709853.35,74978,2411.0,79.23,6722037.18,3.21561,294.422793,3.286188,8959.401169,946.961388,2025-12-17T23:59:59Z
naver-SYNTH-001-2025-12-17-C10,synthetic-advertiser-001,naver,SYNTH-001,2025-12-17,C10,Seasonal,Naver,538232.47,70303,2388.0,142.33,5859141.35,3.396726,225.390483,5.960218,3781.581354,1088.589343,2025-12-17T23:59:59Z
naver-SYNTH-001-2025-12-17-C11,synthetic-advertiser-001,naver,SYNTH-001,2025-12-17,C11,New Product Launch,Naver,655902.37,70289,2316.0,89.87,5466861.27,3.294968,283.204824,3.880397,7298.346193,833.487041,2025-12-17T23:59:59Z
naver-SYNTH-001-2025-12-17-C12,synthetic-advertiser-001,naver,SYNTH-001,2025-12-17,C12,Low Efficiency Legacy,Naver,294695.43,27800,426.0,10.87,638639.77,1.532374,691.773314,2.551643,27110.895285,216.711797,2025-12-17T23:59:59Z
naver-SYNTH-001-2025-12-18-C01,synthetic-advertiser-001,naver,SYNTH-001,2025-12-18,C01,Brand Search Core,Naver,504499.4,82574,5652.0,422.14,4635535.2,6.84477,89.260333,7.468861,1195.09973,918.838595,2025-12-18T23:59:59Z
naver-SYNTH-001-2025-12-18-C02,synthetic-advertiser-001,naver,SYNTH-001,2025-12-18,C02,Brand Search Expansion,Naver,316501.05,44739,2785.0,191.53,2315018.46,6.224994,113.644902,6.877199,1652.488129,731.441003,2025-12-18T23:59:59Z
naver-SYNTH-001-2025-12-18-C03,synthetic-advertiser-001,naver,SYNTH-001,2025-12-18,C03,Generic Search High Intent,Naver,574531.22,72639,3277.0,170.75,5708589.22,4.511351,175.322314,5.210558,3364.750944,993.608178,2025-12-18T23:59:59Z
naver-SYNTH-001-2025-12-18-C04,synthetic-advertiser-001,naver,SYNTH-001,2025-12-18,C04,Generic Search Mid Intent,Naver,541905.57,65316,2711.0,93.58,3388296.4,4.150591,199.891396,3.451863,5790.826818,625.255868,2025-12-18T23:59:59Z
naver-SYNTH-001-2025-12-18-C05,synthetic-advertiser-001,naver,SYNTH-001,2025-12-18,C05,Shopping Best Seller,Naver,887975.84,114564,6210.0,282.24,7905942.87,5.420551,142.991279,4.544928,3146.172916,890.333101,2025-12-18T23:59:59Z
naver-SYNTH-001-2025-12-18-C06,synthetic-advertiser-001,naver,SYNTH-001,2025-12-18,C06,Shopping Long Tail,Naver,442894.99,47830,1436.0,60.88,2863372.14,3.0023,308.422697,4.239554,7274.884892,646.512649,2025-12-18T23:59:59Z
naver-SYNTH-001-2025-12-18-C07,synthetic-advertiser-001,naver,SYNTH-001,2025-12-18,C07,Retargeting,Naver,322554.8,53640,4086.0,394.6,3543851.43,7.61745,78.94146,9.657367,817.42221,1098.681955,2025-12-18T23:59:59Z
naver-SYNTH-001-2025-12-18-C08,synthetic-advertiser-001,naver,SYNTH-001,2025-12-18,C08,Competitor,Naver,443510.06,50666,1585.0,52.32,2113514.62,3.128331,279.817075,3.300946,8476.87431,476.542653,2025-12-18T23:59:59Z
naver-SYNTH-001-2025-12-18-C09,synthetic-advertiser-001,naver,SYNTH-001,2025-12-18,C09,Prospecting,Naver,657782.7,64852,2221.0,57.11,5016896.6,3.424721,296.165108,2.571364,11517.820063,762.698163,2025-12-18T23:59:59Z
naver-SYNTH-001-2025-12-18-C10,synthetic-advertiser-001,naver,SYNTH-001,2025-12-18,C10,Seasonal,Naver,525510.0,68479,2908.0,144.87,3626812.38,4.246557,180.711829,4.981774,3627.459097,690.150974,2025-12-18T23:59:59Z
naver-SYNTH-001-2025-12-18-C11,synthetic-advertiser-001,naver,SYNTH-001,2025-12-18,C11,New Product Launch,Naver,610224.87,67309,2320.0,95.75,3311037.45,3.44679,263.027961,4.127155,6373.105684,542.593004,2025-12-18T23:59:59Z
naver-SYNTH-001-2025-12-18-C12,synthetic-advertiser-001,naver,SYNTH-001,2025-12-18,C12,Low Efficiency Legacy,Naver,238135.75,22438,473.0,9.21,546408.07,2.108031,503.458242,1.947146,25856.215886,229.452348,2025-12-18T23:59:59Z
naver-SYNTH-001-2025-12-19-C01,synthetic-advertiser-001,naver,SYNTH-001,2025-12-19,C01,Brand Search Core,Naver,531800.63,79576,5962.0,516.49,4325062.29,7.492209,89.198361,8.663033,1029.643605,813.286424,2025-12-19T23:59:59Z
naver-SYNTH-001-2025-12-19-C02,synthetic-advertiser-001,naver,SYNTH-001,2025-12-19,C02,Brand Search Expansion,Naver,316422.27,42682,2583.0,169.45,2226032.19,6.051731,122.501846,6.560201,1867.348889,703.500483,2025-12-19T23:59:59Z
naver-SYNTH-001-2025-12-19-C03,synthetic-advertiser-001,naver,SYNTH-001,2025-12-19,C03,Generic Search High Intent,Naver,687072.36,82726,4651.0,222.75,5565927.91,5.622174,147.725729,4.789293,3084.49995,810.093405,2025-12-19T23:59:59Z
naver-SYNTH-001-2025-12-19-C04,synthetic-advertiser-001,naver,SYNTH-001,2025-12-19,C04,Generic Search Mid Intent,Naver,601081.75,71000,2791.0,122.95,4020110.56,3.930986,215.364297,4.405231,4888.830846,668.81261,2025-12-19T23:59:59Z
naver-SYNTH-001-2025-12-19-C05,synthetic-advertiser-001,naver,SYNTH-001,2025-12-19,C05,Shopping Best Seller,Naver,945783.57,121123,7146.0,357.93,8610734.04,5.899788,132.351464,5.008816,2642.370199,910.433883,2025-12-19T23:59:59Z
naver-SYNTH-001-2025-12-19-C06,synthetic-advertiser-001,naver,SYNTH-001,2025-12-19,C06,Shopping Long Tail,Naver,595736.13,66168,2277.0,110.5,3684435.87,3.44124,261.632027,4.852877,5391.277155,618.46776,2025-12-19T23:59:59Z
naver-SYNTH-001-2025-12-19-C07,synthetic-advertiser-001,naver,SYNTH-001,2025-12-19,C07,Retargeting,Naver,327409.06,59095,4569.0,492.9,3586962.43,7.731619,71.658801,10.787919,664.250476,1095.55992,2025-12-19T23:59:59Z
naver-SYNTH-001-2025-12-19-C08,synthetic-advertiser-001,naver,SYNTH-001,2025-12-19,C08,Competitor,Naver,486127.64,51903,1647.0,53.24,3498969.02,3.173227,295.159465,3.232544,9130.872242,719.763441,2025-12-19T23:59:59Z
naver-SYNTH-001-2025-12-19-C09,synthetic-advertiser-001,naver,SYNTH-001,2025-12-19,C09,Prospecting,Naver,718165.4,78956,2495.0,60.22,3647656.34,3.159988,287.841846,2.413627,11925.695857,507.913124,2025-12-19T23:59:59Z
naver-SYNTH-001-2025-12-19-C10,synthetic-advertiser-001,naver,SYNTH-001,2025-12-19,C10,Seasonal,Naver,591383.89,72287,2737.0,201.86,5314960.69,3.786296,216.070109,7.375228,2929.67348,898.732751,2025-12-19T23:59:59Z
naver-SYNTH-001-2025-12-19-C11,synthetic-advertiser-001,naver,SYNTH-001,2025-12-19,C11,New Product Launch,Naver,628055.29,72552,2378.0,86.16,3475125.09,3.277649,264.110718,3.623213,7289.40678,553.315155,2025-12-19T23:59:59Z
naver-SYNTH-001-2025-12-19-C12,synthetic-advertiser-001,naver,SYNTH-001,2025-12-19,C12,Low Efficiency Legacy,Naver,297611.55,24879,588.0,9.03,743779.0,2.363439,506.142091,1.535714,32958.08965,249.91604,2025-12-19T23:59:59Z
naver-SYNTH-001-2025-12-20-C01,synthetic-advertiser-001,naver,SYNTH-001,2025-12-20,C01,Brand Search Core,Naver,404216.31,58621,4679.0,358.78,4041379.64,7.981781,86.389466,7.667878,1126.641155,999.806169,2025-12-20T23:59:59Z
naver-SYNTH-001-2025-12-20-C02,synthetic-advertiser-001,naver,SYNTH-001,2025-12-20,C02,Brand Search Expansion,Naver,269023.89,38791,2606.0,194.5,2067523.78,6.718053,103.232498,7.463546,1383.156246,768.52795,2025-12-20T23:59:59Z
naver-SYNTH-001-2025-12-20-C03,synthetic-advertiser-001,naver,SYNTH-001,2025-12-20,C03,Generic Search High Intent,Naver,642741.49,82180,3650.0,176.28,6263250.51,4.44147,176.093558,4.829589,3646.139595,974.458725,2025-12-20T23:59:59Z
naver-SYNTH-001-2025-12-20-C04,synthetic-advertiser-001,naver,SYNTH-001,2025-12-20,C04,Generic Search Mid Intent,Naver,536926.42,65147,2050.0,101.68,3139956.84,3.14673,261.915327,4.96,5280.550944,584.802074,2025-12-20T23:59:59Z
naver-SYNTH-001-2025-12-20-C05,synthetic-advertiser-001,naver,SYNTH-001,2025-12-20,C05,Shopping Best Seller,Naver,693647.69,90569,4341.0,171.32,7089083.8,4.793031,159.789839,3.946556,4048.842477,1022.00063,2025-12-20T23:59:59Z
naver-SYNTH-001-2025-12-20-C06,synthetic-advertiser-001,naver,SYNTH-001,2025-12-20,C06,Shopping Long Tail,Naver,495533.03,54284,2053.0,89.93,3362338.35,3.781962,241.370203,4.380419,5510.208236,678.529618,2025-12-20T23:59:59Z
naver-SYNTH-001-2025-12-20-C07,synthetic-advertiser-001,naver,SYNTH-001,2025-12-20,C07,Retargeting,Naver,256358.0,43243,3391.0,352.56,2927470.79,7.841732,75.599528,10.396933,727.132965,1141.946346,2025-12-20T23:59:59Z
naver-SYNTH-001-2025-12-20-C08,synthetic-advertiser-001,naver,SYNTH-001,2025-12-20,C08,Competitor,Naver,406606.46,40176,1369.0,48.55,2454868.58,3.407507,297.009829,3.546384,8375.004251,603.745597,2025-12-20T23:59:59Z
naver-SYNTH-001-2025-12-20-C09,synthetic-advertiser-001,naver,SYNTH-001,2025-12-20,C09,Prospecting,Naver,842537.1,83399,2296.0,48.18,6138511.96,2.753031,366.958668,2.098432,17487.278996,728.574676,2025-12-20T23:59:59Z
naver-SYNTH-001-2025-12-20-C10,synthetic-advertiser-001,naver,SYNTH-001,2025-12-20,C10,Seasonal,Naver,447985.18,57319,2784.0,148.21,4618859.47,4.857028,160.914216,5.323635,3022.638,1031.029529,2025-12-20T23:59:59Z
naver-SYNTH-001-2025-12-20-C11,synthetic-advertiser-001,naver,SYNTH-001,2025-12-20,C11,New Product Launch,Naver,558950.93,66854,2331.0,100.85,4381254.25,3.486702,239.790187,4.326469,5542.398869,783.835225,2025-12-20T23:59:59Z
naver-SYNTH-001-2025-12-20-C12,synthetic-advertiser-001,naver,SYNTH-001,2025-12-20,C12,Low Efficiency Legacy,Naver,275051.25,23425,512.0,12.02,714455.79,2.185699,537.20947,2.347656,22882.799395,259.753699,2025-12-20T23:59:59Z
naver-SYNTH-001-2025-12-21-C01,synthetic-advertiser-001,naver,SYNTH-001,2025-12-21,C01,Brand Search Core,Naver,485735.35,77401,5616.0,457.9,4202717.59,7.25572,86.491338,8.15349,1060.789156,865.227855,2025-12-21T23:59:59Z
naver-SYNTH-001-2025-12-21-C02,synthetic-advertiser-001,naver,SYNTH-001,2025-12-21,C02,Brand Search Expansion,Naver,327454.47,48352,3135.0,199.48,2486764.82,6.483703,104.451186,6.362998,1641.540342,759.423086,2025-12-21T23:59:59Z
naver-SYNTH-001-2025-12-21-C03,synthetic-advertiser-001,naver,SYNTH-001,2025-12-21,C03,Generic Search High Intent,Naver,692916.53,94384,3861.0,201.46,5918059.49,4.090736,179.465561,5.217819,3439.474489,854.079709,2025-12-21T23:59:59Z
naver-SYNTH-001-2025-12-21-C04,synthetic-advertiser-001,naver,SYNTH-001,2025-12-21,C04,Generic Search Mid Intent,Naver,551905.1,63471,2758.0,121.81,4020054.08,4.345292,200.110623,4.416606,4530.868543,728.395896,2025-12-21T23:59:59Z
naver-SYNTH-001-2025-12-21-C05,synthetic-advertiser-001,naver,SYNTH-001,2025-12-21,C05,Shopping Best Seller,Naver,708905.81,102026,5225.0,292.02,8465824.72,5.121244,135.675752,5.5889,2427.593333,1194.210099,2025-12-21T23:59:59Z
naver-SYNTH-001-2025-12-21-C06,synthetic-advertiser-001,naver,SYNTH-001,2025-12-21,C06,Shopping Long Tail,Naver,428522.88,54562,1966.0,101.09,3147945.65,3.60324,217.966877,5.141913,4239.023446,734.603866,2025-12-21T23:59:59Z
naver-SYNTH-001-2025-12-21-C07,synthetic-advertiser-001,naver,SYNTH-001,2025-12-21,C07,Retargeting,Naver,273593.72,46764,4293.0,423.47,3304245.48,9.180139,63.730194,9.864198,646.075814,1207.71976,2025-12-21T23:59:59Z
naver-SYNTH-001-2025-12-21-C08,synthetic-advertiser-001,naver,SYNTH-001,2025-12-21,C08,Competitor,Naver,360538.81,38194,1100.0,39.55,2858440.83,2.880034,327.762553,3.595455,9116.025487,792.824731,2025-12-21T23:59:59Z
naver-SYNTH-001-2025-12-21-C09,synthetic-advertiser-001,naver,SYNTH-001,2025-12-21,C09,Prospecting,Naver,620168.05,62392,1402.0,30.57,5537075.03,2.247083,442.345254,2.180456,20286.818641,892.834623,2025-12-21T23:59:59Z
naver-SYNTH-001-2025-12-21-C10,synthetic-advertiser-001,naver,SYNTH-001,2025-12-21,C10,Seasonal,Naver,428913.82,51388,2572.0,119.74,4695349.85,5.00506,166.762759,4.655521,3582.042893,1094.707067,2025-12-21T23:59:59Z
naver-SYNTH-001-2025-12-21-C11,synthetic-advertiser-001,naver,SYNTH-001,2025-12-21,C11,New Product Launch,Naver,501615.64,50725,1814.0,65.12,3854137.03,3.576146,276.524609,3.589857,7702.942874,768.344669,2025-12-21T23:59:59Z
naver-SYNTH-001-2025-12-21-C12,synthetic-advertiser-001,naver,SYNTH-001,2025-12-21,C12,Low Efficiency Legacy,Naver,261275.56,24949,467.0,10.47,668037.27,1.871819,559.476574,2.24197,24954.68579,255.683032,2025-12-21T23:59:59Z
naver-SYNTH-001-2025-12-22-C01,synthetic-advertiser-001,naver,SYNTH-001,2025-12-22,C01,Brand Search Core,Naver,490918.71,82525,5603.0,433.97,4070273.92,6.789458,87.617117,7.745315,1131.227292,829.11363,2025-12-22T23:59:59Z
naver-SYNTH-001-2025-12-22-C02,synthetic-advertiser-001,naver,SYNTH-001,2025-12-22,C02,Brand Search Expansion,Naver,370873.04,48786,2987.0,212.09,2319075.08,6.122658,124.162384,7.100435,1748.658789,625.301602,2025-12-22T23:59:59Z
naver-SYNTH-001-2025-12-22-C03,synthetic-advertiser-001,naver,SYNTH-001,2025-12-22,C03,Generic Search High Intent,Naver,661320.24,83021,4732.0,273.15,6253231.81,5.699763,139.754911,5.772401,2421.088185,945.56789,2025-12-22T23:59:59Z
naver-SYNTH-001-2025-12-22-C04,synthetic-advertiser-001,naver,SYNTH-001,2025-12-22,C04,Generic Search Mid Intent,Naver,604500.79,70811,3358.0,132.69,3410112.83,4.742201,180.018104,3.951459,4555.737383,564.120489,2025-12-22T23:59:59Z
naver-SYNTH-001-2025-12-22-C05,synthetic-advertiser-001,naver,SYNTH-001,2025-12-22,C05,Shopping Best Seller,Naver,839899.95,118247,5845.0,338.0,6762190.79,4.943043,143.695458,5.78272,2484.911102,805.118606,2025-12-22T23:59:59Z
naver-SYNTH-001-2025-12-22-C06,synthetic-advertiser-001,naver,SYNTH-001,2025-12-22,C06,Shopping Long Tail,Naver,508178.46,59553,1906.0,102.4,2841009.92,3.20051,266.620386,5.372508,4962.680239,559.057528,2025-12-22T23:59:59Z
naver-SYNTH-001-2025-12-22-C07,synthetic-advertiser-001,naver,SYNTH-001,2025-12-22,C07,Retargeting,Naver,278066.28,47896,3979.0,440.48,3366391.78,8.307583,69.883459,11.070118,631.280156,1210.643642,2025-12-22T23:59:59Z
naver-SYNTH-001-2025-12-22-C08,synthetic-advertiser-001,naver,SYNTH-001,2025-12-22,C08,Competitor,Naver,456163.64,47773,1723.0,45.47,3625046.75,3.60664,264.749645,2.639002,10032.189096,794.681216,2025-12-22T23:59:59Z
naver-SYNTH-001-2025-12-22-C09,synthetic-advertiser-001,naver,SYNTH-001,2025-12-22,C09,Prospecting,Naver,732241.52,74843,1860.0,40.96,4473117.82,2.485202,393.678235,2.202151,17876.990164,610.880115,2025-12-22T23:59:59Z
naver-SYNTH-001-2025-12-22-C10,synthetic-advertiser-001,naver,SYNTH-001,2025-12-22,C10,Seasonal,Naver,440309.02,53107,1934.0,120.4,4027947.94,3.641704,227.667537,6.22544,3657.05164,914.800238,2025-12-22T23:59:59Z
naver-SYNTH-001-2025-12-22-C11,synthetic-advertiser-001,naver,SYNTH-001,2025-12-22,C11,New Product Launch,Naver,527375.36,65280,1996.0,57.85,2955080.65,3.057598,264.21611,2.898297,9116.255082,560.337266,2025-12-22T23:59:59Z
naver-SYNTH-001-2025-12-22-C12,synthetic-advertiser-001,naver,SYNTH-001,2025-12-22,C12,Low Efficiency Legacy,Naver,306264.98,28871,662.0,12.62,728190.36,2.292958,462.635915,1.906344,24268.223116,237.764816,2025-12-22T23:59:59Z
naver-SYNTH-001-2025-12-23-C01,synthetic-advertiser-001,naver,SYNTH-001,2025-12-23,C01,Brand Search Core,Naver,498882.06,75336,5561.0,426.29,4243078.58,7.381597,89.710855,7.665708,1170.287984,850.517364,2025-12-23T23:59:59Z
naver-SYNTH-001-2025-12-23-C02,synthetic-advertiser-001,naver,SYNTH-001,2025-12-23,C02,Brand Search Expansion,Naver,366112.21,48391,3011.0,205.03,2796195.81,6.222231,121.591567,6.809366,1785.651896,763.753774,2025-12-23T23:59:59Z
naver-SYNTH-001-2025-12-23-C03,synthetic-advertiser-001,naver,SYNTH-001,2025-12-23,C03,Generic Search High Intent,Naver,687279.76,88748,4991.0,319.37,6109011.25,5.623789,137.703819,6.398918,2151.98598,888.8682,2025-12-23T23:59:59Z
naver-SYNTH-001-2025-12-23-C04,synthetic-advertiser-001,naver,SYNTH-001,2025-12-23,C04,Generic Search Mid Intent,Naver,552993.2,71127,2921.0,116.29,3388180.94,4.106739,189.316399,3.981171,4755.294538,612.69848,2025-12-23T23:59:59Z
naver-SYNTH-001-2025-12-23-C05,synthetic-advertiser-001,naver,SYNTH-001,2025-12-23,C05,Shopping Best Seller,Naver,942178.55,141692,7553.0,508.73,8753908.69,5.330576,124.742294,6.735469,1852.020816,929.113563,2025-12-23T23:59:59Z
naver-SYNTH-001-2025-12-23-C06,synthetic-advertiser-001,naver,SYNTH-001,2025-12-23,C06,Shopping Long Tail,Naver,453014.73,54017,2014.0,110.96,2781703.31,3.728456,224.932834,5.509434,4082.685001,614.042577,2025-12-23T23:59:59Z
naver-SYNTH-001-2025-12-23-C07,synthetic-advertiser-001,naver,SYNTH-001,2025-12-23,C07,Retargeting,Naver,323836.99,50329,4416.0,525.01,3274511.53,8.774265,73.332651,11.888813,616.820605,1011.160452,2025-12-23T23:59:59Z
naver-SYNTH-001-2025-12-23-C08,synthetic-advertiser-001,naver,SYNTH-001,2025-12-23,C08,Competitor,Naver,457768.7,49152,1753.0,49.37,2913545.07,3.566488,261.134457,2.816315,9272.203815,636.466639,2025-12-23T23:59:59Z
naver-SYNTH-001-2025-12-23-C09,synthetic-advertiser-001,naver,SYNTH-001,2025-12-23,C09,Prospecting,Naver,670286.83,64297,1914.0,55.3,6360682.94,2.976811,350.202106,2.889237,12120.919192,948.949411,2025-12-23T23:59:59Z
naver-SYNTH-001-2025-12-23-C10,synthetic-advertiser-001,naver,SYNTH-001,2025-12-23,C10,Seasonal,Naver,575088.09,72994,2450.0,118.94,5534243.4,3.35644,234.729833,4.854694,4835.110911,962.329681,2025-12-23T23:59:59Z
naver-SYNTH-001-2025-12-23-C11,synthetic-advertiser-001,naver,SYNTH-001,2025-12-23,C11,New Product Launch,Naver,603749.57,72358,2774.0,109.31,4725017.09,3.833716,217.645843,3.940519,5523.278471,782.612084,2025-12-23T23:59:59Z
naver-SYNTH-001-2025-12-23-C12,synthetic-advertiser-001,naver,SYNTH-001,2025-12-23,C12,Low Efficiency Legacy,Naver,311819.61,26555,669.0,15.71,716535.69,2.5193,466.098067,2.348281,19848.479098,229.791738,2025-12-23T23:59:59Z
naver-SYNTH-001-2025-12-24-C01,synthetic-advertiser-001,naver,SYNTH-001,2025-12-24,C01,Brand Search Core,Naver,477702.73,68975,4735.0,399.97,4656546.11,6.864806,100.887588,8.447096,1194.346399,974.779047,2025-12-24T23:59:59Z
naver-SYNTH-001-2025-12-24-C02,synthetic-advertiser-001,naver,SYNTH-001,2025-12-24,C02,Brand Search Expansion,Naver,322886.96,42409,2704.0,184.41,2526662.02,6.376005,119.410858,6.819896,1750.918937,782.522158,2025-12-24T23:59:59Z
naver-SYNTH-001-2025-12-24-C03,synthetic-advertiser-001,naver,SYNTH-001,2025-12-24,C03,Generic Search High Intent,Naver,765230.64,103518,4564.0,302.1,6303046.57,4.408895,167.666661,6.619194,2533.037534,823.679326,2025-12-24T23:59:59Z
naver-SYNTH-001-2025-12-24-C04,synthetic-advertiser-001,naver,SYNTH-001,2025-12-24,C04,Generic Search Mid Intent,Naver,677468.97,74682,3446.0,140.79,4517892.08,4.614231,196.595755,4.085607,4811.911153,666.878082,2025-12-24T23:59:59Z
naver-SYNTH-001-2025-12-24-C05,synthetic-advertiser-001,naver,SYNTH-001,2025-12-24,C05,Shopping Best Seller,Naver,812343.7,97431,6517.0,350.06,7475297.36,6.688836,124.649947,5.37149,2320.58419,920.213617,2025-12-24T23:59:59Z
naver-SYNTH-001-2025-12-24-C06,synthetic-advertiser-001,naver,SYNTH-001,2025-12-24,C06,Shopping Long Tail,Naver,421983.98,51976,1537.0,87.21,2385150.97,2.957134,274.550413,5.67404,4838.710977,565.223103,2025-12-24T23:59:59Z
naver-SYNTH-001-2025-12-24-C07,synthetic-advertiser-001,naver,SYNTH-001,2025-12-24,C07,Retargeting,Naver,310622.43,52297,4562.0,486.88,3339191.66,8.723254,68.089089,10.672512,637.985594,1075.000186,2025-12-24T23:59:59Z
naver-SYNTH-001-2025-12-24-C08,synthetic-advertiser-001,naver,SYNTH-001,2025-12-24,C08,Competitor,Naver,415662.9,40619,883.0,29.91,2591319.58,2.17386,470.739415,3.387316,13897.121465,623.418536,2025-12-24T23:59:59Z
naver-SYNTH-001-2025-12-24-C09,synthetic-advertiser-001,naver,SYNTH-001,2025-12-24,C09,Prospecting,Naver,761477.83,70637,2219.0,55.65,5442900.71,3.141413,343.16261,2.507886,13683.339301,714.781243,2025-12-24T23:59:59Z
naver-SYNTH-001-2025-12-24-C10,synthetic-advertiser-001,naver,SYNTH-001,2025-12-24,C10,Seasonal,Naver,515086.25,62497,2631.0,134.64,5883915.25,4.209802,195.775844,5.117446,3825.655416,1142.316515,2025-12-24T23:59:59Z
naver-SYNTH-001-2025-12-24-C11,synthetic-advertiser-001,naver,SYNTH-001,2025-12-24,C11,New Product Launch,Naver,653383.33,74473,2263.0,102.94,4265333.14,3.038685,288.724404,4.548829,6347.224851,652.807161,2025-12-24T23:59:59Z
naver-SYNTH-001-2025-12-24-C12,synthetic-advertiser-001,naver,SYNTH-001,2025-12-24,C12,Low Efficiency Legacy,Naver,305505.66,29836,645.0,11.21,767651.78,2.161818,473.65218,1.737984,27252.957735,251.272526,2025-12-24T23:59:59Z
naver-SYNTH-001-2025-12-25-C01,synthetic-advertiser-001,naver,SYNTH-001,2025-12-25,C01,Brand Search Core,Naver,543643.71,83564,6248.0,513.31,4302861.13,7.476904,87.010838,8.215589,1059.094335,791.485495,2025-12-25T23:59:59Z
naver-SYNTH-001-2025-12-25-C02,synthetic-advertiser-001,naver,SYNTH-001,2025-12-25,C02,Brand Search Expansion,Naver,416493.54,66821,3735.0,223.59,2585404.83,5.58956,111.510989,5.986345,1862.755689,620.755078,2025-12-25T23:59:59Z
naver-SYNTH-001-2025-12-25-C03,synthetic-advertiser-001,naver,SYNTH-001,2025-12-25,C03,Generic Search High Intent,Naver,693475.42,87045,3450.0,201.34,6135839.6,3.963467,201.007367,5.835942,3444.30027,884.795547,2025-12-25T23:59:59Z
naver-SYNTH-001-2025-12-25-C04,synthetic-advertiser-001,naver,SYNTH-001,2025-12-25,C04,Generic Search Mid Intent,Naver,653247.48,72864,3188.0,118.53,4389922.82,4.375274,204.908245,3.718005,5511.24175,672.015266,2025-12-25T23:59:59Z
naver-SYNTH-001-2025-12-25-C05,synthetic-advertiser-001,naver,SYNTH-001,2025-12-25,C05,Shopping Best Seller,Naver,844040.5,103483,5106.0,280.54,6488845.8,4.934144,165.303662,5.49432,3008.627999,768.783703,2025-12-25T23:59:59Z
naver-SYNTH-001-2025-12-25-C06,synthetic-advertiser-001,naver,SYNTH-001,2025-12-25,C06,Shopping Long Tail,Naver,503146.3,55912,1926.0,74.57,3341326.34,3.444699,261.238995,3.871755,6747.301923,664.086432,2025-12-25T23:59:59Z
naver-SYNTH-001-2025-12-25-C07,synthetic-advertiser-001,naver,SYNTH-001,2025-12-25,C07,Retargeting,Naver,383070.32,66260,6179.0,559.29,3672108.6,9.325385,61.99552,9.051465,684.922521,958.599098,2025-12-25T23:59:59Z
naver-SYNTH-001-2025-12-25-C08,synthetic-advertiser-001,naver,SYNTH-001,2025-12-25,C08,Competitor,Naver,412354.84,38718,1259.0,50.48,3424438.95,3.251718,327.525685,4.009531,8168.677453,830.459263,2025-12-25T23:59:59Z
naver-SYNTH-001-2025-12-25-C09,synthetic-advertiser-001,naver,SYNTH-001,2025-12-25,C09,Prospecting,Naver,886111.53,89922,2657.0,65.01,6196258.1,2.954783,333.500765,2.446744,13630.388136,699.263904,2025-12-25T23:59:59Z
naver-SYNTH-001-2025-12-25-C10,synthetic-advertiser-001,naver,SYNTH-001,2025-12-25,C10,Seasonal,Naver,565219.58,69321,2860.0,129.78,4671516.22,4.125734,197.629222,4.537762,4355.213252,826.49583,2025-12-25T23:59:59Z
naver-SYNTH-001-2025-12-25-C11,synthetic-advertiser-001,naver,SYNTH-001,2025-12-25,C11,New Product Launch,Naver,684294.8,82151,2923.0,119.76,3833859.8,3.558082,234.107012,4.09716,5713.884412,560.26435,2025-12-25T23:59:59Z
naver-SYNTH-001-2025-12-25-C12,synthetic-advertiser-001,naver,SYNTH-001,2025-12-25,C12,Low Efficiency Legacy,Naver,321537.95,30709,749.0,18.68,666115.48,2.439024,429.289646,2.493992,17212.9521,207.165433,2025-12-25T23:59:59Z
naver-SYNTH-001-2025-12-26-C01,synthetic-advertiser-001,naver,SYNTH-001,2025-12-26,C01,Brand Search Core,Naver,579555.41,83859,6130.0,529.79,4263866.77,7.309889,94.544113,8.642577,1093.934219,735.713393,2025-12-26T23:59:59Z
naver-SYNTH-001-2025-12-26-C02,synthetic-advertiser-001,naver,SYNTH-001,2025-12-26,C02,Brand Search Expansion,Naver,383520.73,62343,4295.0,277.65,2846129.26,6.889306,89.294699,6.464494,1381.310032,742.105715,2025-12-26T23:59:59Z
naver-SYNTH-001-2025-12-26-C03,synthetic-advertiser-001,naver,SYNTH-001,2025-12-26,C03,Generic Search High Intent,Naver,546174.1,61428,2808.0,156.48,4610782.83,4.571205,194.506444,5.57265,3490.376381,844.196541,2025-12-26T23:59:59Z
naver-SYNTH-001-2025-12-26-C04,synthetic-advertiser-001,naver,SYNTH-001,2025-12-26,C04,Generic Search Mid Intent,Naver,709862.15,87089,3387.0,136.19,4968424.14,3.889125,209.584337,4.020963,5212.292752,699.913939,2025-12-26T23:59:59Z
naver-SYNTH-001-2025-12-26-C05,synthetic-advertiser-001,naver,SYNTH-001,2025-12-26,C05,Shopping Best Seller,Naver,882166.56,120100,5479.0,329.21,7578532.27,4.562032,161.00868,6.008578,2679.646906,859.081791,2025-12-26T23:59:59Z
naver-SYNTH-001-2025-12-26-C06,synthetic-advertiser-001,naver,SYNTH-001,2025-12-26,C06,Shopping Long Tail,Naver,509035.08,52905,1418.0,63.56,3167856.54,2.680276,358.981013,4.48237,8008.733119,622.325786,2025-12-26T23:59:59Z
naver-SYNTH-001-2025-12-26-C07,synthetic-advertiser-001,naver,SYNTH-001,2025-12-26,C07,Retargeting,Naver,300925.26,51476,4456.0,468.59,3291244.49,8.656461,67.532598,10.515934,642.193086,1093.708288,2025-12-26T23:59:59Z
naver-SYNTH-001-2025-12-26-C08,synthetic-advertiser-001,naver,SYNTH-001,2025-12-26,C08,Competitor,Naver,433155.82,50530,1394.0,52.85,2510644.01,2.758757,310.728706,3.791248,8195.947327,579.61683,2025-12-26T23:59:59Z
naver-SYNTH-001-2025-12-26-C09,synthetic-advertiser-001,naver,SYNTH-001,2025-12-26,C09,Prospecting,Naver,751770.9,76981,1843.0,60.87,5439081.79,2.394097,407.906075,3.302767,12350.43364,723.502575,2025-12-26T23:59:59Z
naver-SYNTH-001-2025-12-26-C10,synthetic-advertiser-001,naver,SYNTH-001,2025-12-26,C10,Seasonal,Naver,518966.41,65297,2351.0,104.02,5776851.3,3.600472,220.742839,4.4245,4989.102235,1113.145502,2025-12-26T23:59:59Z
naver-SYNTH-001-2025-12-26-C11,synthetic-advertiser-001,naver,SYNTH-001,2025-12-26,C11,New Product Launch,Naver,579876.69,56835,2174.0,88.63,4391251.23,3.825108,266.732608,4.076817,6542.668271,757.273281,2025-12-26T23:59:59Z
naver-SYNTH-001-2025-12-26-C12,synthetic-advertiser-001,naver,SYNTH-001,2025-12-26,C12,Low Efficiency Legacy,Naver,296561.69,24424,451.0,8.04,770461.51,1.846544,657.564712,1.782705,36885.781729,259.798061,2025-12-26T23:59:59Z
naver-SYNTH-001-2025-12-27-C01,synthetic-advertiser-001,naver,SYNTH-001,2025-12-27,C01,Brand Search Core,Naver,436787.35,68136,5088.0,391.89,4228943.56,7.467418,85.846569,7.702241,1114.566192,968.192786,2025-12-27T23:59:59Z
naver-SYNTH-001-2025-12-27-C02,synthetic-advertiser-001,naver,SYNTH-001,2025-12-27,C02,Brand Search Expansion,Naver,287474.36,41465,2286.0,159.41,2151474.69,5.513083,125.754313,6.973316,1803.364655,748.405767,2025-12-27T23:59:59Z
naver-SYNTH-001-2025-12-27-C03,synthetic-advertiser-001,naver,SYNTH-001,2025-12-27,C03,Generic Search High Intent,Naver,635906.25,81141,3792.0,193.2,4674559.91,4.673346,167.696796,5.094937,3291.440223,735.102053,2025-12-27T23:59:59Z
naver-SYNTH-001-2025-12-27-C04,synthetic-advertiser-001,naver,SYNTH-001,2025-12-27,C04,Generic Search Mid Intent,Naver,540726.02,60694,2396.0,105.03,3675092.26,3.947672,225.678638,4.383556,5148.300654,679.658855,2025-12-27T23:59:59Z
naver-SYNTH-001-2025-12-27-C05,synthetic-advertiser-001,naver,SYNTH-001,2025-12-27,C05,Shopping Best Seller,Naver,905066.51,116093,6549.0,311.07,7492760.44,5.641167,138.199193,4.749885,2909.52684,827.868485,2025-12-27T23:59:59Z
naver-SYNTH-001-2025-12-27-C06,synthetic-advertiser-001,naver,SYNTH-001,2025-12-27,C06,Shopping Long Tail,Naver,397419.9,42570,1578.0,71.85,3178547.24,3.706836,251.850379,4.553232,5531.244231,799.795695,2025-12-27T23:59:59Z
naver-SYNTH-001-2025-12-27-C07,synthetic-advertiser-001,naver,SYNTH-001,2025-12-27,C07,Retargeting,Naver,286767.04,44328,3787.0,378.12,3124852.95,8.543133,75.724066,9.984684,758.402194,1089.683449,2025-12-27T23:59:59Z
naver-SYNTH-001-2025-12-27-C08,synthetic-advertiser-001,naver,SYNTH-001,2025-12-27,C08,Competitor,Naver,405057.75,41851,1382.0,29.5,2058348.71,3.302191,293.09533,2.134588,13730.771074,508.161792,2025-12-27T23:59:59Z
naver-SYNTH-001-2025-12-27-C09,synthetic-advertiser-001,naver,SYNTH-001,2025-12-27,C09,Prospecting,Naver,718797.82,67801,1811.0,58.61,4146831.06,2.671052,396.906581,3.236334,12264.08154,576.912026,2025-12-27T23:59:59Z
naver-SYNTH-001-2025-12-27-C10,synthetic-advertiser-001,naver,SYNTH-001,2025-12-27,C10,Seasonal,Naver,436409.26,56039,2442.0,110.43,6979819.04,4.357679,178.709772,4.522113,3951.908571,1599.37463,2025-12-27T23:59:59Z
naver-SYNTH-001-2025-12-27-C11,synthetic-advertiser-001,naver,SYNTH-001,2025-12-27,C11,New Product Launch,Naver,555770.29,63370,2055.0,94.01,4230583.77,3.242859,270.447828,4.574696,5911.820935,761.210858,2025-12-27T23:59:59Z
naver-SYNTH-001-2025-12-27-C12,synthetic-advertiser-001,naver,SYNTH-001,2025-12-27,C12,Low Efficiency Legacy,Naver,265781.78,26852,566.0,7.6,675176.25,2.10785,469.579121,1.342756,34971.287189,254.034059,2025-12-27T23:59:59Z
naver-SYNTH-001-2025-12-28-C01,synthetic-advertiser-001,naver,SYNTH-001,2025-12-28,C01,Brand Search Core,Naver,419028.71,64614,5103.0,431.32,3691473.03,7.897669,82.11419,8.452283,971.503081,880.959455,2025-12-28T23:59:59Z
naver-SYNTH-001-2025-12-28-C02,synthetic-advertiser-001,naver,SYNTH-001,2025-12-28,C02,Brand Search Expansion,Naver,291180.85,39761,2381.0,154.03,2193595.85,5.98828,122.293513,6.469131,1890.416501,753.344811,2025-12-28T23:59:59Z
naver-SYNTH-001-2025-12-28-C03,synthetic-advertiser-001,naver,SYNTH-001,2025-12-28,C03,Generic Search High Intent,Naver,622238.14,77270,3700.0,139.21,5570691.43,4.788404,168.172469,3.762432,4469.780448,895.266797,2025-12-28T23:59:59Z
naver-SYNTH-001-2025-12-28-C04,synthetic-advertiser-001,naver,SYNTH-001,2025-12-28,C04,Generic Search Mid Intent,Naver,496560.05,58681,2822.0,106.21,3968094.33,4.809052,175.960331,3.763643,4675.266487,799.116703,2025-12-28T23:59:59Z
naver-SYNTH-001-2025-12-28-C05,synthetic-advertiser-001,naver,SYNTH-001,2025-12-28,C05,Shopping Best Seller,Naver,804232.0,115586,5718.0,288.04,8012582.34,4.946966,140.649178,5.037426,2792.084432,996.302354,2025-12-28T23:59:59Z
naver-SYNTH-001-2025-12-28-C06,synthetic-advertiser-001,naver,SYNTH-001,2025-12-28,C06,Shopping Long Tail,Naver,431761.68,50638,1601.0,86.07,2965528.18,3.161657,269.682497,5.376015,5016.401501,686.843771,2025-12-28T23:59:59Z
naver-SYNTH-001-2025-12-28-C07,synthetic-advertiser-001,naver,SYNTH-001,2025-12-28,C07,Retargeting,Naver,290516.93,42844,3617.0,364.98,3451369.93,8.442256,80.319858,10.090683,795.980398,1188.00993,2025-12-28T23:59:59Z
naver-SYNTH-001-2025-12-28-C08,synthetic-advertiser-001,naver,SYNTH-001,2025-12-28,C08,Competitor,Naver,443119.56,50354,1866.0,65.97,2048249.63,3.705763,237.47029,3.53537,6716.985914,462.23408,2025-12-28T23:59:59Z
naver-SYNTH-001-2025-12-28-C09,synthetic-advertiser-001,naver,SYNTH-001,2025-12-28,C09,Prospecting,Naver,641474.56,65590,1506.0,50.02,4498593.52,2.296082,425.945921,3.321381,12824.361397,701.28947,2025-12-28T23:59:59Z
naver-SYNTH-001-2025-12-28-C10,synthetic-advertiser-001,naver,SYNTH-001,2025-12-28,C10,Seasonal,Naver,384725.31,50956,2094.0,109.99,4766995.89,4.109428,183.727462,5.252627,3497.820769,1239.064811,2025-12-28T23:59:59Z
naver-SYNTH-001-2025-12-28-C11,synthetic-advertiser-001,naver,SYNTH-001,2025-12-28,C11,New Product Launch,Naver,467899.23,53541,2246.0,91.9,2662217.08,4.194916,208.325568,4.091719,5091.395278,568.97232,2025-12-28T23:59:59Z
naver-SYNTH-001-2025-12-28-C12,synthetic-advertiser-001,naver,SYNTH-001,2025-12-28,C12,Low Efficiency Legacy,Naver,297753.41,24367,529.0,10.74,541525.27,2.170969,562.860883,2.030246,27723.780917,181.870386,2025-12-28T23:59:59Z
naver-SYNTH-001-2025-12-29-C01,synthetic-advertiser-001,naver,SYNTH-001,2025-12-29,C01,Brand Search Core,Naver,487255.24,69254,4954.0,426.35,3938714.87,7.153377,98.355922,8.606177,1142.852669,808.347368,2025-12-29T23:59:59Z
naver-SYNTH-001-2025-12-29-C02,synthetic-advertiser-001,naver,SYNTH-001,2025-12-29,C02,Brand Search Expansion,Naver,317447.17,51182,2954.0,204.84,2354286.65,5.77156,107.463496,6.934326,1549.732307,741.631019,2025-12-29T23:59:59Z
naver-SYNTH-001-2025-12-29-C03,synthetic-advertiser-001,naver,SYNTH-001,2025-12-29,C03,Generic Search High Intent,Naver,641395.43,85328,4103.0,256.3,5306158.87,4.808504,156.323528,6.246649,2502.518276,827.283542,2025-12-29T23:59:59Z
naver-SYNTH-001-2025-12-29-C04,synthetic-advertiser-001,naver,SYNTH-001,2025-12-29,C04,Generic Search Mid Intent,Naver,592787.49,66782,3180.0,126.65,4730836.09,4.761762,186.41116,3.982704,4680.517078,798.066117,2025-12-29T23:59:59Z
naver-SYNTH-001-2025-12-29-C05,synthetic-advertiser-001,naver,SYNTH-001,2025-12-29,C05,Shopping Best Seller,Naver,789704.56,99800,5764.0,371.77,7261127.63,5.775551,137.006342,6.449861,2124.175049,919.473941,2025-12-29T23:59:59Z
naver-SYNTH-001-2025-12-29-C06,synthetic-advertiser-001,naver,SYNTH-001,2025-12-29,C06,Shopping Long Tail,Naver,550915.05,62371,2130.0,108.31,3152263.29,3.415049,258.645566,5.084977,5086.465284,572.186811,2025-12-29T23:59:59Z
naver-SYNTH-001-2025-12-29-C07,synthetic-advertiser-001,naver,SYNTH-001,2025-12-29,C07,Retargeting,Naver,315618.28,53465,4459.0,428.77,3226682.07,8.340036,70.782301,9.615833,736.101589,1022.336884,2025-12-29T23:59:59Z
naver-SYNTH-001-2025-12-29-C08,synthetic-advertiser-001,naver,SYNTH-001,2025-12-29,C08,Competitor,Naver,441765.31,49107,1591.0,62.5,2145286.51,3.239864,277.665184,3.928347,7068.244913,485.61679,2025-12-29T23:59:59Z
naver-SYNTH-001-2025-12-29-C09,synthetic-advertiser-001,naver,SYNTH-001,2025-12-29,C09,Prospecting,Naver,699079.11,68460,1934.0,45.17,3717459.14,2.825007,361.467997,2.335574,15476.624023,531.765161,2025-12-29T23:59:59Z
naver-SYNTH-001-2025-12-29-C10,synthetic-advertiser-001,naver,SYNTH-001,2025-12-29,C10,Seasonal,Naver,483736.23,60764,3054.0,158.47,3954317.22,5.026002,158.394312,5.188933,3052.541356,817.453187,2025-12-29T23:59:59Z
naver-SYNTH-001-2025-12-29-C11,synthetic-advertiser-001,naver,SYNTH-001,2025-12-29,C11,New Product Launch,Naver,573243.56,62520,2435.0,119.64,4266078.23,3.894754,235.418299,4.913347,4791.403865,744.199943,2025-12-29T23:59:59Z
naver-SYNTH-001-2025-12-29-C12,synthetic-advertiser-001,naver,SYNTH-001,2025-12-29,C12,Low Efficiency Legacy,Naver,304135.31,26323,654.0,17.74,579070.25,2.484519,465.038704,2.712538,17144.042399,190.398889,2025-12-29T23:59:59Z
naver-SYNTH-001-2025-12-30-C01,synthetic-advertiser-001,naver,SYNTH-001,2025-12-30,C01,Brand Search Core,Naver,508264.12,70932,5422.0,444.14,4379272.17,7.643941,93.741078,8.191442,1144.378176,861.613474,2025-12-30T23:59:59Z
naver-SYNTH-001-2025-12-30-C02,synthetic-advertiser-001,naver,SYNTH-001,2025-12-30,C02,Brand Search Expansion,Naver,375411.09,53105,3279.0,252.71,2613553.9,6.17456,114.489506,7.706923,1485.54109,696.184525,2025-12-30T23:59:59Z
naver-SYNTH-001-2025-12-30-C03,synthetic-advertiser-001,naver,SYNTH-001,2025-12-30,C03,Generic Search High Intent,Naver,741559.38,91518,4903.0,281.94,6549440.7,5.357416,151.24605,5.750357,2630.202821,883.198412,2025-12-30T23:59:59Z
naver-SYNTH-001-2025-12-30-C04,synthetic-advertiser-001,naver,SYNTH-001,2025-12-30,C04,Generic Search Mid Intent,Naver,517830.37,65386,2430.0,100.78,2860977.81,3.716392,213.098917,4.147325,5138.22553,552.493245,2025-12-30T23:59:59Z
naver-SYNTH-001-2025-12-30-C05,synthetic-advertiser-001,naver,SYNTH-001,2025-12-30,C05,Shopping Best Seller,Naver,904913.83,120536,5723.0,345.47,9331733.87,4.747959,158.11879,6.036519,2619.370228,1031.229001,2025-12-30T23:59:59Z
naver-SYNTH-001-2025-12-30-C06,synthetic-advertiser-001,naver,SYNTH-001,2025-12-30,C06,Shopping Long Tail,Naver,474210.18,53410,2013.0,82.54,2880188.82,3.768957,235.573858,4.100348,5745.216574,607.36546,2025-12-30T23:59:59Z
naver-SYNTH-001-2025-12-30-C07,synthetic-advertiser-001,naver,SYNTH-001,2025-12-30,C07,Retargeting,Naver,312835.42,52954,4522.0,465.85,3329105.98,8.539487,69.180766,10.301858,671.536813,1064.171676,2025-12-30T23:59:59Z
naver-SYNTH-001-2025-12-30-C08,synthetic-advertiser-001,naver,SYNTH-001,2025-12-30,C08,Competitor,Naver,384076.42,42465,1410.0,53.99,2523919.64,3.320381,272.394624,3.829078,7113.843675,657.139962,2025-12-30T23:59:59Z
naver-SYNTH-001-2025-12-30-C09,synthetic-advertiser-001,naver,SYNTH-001,2025-12-30,C09,Prospecting,Naver,663552.9,67874,1801.0,45.07,5281097.18,2.653446,368.435812,2.502499,14722.717957,795.881864,2025-12-30T23:59:59Z
naver-SYNTH-001-2025-12-30-C10,synthetic-advertiser-001,naver,SYNTH-001,2025-12-30,C10,Seasonal,Naver,518654.5,64389,2569.0,149.86,3880607.02,3.989812,201.889646,5.833398,3460.92687,748.206565,2025-12-30T23:59:59Z
naver-SYNTH-001-2025-12-30-C11,synthetic-advertiser-001,naver,SYNTH-001,2025-12-30,C11,New Product Launch,Naver,529420.42,60564,2233.0,97.69,3052298.14,3.687009,237.089305,4.374832,5419.392137,576.535782,2025-12-30T23:59:59Z
naver-SYNTH-001-2025-12-30-C12,synthetic-advertiser-001,naver,SYNTH-001,2025-12-30,C12,Low Efficiency Legacy,Naver,300325.03,28131,656.0,12.0,655016.35,2.331947,457.812547,1.829268,25027.085897,218.102484,2025-12-30T23:59:59Z
naver-SYNTH-001-2025-12-31-C01,synthetic-advertiser-001,naver,SYNTH-001,2025-12-31,C01,Brand Search Core,Naver,521656.19,81433,6566.0,551.62,4236060.29,8.06307,79.448094,8.401157,945.680339,812.040648,2025-12-31T23:59:59Z
naver-SYNTH-001-2025-12-31-C02,synthetic-advertiser-001,naver,SYNTH-001,2025-12-31,C02,Brand Search Expansion,Naver,336594.8,48327,2976.0,224.28,2340896.26,6.158048,113.10309,7.53629,1500.779362,695.464188,2025-12-31T23:59:59Z
naver-SYNTH-001-2025-12-31-C03,synthetic-advertiser-001,naver,SYNTH-001,2025-12-31,C03,Generic Search High Intent,Naver,711136.22,87876,3920.0,227.51,5764564.52,4.460831,181.4123,5.803827,3125.736083,810.613268,2025-12-31T23:59:59Z
naver-SYNTH-001-2025-12-31-C04,synthetic-advertiser-001,naver,SYNTH-001,2025-12-31,C04,Generic Search Mid Intent,Naver,646121.71,73603,2720.0,111.01,3155983.99,3.695502,237.544747,4.08125,5820.391962,488.450385,2025-12-31T23:59:59Z
naver-SYNTH-001-2025-12-31-C05,synthetic-advertiser-001,naver,SYNTH-001,2025-12-31,C05,Shopping Best Seller,Naver,850932.34,122104,5627.0,314.78,7996608.08,4.608367,151.223092,5.5941,2703.26049,939.746644,2025-12-31T23:59:59Z
naver-SYNTH-001-2025-12-31-C06,synthetic-advertiser-001,naver,SYNTH-001,2025-12-31,C06,Shopping Long Tail,Naver,510114.92,56216,2012.0,83.62,3380541.92,3.579052,253.536244,4.156064,6100.393715,662.702025,2025-12-31T23:59:59Z
naver-SYNTH-001-2025-12-31-C07,synthetic-advertiser-001,naver,SYNTH-001,2025-12-31,C07,Retargeting,Naver,331252.99,54933,4644.0,418.06,3660021.17,8.453935,71.32924,9.002153,792.357529,1104.902084,2025-12-31T23:59:59Z
naver-SYNTH-001-2025-12-31-C08,synthetic-advertiser-001,naver,SYNTH-001,2025-12-31,C08,Competitor,Naver,473106.26,48625,1395.0,56.22,2720440.02,2.868895,339.144273,4.030108,8415.266115,575.016702,2025-12-31T23:59:59Z
naver-SYNTH-001-2025-12-31-C09,synthetic-advertiser-001,naver,SYNTH-001,2025-12-31,C09,Prospecting,Naver,685099.0,66271,1712.0,51.54,5131135.71,2.583332,400.17465,3.010514,13292.568898,748.962661,2025-12-31T23:59:59Z
naver-SYNTH-001-2025-12-31-C10,synthetic-advertiser-001,naver,SYNTH-001,2025-12-31,C10,Seasonal,Naver,586599.15,71312,2835.0,100.41,5041236.66,3.975488,206.91328,3.541799,5842.039129,859.400609,2025-12-31T23:59:59Z
naver-SYNTH-001-2025-12-31-C11,synthetic-advertiser-001,naver,SYNTH-001,2025-12-31,C11,New Product Launch,Naver,632070.49,66619,2263.0,91.14,4071572.41,3.396929,279.306448,4.027397,6935.160094,644.164293,2025-12-31T23:59:59Z
naver-SYNTH-001-2025-12-31-C12,synthetic-advertiser-001,naver,SYNTH-001,2025-12-31,C12,Low Efficiency Legacy,Naver,293611.89,29183,637.0,10.85,603520.74,2.182778,460.929191,1.703297,27061.004141,205.550506,2025-12-31T23:59:59Z
naver-SYNTH-001-2026-01-01-C01,synthetic-advertiser-001,naver,SYNTH-001,2026-01-01,C01,Brand Search Core,Naver,542864.51,81316,5740.0,489.36,4408933.16,7.058881,94.575698,8.525436,1109.335681,812.160877,2026-01-01T23:59:59Z
naver-SYNTH-001-2026-01-01-C02,synthetic-advertiser-001,naver,SYNTH-001,2026-01-01,C02,Brand Search Expansion,Naver,364084.46,52271,3075.0,205.24,2247093.52,5.882803,118.40145,6.674472,1773.944937,617.190177,2026-01-01T23:59:59Z
naver-SYNTH-001-2026-01-01-C03,synthetic-advertiser-001,naver,SYNTH-001,2026-01-01,C03,Generic Search High Intent,Naver,644184.51,75548,3456.0,190.56,6582992.84,4.574575,186.395979,5.513889,3380.48124,1021.911081,2026-01-01T23:59:59Z
naver-SYNTH-001-2026-01-01-C04,synthetic-advertiser-001,naver,SYNTH-001,2026-01-01,C04,Generic Search Mid Intent,Naver,665896.66,78800,3277.0,99.22,3784275.4,4.158629,203.20313,3.027769,6711.314821,568.297702,2026-01-01T23:59:59Z
naver-SYNTH-001-2026-01-01-C05,synthetic-advertiser-001,naver,SYNTH-001,2026-01-01,C05,Shopping Best Seller,Naver,816204.19,113898,6669.0,0.0,7747857.13,5.855239,122.387792,0.0,0,949.254764,2026-01-01T23:59:59Z
naver-SYNTH-001-2026-01-01-C06,synthetic-advertiser-001,naver,SYNTH-001,2026-01-01,C06,Shopping Long Tail,Naver,509703.89,54024,2225.0,101.28,3426490.42,4.11854,229.080402,4.55191,5032.621382,672.251177,2026-01-01T23:59:59Z
naver-SYNTH-001-2026-01-01-C07,synthetic-advertiser-001,naver,SYNTH-001,2026-01-01,C07,Retargeting,Naver,286953.37,50424,4310.0,377.13,3390158.36,8.547517,66.578508,8.750116,760.887143,1181.431805,2026-01-01T23:59:59Z
naver-SYNTH-001-2026-01-01-C08,synthetic-advertiser-001,naver,SYNTH-001,2026-01-01,C08,Competitor,Naver,429429.32,42975,1692.0,75.13,3376856.28,3.937173,253.799836,4.440307,5715.816886,786.359037,2026-01-01T23:59:59Z
naver-SYNTH-001-2026-01-01-C09,synthetic-advertiser-001,naver,SYNTH-001,2026-01-01,C09,Prospecting,Naver,725442.51,73055,1982.0,41.27,4924548.31,2.713024,366.015395,2.08224,17577.962524,678.833708,2026-01-01T23:59:59Z
naver-SYNTH-001-2026-01-01-C10,synthetic-advertiser-001,naver,SYNTH-001,2026-01-01,C10,Seasonal,Naver,428444.17,55621,2536.0,97.65,3705216.49,4.559429,168.944863,3.850552,4387.549131,864.807303,2026-01-01T23:59:59Z
naver-SYNTH-001-2026-01-01-C11,synthetic-advertiser-001,naver,SYNTH-001,2026-01-01,C11,New Product Launch,Naver,478527.17,55530,1907.0,73.72,2382870.73,3.43418,250.93192,3.865758,6491.144483,497.959337,2026-01-01T23:59:59Z
naver-SYNTH-001-2026-01-01-C12,synthetic-advertiser-001,naver,SYNTH-001,2026-01-01,C12,Low Efficiency Legacy,Naver,289467.97,26203,615.0,11.73,635849.1,2.347059,470.679625,1.907317,24677.576225,219.661299,2026-01-01T23:59:59Z
naver-SYNTH-001-2026-01-02-C01,synthetic-advertiser-001,naver,SYNTH-001,2026-01-02,C01,Brand Search Core,Naver,539479.53,79933,5462.0,420.41,4269776.99,6.833223,98.769596,7.696997,1283.222411,791.462275,2026-01-02T23:59:59Z
naver-SYNTH-001-2026-01-02-C02,synthetic-advertiser-001,naver,SYNTH-001,2026-01-02,C02,Brand Search Expansion,Naver,351433.0,51131,3453.0,261.87,2383061.3,6.753242,101.776136,7.58384,1342.013202,678.098334,2026-01-02T23:59:59Z
naver-SYNTH-001-2026-01-02-C03,synthetic-advertiser-001,naver,SYNTH-001,2026-01-02,C03,Generic Search High Intent,Naver,687061.99,79780,4204.0,186.25,6555609.24,5.269491,163.430541,4.430304,3688.923459,954.151051,2026-01-02T23:59:59Z
naver-SYNTH-001-2026-01-02-C04,synthetic-advertiser-001,naver,SYNTH-001,2026-01-02,C04,Generic Search Mid Intent,Naver,580593.24,63896,2291.0,92.13,4112137.43,3.585514,253.423502,4.021388,6301.891276,708.264776,2026-01-02T23:59:59Z
naver-SYNTH-001-2026-01-02-C05,synthetic-advertiser-001,naver,SYNTH-001,2026-01-02,C05,Shopping Best Seller,Naver,957899.97,139788,6426.0,482.2,8630539.66,4.596961,149.066288,7.50389,1986.520046,900.985486,2026-01-02T23:59:59Z
naver-SYNTH-001-2026-01-02-C06,synthetic-advertiser-001,naver,SYNTH-001,2026-01-02,C06,Shopping Long Tail,Naver,457382.13,49372,2043.0,120.88,2944030.38,4.137973,223.877693,5.916789,3783.770076,643.669748,2026-01-02T23:59:59Z
naver-SYNTH-001-2026-01-02-C07,synthetic-advertiser-001,naver,SYNTH-001,2026-01-02,C07,Retargeting,Naver,317117.44,58305,4797.0,522.99,3287221.6,8.227425,66.10745,10.902439,606.354689,1036.594396,2026-01-02T23:59:59Z
naver-SYNTH-001-2026-01-02-C08,synthetic-advertiser-001,naver,SYNTH-001,2026-01-02,C08,Competitor,Naver,408207.95,50015,1999.0,79.9,2808226.06,3.996801,204.206077,3.996998,5108.985575,687.940075,2026-01-02T23:59:59Z
naver-SYNTH-001-2026-01-02-C09,synthetic-advertiser-001,naver,SYNTH-001,2026-01-02,C09,Prospecting,Naver,733780.28,61714,1604.0,44.9,4604370.78,2.599086,457.469006,2.799252,16342.54532,627.486303,2026-01-02T23:59:59Z
naver-SYNTH-001-2026-01-02-C10,synthetic-advertiser-001,naver,SYNTH-001,2026-01-02,C10,Seasonal,Naver,517755.43,68647,2814.0,151.21,4191617.32,4.099232,183.992691,5.37349,3424.081965,809.574763,2026-01-02T23:59:59Z
naver-SYNTH-001-2026-01-02-C11,synthetic-advertiser-001,naver,SYNTH-001,2026-01-02,C11,New Product Launch,Naver,495798.37,56340,1804.0,91.39,3403837.49,3.201988,274.832797,5.065965,5425.083329,686.536649,2026-01-02T23:59:59Z
naver-SYNTH-001-2026-01-02-C12,synthetic-advertiser-001,naver,SYNTH-001,2026-01-02,C12,Low Efficiency Legacy,Naver,310508.57,32342,717.0,15.29,794980.75,2.216932,433.066348,2.132497,20307.951066,256.025379,2026-01-02T23:59:59Z
naver-SYNTH-001-2026-01-03-C01,synthetic-advertiser-001,naver,SYNTH-001,2026-01-03,C01,Brand Search Core,Naver,447302.94,71918,5367.0,428.93,4389676.45,7.462666,83.343197,7.991988,1042.834355,981.365436,2026-01-03T23:59:59Z
naver-SYNTH-001-2026-01-03-C02,synthetic-advertiser-001,naver,SYNTH-001,2026-01-03,C02,Brand Search Expansion,Naver,337190.34,47527,3091.0,203.01,2551330.98,6.503672,109.087784,6.567777,1660.954345,756.644145,2026-01-03T23:59:59Z
naver-SYNTH-001-2026-01-03-C03,synthetic-advertiser-001,naver,SYNTH-001,2026-01-03,C03,Generic Search High Intent,Naver,641713.29,82663,3595.0,159.44,5705630.2,4.348983,178.501612,4.435049,4024.794875,889.124512,2026-01-03T23:59:59Z
naver-SYNTH-001-2026-01-03-C04,synthetic-advertiser-001,naver,SYNTH-001,2026-01-03,C04,Generic Search Mid Intent,Naver,485664.2,64726,2398.0,132.91,3607793.43,3.704848,202.528859,5.542535,3654.083246,742.857595,2026-01-03T23:59:59Z
naver-SYNTH-001-2026-01-03-C05,synthetic-advertiser-001,naver,SYNTH-001,2026-01-03,C05,Shopping Best Seller,Naver,819029.99,100585,4575.0,310.46,7267925.81,4.548392,179.022948,6.786011,2638.117596,887.382136,2026-01-03T23:59:59Z
naver-SYNTH-001-2026-01-03-C06,synthetic-advertiser-001,naver,SYNTH-001,2026-01-03,C06,Shopping Long Tail,Naver,452754.5,54205,2120.0,75.21,3127924.31,3.911078,213.563444,3.547642,6019.871039,690.865426,2026-01-03T23:59:59Z
naver-SYNTH-001-2026-01-03-C07,synthetic-advertiser-001,naver,SYNTH-001,2026-01-03,C07,Retargeting,Naver,288304.52,43339,3450.0,353.37,3271211.03,7.960497,83.566528,10.242609,815.871526,1134.637439,2026-01-03T23:59:59Z
naver-SYNTH-001-2026-01-03-C08,synthetic-advertiser-001,naver,SYNTH-001,2026-01-03,C08,Competitor,Naver,375355.57,40170,1142.0,35.99,2678910.63,2.842918,328.682633,3.151489,10429.440594,713.699453,2026-01-03T23:59:59Z
naver-SYNTH-001-2026-01-03-C09,synthetic-advertiser-001,naver,SYNTH-001,2026-01-03,C09,Prospecting,Naver,633017.87,68915,2130.0,55.5,4491259.97,3.090764,297.191488,2.605634,11405.727364,709.499714,2026-01-03T23:59:59Z
naver-SYNTH-001-2026-01-03-C10,synthetic-advertiser-001,naver,SYNTH-001,2026-01-03,C10,Seasonal,Naver,442799.88,60697,2461.0,90.43,4726861.8,4.054566,179.926812,3.674523,4896.603829,1067.493912,2026-01-03T23:59:59Z
naver-SYNTH-001-2026-01-03-C11,synthetic-advertiser-001,naver,SYNTH-001,2026-01-03,C11,New Product Launch,Naver,504167.77,52917,2062.0,76.91,4091359.74,3.896668,244.504253,3.729874,6555.295411,811.507595,2026-01-03T23:59:59Z
naver-SYNTH-001-2026-01-03-C12,synthetic-advertiser-001,naver,SYNTH-001,2026-01-03,C12,Low Efficiency Legacy,Naver,257113.68,24747,533.0,11.29,584140.42,2.153796,482.389638,2.118199,22773.576337,227.1915,2026-01-03T23:59:59Z
naver-SYNTH-001-2026-01-04-C01,synthetic-advertiser-001,naver,SYNTH-001,2026-01-04,C01,Brand Search Core,Naver,447850.99,68457,5639.0,403.98,4226453.19,8.237288,79.420285,7.164036,1108.59693,943.718625,2026-01-04T23:59:59Z
naver-SYNTH-001-2026-01-04-C02,synthetic-advertiser-001,naver,SYNTH-001,2026-01-04,C02,Brand Search Expansion,Naver,296786.51,43602,2991.0,202.28,2306973.96,6.859777,99.226515,6.762956,1467.206377,777.317671,2026-01-04T23:59:59Z
naver-SYNTH-001-2026-01-04-C03,synthetic-advertiser-001,naver,SYNTH-001,2026-01-04,C03,Generic Search High Intent,Naver,654365.5,81826,3988.0,187.11,6213485.58,4.873757,164.083626,4.691825,3497.223553,949.543579,2026-01-04T23:59:59Z
naver-SYNTH-001-2026-01-04-C04,synthetic-advertiser-001,naver,SYNTH-001,2026-01-04,C04,Generic Search Mid Intent,Naver,571177.39,66408,2323.0,70.36,4173677.64,3.498073,245.879204,3.028842,8117.927679,730.714784,2026-01-04T23:59:59Z
naver-SYNTH-001-2026-01-04-C05,synthetic-advertiser-001,naver,SYNTH-001,2026-01-04,C05,Shopping Best Seller,Naver,819270.73,115908,6446.0,428.82,6887691.4,5.561307,127.097539,6.652498,1910.523609,840.71005,2026-01-04T23:59:59Z
naver-SYNTH-001-2026-01-04-C06,synthetic-advertiser-001,naver,SYNTH-001,2026-01-04,C06,Shopping Long Tail,Naver,469998.63,53672,1858.0,78.53,3460824.7,3.461768,252.959434,4.226588,5984.95644,736.347828,2026-01-04T23:59:59Z
naver-SYNTH-001-2026-01-04-C07,synthetic-advertiser-001,naver,SYNTH-001,2026-01-04,C07,Retargeting,Naver,282570.44,42799,3601.0,347.25,3370058.63,8.413748,78.469991,9.643155,813.737765,1192.643735,2026-01-04T23:59:59Z
naver-SYNTH-001-2026-01-04-C08,synthetic-advertiser-001,naver,SYNTH-001,2026-01-04,C08,Competitor,Naver,431821.5,44487,1248.0,46.22,2293423.34,2.805314,346.010814,3.703526,9342.741142,531.104486,2026-01-04T23:59:59Z
naver-SYNTH-001-2026-01-04-C09,synthetic-advertiser-001,naver,SYNTH-001,2026-01-04,C09,Prospecting,Naver,674712.71,71434,2009.0,49.33,5150383.73,2.812386,335.84505,2.45545,13677.53307,763.344706,2026-01-04T23:59:59Z
naver-SYNTH-001-2026-01-04-C10,synthetic-advertiser-001,naver,SYNTH-001,2026-01-04,C10,Seasonal,Naver,432396.24,59499,2590.0,103.34,4278833.62,4.353014,166.948355,3.989961,4184.209779,989.563099,2026-01-04T23:59:59Z
naver-SYNTH-001-2026-01-04-C11,synthetic-advertiser-001,naver,SYNTH-001,2026-01-04,C11,New Product Launch,Naver,551789.12,59060,2624.0,98.07,3709469.05,4.442939,210.285486,3.737424,5626.482268,672.262091,2026-01-04T23:59:59Z
naver-SYNTH-001-2026-01-04-C12,synthetic-advertiser-001,naver,SYNTH-001,2026-01-04,C12,Low Efficiency Legacy,Naver,253637.55,21735,480.0,10.15,658367.12,2.20842,528.411561,2.114583,24988.921124,259.570053,2026-01-04T23:59:59Z
naver-SYNTH-001-2026-01-05-C01,synthetic-advertiser-001,naver,SYNTH-001,2026-01-05,C01,Brand Search Core,Naver,515351.85,83329,6176.0,465.49,4123657.05,7.411585,83.444277,7.537079,1107.116918,800.163425,2026-01-05T23:59:59Z
naver-SYNTH-001-2026-01-05-C02,synthetic-advertiser-001,naver,SYNTH-001,2026-01-05,C02,Brand Search Expansion,Naver,312170.08,47632,3041.0,180.81,2401916.62,6.384363,102.653758,5.945742,1726.508917,769.425641,2026-01-05T23:59:59Z
naver-SYNTH-001-2026-01-05-C03,synthetic-advertiser-001,naver,SYNTH-001,2026-01-05,C03,Generic Search High Intent,Naver,701582.05,93283,4315.0,254.2,5555495.02,4.625709,162.591438,5.891078,2759.960873,791.852498,2026-01-05T23:59:59Z
naver-SYNTH-001-2026-01-05-C04,synthetic-advertiser-001,naver,SYNTH-001,2026-01-05,C04,Generic Search Mid Intent,Naver,628569.57,66936,2597.0,98.41,4166334.77,3.879826,242.036801,3.789372,6387.253047,662.827943,2026-01-05T23:59:59Z
naver-SYNTH-001-2026-01-05-C05,synthetic-advertiser-001,naver,SYNTH-001,2026-01-05,C05,Shopping Best Seller,Naver,834418.87,120510,6602.0,407.39,7205798.31,5.478384,126.388802,6.170706,2048.20656,863.570872,2026-01-05T23:59:59Z
naver-SYNTH-001-2026-01-05-C06,synthetic-advertiser-001,naver,SYNTH-001,2026-01-05,C06,Shopping Long Tail,Naver,505530.21,51429,1878.0,87.91,3700023.53,3.651636,269.185416,4.681044,5750.542724,731.909479,2026-01-05T23:59:59Z
naver-SYNTH-001-2026-01-05-C07,synthetic-advertiser-001,naver,SYNTH-001,2026-01-05,C07,Retargeting,Naver,320567.3,62161,5516.0,585.18,3690719.55,8.873731,58.1159,10.608774,547.809739,1151.308794,2026-01-05T23:59:59Z
naver-SYNTH-001-2026-01-05-C08,synthetic-advertiser-001,naver,SYNTH-001,2026-01-05,C08,Competitor,Naver,443101.62,47733,1577.0,55.62,3002330.19,3.303794,280.977564,3.52695,7966.587891,677.571478,2026-01-05T23:59:59Z
naver-SYNTH-001-2026-01-05-C09,synthetic-advertiser-001,naver,SYNTH-001,2026-01-05,C09,Prospecting,Naver,802688.63,86327,2373.0,47.86,5011453.83,2.74885,338.259011,2.016856,16771.597033,624.333474,2026-01-05T23:59:59Z
naver-SYNTH-001-2026-01-05-C10,synthetic-advertiser-001,naver,SYNTH-001,2026-01-05,C10,Seasonal,Naver,488068.16,62150,2731.0,154.69,4416265.58,4.394208,178.714083,5.664226,3155.137121,904.846071,2026-01-05T23:59:59Z
naver-SYNTH-001-2026-01-05-C11,synthetic-advertiser-001,naver,SYNTH-001,2026-01-05,C11,New Product Launch,Naver,500480.7,53972,1851.0,71.35,3393415.75,3.429556,270.383956,3.854673,7014.445722,678.031288,2026-01-05T23:59:59Z
naver-SYNTH-001-2026-01-05-C12,synthetic-advertiser-001,naver,SYNTH-001,2026-01-05,C12,Low Efficiency Legacy,Naver,254577.14,20437,489.0,11.5,611610.56,2.392719,520.607649,2.351738,22137.142654,240.245671,2026-01-05T23:59:59Z
naver-SYNTH-001-2026-01-06-C01,synthetic-advertiser-001,naver,SYNTH-001,2026-01-06,C01,Brand Search Core,Naver,496826.06,79224,6441.0,457.76,4312688.08,8.130112,77.134926,7.106971,1085.341785,868.047888,2026-01-06T23:59:59Z
naver-SYNTH-001-2026-01-06-C02,synthetic-advertiser-001,naver,SYNTH-001,2026-01-06,C02,Brand Search Expansion,Naver,350657.0,49630,3042.0,193.17,2503864.66,6.129357,115.271861,6.350099,1815.27671,714.049527,2026-01-06T23:59:59Z
naver-SYNTH-001-2026-01-06-C03,synthetic-advertiser-001,naver,SYNTH-001,2026-01-06,C03,Generic Search High Intent,Naver,681149.87,95470,4138.0,218.39,5798379.1,4.334346,164.608476,5.27767,3118.960913,851.263331,2026-01-06T23:59:59Z
naver-SYNTH-001-2026-01-06-C04,synthetic-advertiser-001,naver,SYNTH-001,2026-01-06,C04,Generic Search Mid Intent,Naver,591698.94,75091,2918.0,137.9,3945251.18,3.885952,202.775511,4.72584,4290.782757,666.766644,2026-01-06T23:59:59Z
naver-SYNTH-001-2026-01-06-C05,synthetic-advertiser-001,naver,SYNTH-001,2026-01-06,C05,Shopping Best Seller,Naver,745093.89,105451,5891.0,428.04,7402187.13,5.586481,126.480036,7.265999,1740.710902,993.456957,2026-01-06T23:59:59Z
naver-SYNTH-001-2026-01-06-C06,synthetic-advertiser-001,naver,SYNTH-001,2026-01-06,C06,Shopping Long Tail,Naver,476023.01,51244,2349.0,101.57,3483264.94,4.583951,202.649215,4.323968,4686.649667,731.742981,2026-01-06T23:59:59Z
naver-SYNTH-001-2026-01-06-C07,synthetic-advertiser-001,naver,SYNTH-001,2026-01-06,C07,Retargeting,Naver,296990.71,46945,4506.0,404.13,3574653.58,9.598466,65.910055,8.968708,734.889037,1203.624725,2026-01-06T23:59:59Z
naver-SYNTH-001-2026-01-06-C08,synthetic-advertiser-001,naver,SYNTH-001,2026-01-06,C08,Competitor,Naver,449838.62,47857,1466.0,58.62,2379452.6,3.063293,306.847628,3.998636,7673.807956,528.956937,2026-01-06T23:59:59Z
naver-SYNTH-001-2026-01-06-C09,synthetic-advertiser-001,naver,SYNTH-001,2026-01-06,C09,Prospecting,Naver,851514.9,85671,2282.0,53.1,3935591.4,2.663678,373.144129,2.326906,16036.062185,462.187026,2026-01-06T23:59:59Z
naver-SYNTH-001-2026-01-06-C10,synthetic-advertiser-001,naver,SYNTH-001,2026-01-06,C10,Seasonal,Naver,453607.56,54213,2629.0,105.47,3456601.09,4.84939,172.539962,4.011792,4300.820708,762.024576,2026-01-06T23:59:59Z
naver-SYNTH-001-2026-01-06-C11,synthetic-advertiser-001,naver,SYNTH-001,2026-01-06,C11,New Product Launch,Naver,566239.86,64462,2644.0,100.36,3771072.89,4.101641,214.16031,3.795764,5642.087083,665.985064,2026-01-06T23:59:59Z
naver-SYNTH-001-2026-01-06-C12,synthetic-advertiser-001,naver,SYNTH-001,2026-01-06,C12,Low Efficiency Legacy,Naver,278129.4,25531,622.0,13.23,769143.47,2.436254,447.153377,2.12701,21022.630422,276.541593,2026-01-06T23:59:59Z
naver-SYNTH-001-2026-01-07-C01,synthetic-advertiser-001,naver,SYNTH-001,2026-01-07,C01,Brand Search Core,Naver,484963.59,77387,5770.0,439.07,4309965.61,7.456033,84.049149,7.609532,1104.524543,888.719419,2026-01-07T23:59:59Z
naver-SYNTH-001-2026-01-07-C02,synthetic-advertiser-001,naver,SYNTH-001,2026-01-07,C02,Brand Search Expansion,Naver,383827.42,55588,3726.0,221.92,2507623.06,6.702886,103.013263,5.955985,1729.575607,653.320461,2026-01-07T23:59:59Z
naver-SYNTH-001-2026-01-07-C03,synthetic-advertiser-001,naver,SYNTH-001,2026-01-07,C03,Generic Search High Intent,Naver,720746.21,93729,5037.0,272.92,6458224.53,5.374004,143.090373,5.418305,2640.869888,896.046964,2026-01-07T23:59:59Z
naver-SYNTH-001-2026-01-07-C04,synthetic-advertiser-001,naver,SYNTH-001,2026-01-07,C04,Generic Search Mid Intent,Naver,533201.22,59155,1684.0,83.06,3406013.74,2.846759,316.627802,4.932304,6419.470496,638.785813,2026-01-07T23:59:59Z
naver-SYNTH-001-2026-01-07-C05,synthetic-advertiser-001,naver,SYNTH-001,2026-01-07,C05,Shopping Best Seller,Naver,884739.81,126229,6346.0,336.76,9471778.81,5.027371,139.416925,5.30665,2627.211683,1070.572246,2026-01-07T23:59:59Z
naver-SYNTH-001-2026-01-07-C06,synthetic-advertiser-001,naver,SYNTH-001,2026-01-07,C06,Shopping Long Tail,Naver,487031.95,51820,2341.0,99.35,3404457.16,4.517561,208.044404,4.243913,4902.183684,699.02132,2026-01-07T23:59:59Z
naver-SYNTH-001-2026-01-07-C07,synthetic-advertiser-001,naver,SYNTH-001,2026-01-07,C07,Retargeting,Naver,306464.0,51906,4268.0,463.04,3453394.82,8.222556,71.80506,10.84911,661.8521,1126.851722,2026-01-07T23:59:59Z
naver-SYNTH-001-2026-01-07-C08,synthetic-advertiser-001,naver,SYNTH-001,2026-01-07,C08,Competitor,Naver,443133.55,44430,1232.0,50.48,2386489.46,2.772901,359.686323,4.097403,8778.398385,538.548583,2026-01-07T23:59:59Z
naver-SYNTH-001-2026-01-07-C09,synthetic-advertiser-001,naver,SYNTH-001,2026-01-07,C09,Prospecting,Naver,712807.31,73261,1577.0,37.9,4911249.62,2.152578,452.002099,2.403297,18807.580744,689.001018,2026-01-07T23:59:59Z
naver-SYNTH-001-2026-01-07-C10,synthetic-advertiser-001,naver,SYNTH-001,2026-01-07,C10,Seasonal,Naver,506169.3,67105,2839.0,152.61,3492117.64,4.230683,178.291405,5.375484,3316.750525,689.910995,2026-01-07T23:59:59Z
naver-SYNTH-001-2026-01-07-C11,synthetic-advertiser-001,naver,SYNTH-001,2026-01-07,C11,New Product Launch,Naver,595854.98,59507,2207.0,77.49,4423625.57,3.708807,269.984133,3.511101,7689.443565,742.399695,2026-01-07T23:59:59Z
naver-SYNTH-001-2026-01-07-C12,synthetic-advertiser-001,naver,SYNTH-001,2026-01-07,C12,Low Efficiency Legacy,Naver,292361.35,26457,556.0,12.95,710706.47,2.101523,525.82976,2.329137,22576.165762,243.091803,2026-01-07T23:59:59Z
naver-SYNTH-001-2026-01-08-C01,synthetic-advertiser-001,naver,SYNTH-001,2026-01-08,C01,Brand Search Core,Naver,544547.06,87584,6575.0,559.39,4401105.05,7.507079,82.820845,8.507833,973.465839,808.21391,2026-01-08T23:59:59Z
naver-SYNTH-001-2026-01-08-C02,synthetic-advertiser-001,naver,SYNTH-001,2026-01-08,C02,Brand Search Expansion,Naver,330258.41,48485,2795.0,182.35,2216475.92,5.764669,118.160432,6.52415,1811.123703,671.133838,2026-01-08T23:59:59Z
naver-SYNTH-001-2026-01-08-C03,synthetic-advertiser-001,naver,SYNTH-001,2026-01-08,C03,Generic Search High Intent,Naver,682421.77,80853,3632.0,180.96,5969290.88,4.492103,187.891456,4.982379,3771.119417,874.721638,2026-01-08T23:59:59Z
naver-SYNTH-001-2026-01-08-C04,synthetic-advertiser-001,naver,SYNTH-001,2026-01-08,C04,Generic Search Mid Intent,Naver,572161.39,68090,2649.0,101.1,4238848.95,3.890439,215.991466,3.816535,5659.36096,740.848474,2026-01-08T23:59:59Z
naver-SYNTH-001-2026-01-08-C05,synthetic-advertiser-001,naver,SYNTH-001,2026-01-08,C05,Shopping Best Seller,Naver,861550.28,112785,5065.0,281.24,7232966.97,4.490845,170.098773,5.552616,3063.398821,839.529288,2026-01-08T23:59:59Z
naver-SYNTH-001-2026-01-08-C06,synthetic-advertiser-001,naver,SYNTH-001,2026-01-08,C06,Shopping Long Tail,Naver,480498.48,51238,1914.0,80.3,3204794.58,3.735509,251.044137,4.195402,5983.791757,666.972889,2026-01-08T23:59:59Z
naver-SYNTH-001-2026-01-08-C07,synthetic-advertiser-001,naver,SYNTH-001,2026-01-08,C07,Retargeting,Naver,294801.8,45323,4050.0,437.02,3566746.05,8.93586,72.790568,10.790617,674.572793,1209.879325,2026-01-08T23:59:59Z
naver-SYNTH-001-2026-01-08-C08,synthetic-advertiser-001,naver,SYNTH-001,2026-01-08,C08,Competitor,Naver,410666.62,42656,1315.0,52.17,2983542.47,3.082802,312.294005,3.9673,7871.700531,726.512053,2026-01-08T23:59:59Z
naver-SYNTH-001-2026-01-08-C09,synthetic-advertiser-001,naver,SYNTH-001,2026-01-08,C09,Prospecting,Naver,714515.16,73367,2334.0,79.4,5418167.91,3.181267,306.133315,3.401885,8998.931462,758.299926,2026-01-08T23:59:59Z
naver-SYNTH-001-2026-01-08-C10,synthetic-advertiser-001,naver,SYNTH-001,2026-01-08,C10,Seasonal,Naver,448660.8,55586,2451.0,123.05,5222849.45,4.409384,183.052144,5.0204,3646.166637,1164.097555,2026-01-08T23:59:59Z
naver-SYNTH-001-2026-01-08-C11,synthetic-advertiser-001,naver,SYNTH-001,2026-01-08,C11,New Product Launch,Naver,540341.39,53147,1780.0,88.78,3918636.77,3.349201,303.562576,4.98764,6086.296298,725.214999,2026-01-08T23:59:59Z
naver-SYNTH-001-2026-01-08-C12,synthetic-advertiser-001,naver,SYNTH-001,2026-01-08,C12,Low Efficiency Legacy,Naver,278031.81,27530,590.0,10.8,733282.96,2.143117,471.240361,1.830508,25743.686406,263.740668,2026-01-08T23:59:59Z
naver-SYNTH-001-2026-01-09-C01,synthetic-advertiser-001,naver,SYNTH-001,2026-01-09,C01,Brand Search Core,Naver,548623.4,81124,5639.0,441.5,4663693.17,6.951087,97.290903,7.829402,1242.635113,850.071862,2026-01-09T23:59:59Z
naver-SYNTH-001-2026-01-09-C02,synthetic-advertiser-001,naver,SYNTH-001,2026-01-09,C02,Brand Search Expansion,Naver,417612.33,53280,3679.0,259.19,2486704.67,6.90503,113.512458,7.045121,1611.220849,595.457673,2026-01-09T23:59:59Z
naver-SYNTH-001-2026-01-09-C03,synthetic-advertiser-001,naver,SYNTH-001,2026-01-09,C03,Generic Search High Intent,Naver,778490.41,103202,5292.0,279.26,5973361.35,5.127808,147.107031,5.277022,2787.690348,767.300573,2026-01-09T23:59:59Z
naver-SYNTH-001-2026-01-09-C04,synthetic-advertiser-001,naver,SYNTH-001,2026-01-09,C04,Generic Search Mid Intent,Naver,627599.27,69025,2828.0,93.36,4603483.47,4.097066,221.923365,3.301273,6722.357271,733.506818,2026-01-09T23:59:59Z
naver-SYNTH-001-2026-01-09-C05,synthetic-advertiser-001,naver,SYNTH-001,2026-01-09,C05,Shopping Best Seller,Naver,916681.76,111484,6083.0,392.36,8945363.63,5.456388,150.69567,6.450107,2336.328274,975.841781,2026-01-09T23:59:59Z
naver-SYNTH-001-2026-01-09-C06,synthetic-advertiser-001,naver,SYNTH-001,2026-01-09,C06,Shopping Long Tail,Naver,455748.64,48269,1553.0,71.17,3096996.52,3.217386,293.463385,4.582743,6403.662176,679.540491,2026-01-09T23:59:59Z
naver-SYNTH-001-2026-01-09-C07,synthetic-advertiser-001,naver,SYNTH-001,2026-01-09,C07,Retargeting,Naver,321257.34,56107,5259.0,510.87,3467241.18,9.373162,61.087153,9.714204,628.843617,1079.27221,2026-01-09T23:59:59Z
naver-SYNTH-001-2026-01-09-C08,synthetic-advertiser-001,naver,SYNTH-001,2026-01-09,C08,Competitor,Naver,440457.28,45641,1506.0,57.76,2458494.4,3.299665,292.468311,3.835325,7625.645366,558.168643,2026-01-09T23:59:59Z
naver-SYNTH-001-2026-01-09-C09,synthetic-advertiser-001,naver,SYNTH-001,2026-01-09,C09,Prospecting,Naver,741209.71,70002,1848.0,47.89,5135534.72,2.639925,401.087504,2.59145,15477.337803,692.858536,2026-01-09T23:59:59Z
naver-SYNTH-001-2026-01-09-C10,synthetic-advertiser-001,naver,SYNTH-001,2026-01-09,C10,Seasonal,Naver,409758.71,50724,2949.0,183.12,3096975.72,5.813816,138.94836,6.209563,2237.651337,755.804727,2026-01-09T23:59:59Z
naver-SYNTH-001-2026-01-09-C11,synthetic-advertiser-001,naver,SYNTH-001,2026-01-09,C11,New Product Launch,Naver,576489.98,68254,2163.0,79.84,3767794.05,3.169045,266.523339,3.69117,7220.565915,653.574938,2026-01-09T23:59:59Z
naver-SYNTH-001-2026-01-09-C12,synthetic-advertiser-001,naver,SYNTH-001,2026-01-09,C12,Low Efficiency Legacy,Naver,270640.89,23866,480.0,11.84,679159.86,2.011229,563.835182,2.466667,22858.183056,250.945032,2026-01-09T23:59:59Z
naver-SYNTH-001-2026-01-10-C01,synthetic-advertiser-001,naver,SYNTH-001,2026-01-10,C01,Brand Search Core,Naver,461163.48,60872,4541.0,420.85,4489877.44,7.459916,101.55549,9.267782,1095.790617,973.597786,2026-01-10T23:59:59Z
naver-SYNTH-001-2026-01-10-C02,synthetic-advertiser-001,naver,SYNTH-001,2026-01-10,C02,Brand Search Expansion,Naver,373568.56,53715,3497.0,249.74,2634372.84,6.510286,106.825439,7.14155,1495.829911,705.191257,2026-01-10T23:59:59Z
naver-SYNTH-001-2026-01-10-C03,synthetic-advertiser-001,naver,SYNTH-001,2026-01-10,C03,Generic Search High Intent,Naver,639926.06,81051,4729.0,264.63,6252829.9,5.834598,135.31953,5.595898,2418.191659,977.117561,2026-01-10T23:59:59Z
naver-SYNTH-001-2026-01-10-C04,synthetic-advertiser-001,naver,SYNTH-001,2026-01-10,C04,Generic Search Mid Intent,Naver,547797.19,66403,2247.0,112.04,2974768.16,3.383883,243.79047,4.986204,4889.300119,543.041885,2026-01-10T23:59:59Z
naver-SYNTH-001-2026-01-10-C05,synthetic-advertiser-001,naver,SYNTH-001,2026-01-10,C05,Shopping Best Seller,Naver,787320.89,116772,6605.0,354.57,7098437.93,5.656322,119.200741,5.368206,2220.494948,901.593999,2026-01-10T23:59:59Z
naver-SYNTH-001-2026-01-10-C06,synthetic-advertiser-001,naver,SYNTH-001,2026-01-10,C06,Shopping Long Tail,Naver,449661.4,49023,2101.0,101.34,3386831.63,4.285743,214.022563,4.823417,4437.156148,753.195984,2026-01-10T23:59:59Z
naver-SYNTH-001-2026-01-10-C07,synthetic-advertiser-001,naver,SYNTH-001,2026-01-10,C07,Retargeting,Naver,293219.31,46232,3965.0,437.69,3446522.76,8.576311,73.951906,11.03884,669.924619,1175.407855,2026-01-10T23:59:59Z
naver-SYNTH-001-2026-01-10-C08,synthetic-advertiser-001,naver,SYNTH-001,2026-01-10,C08,Competitor,Naver,426644.65,50344,1829.0,70.62,2859381.0,3.633005,233.26662,3.861126,6041.41387,670.20201,2026-01-10T23:59:59Z
naver-SYNTH-001-2026-01-10-C09,synthetic-advertiser-001,naver,SYNTH-001,2026-01-10,C09,Prospecting,Naver,639716.37,57517,1442.0,38.37,5256297.98,2.507085,443.631322,2.660888,16672.305601,821.660701,2026-01-10T23:59:59Z
naver-SYNTH-001-2026-01-10-C10,synthetic-advertiser-001,naver,SYNTH-001,2026-01-10,C10,Seasonal,Naver,420849.29,52565,2090.0,93.39,3852488.51,3.97603,201.363294,4.468421,4506.363479,915.408116,2026-01-10T23:59:59Z
naver-SYNTH-001-2026-01-10-C11,synthetic-advertiser-001,naver,SYNTH-001,2026-01-10,C11,New Product Launch,Naver,468674.42,47807,1631.0,68.54,2555832.56,3.411634,287.354028,4.20233,6837.969354,545.332207,2026-01-10T23:59:59Z
naver-SYNTH-001-2026-01-10-C12,synthetic-advertiser-001,naver,SYNTH-001,2026-01-10,C12,Low Efficiency Legacy,Naver,238572.36,20699,498.0,10.25,616632.29,2.405913,479.060958,2.058233,23275.351892,258.467621,2026-01-10T23:59:59Z
naver-SYNTH-001-2026-01-11-C01,synthetic-advertiser-001,naver,SYNTH-001,2026-01-11,C01,Brand Search Core,Naver,472476.09,72366,5844.0,455.89,4003800.61,8.075616,80.848065,7.800992,1036.381786,847.408086,2026-01-11T23:59:59Z
naver-SYNTH-001-2026-01-11-C02,synthetic-advertiser-001,naver,SYNTH-001,2026-01-11,C02,Brand Search Expansion,Naver,343769.57,49326,3483.0,220.22,2585101.61,7.061185,98.699273,6.32271,1561.027909,751.986757,2026-01-11T23:59:59Z
naver-SYNTH-001-2026-01-11-C03,synthetic-advertiser-001,naver,SYNTH-001,2026-01-11,C03,Generic Search High Intent,Naver,622446.08,81163,3451.0,166.39,6069378.27,4.251937,180.366873,4.821501,3740.886336,975.08499,2026-01-11T23:59:59Z
naver-SYNTH-001-2026-01-11-C04,synthetic-advertiser-001,naver,SYNTH-001,2026-01-11,C04,Generic Search Mid Intent,Naver,569381.82,67905,2540.0,99.61,3979998.99,3.74052,224.166072,3.921654,5716.111061,699.003522,2026-01-11T23:59:59Z
naver-SYNTH-001-2026-01-11-C05,synthetic-advertiser-001,naver,SYNTH-001,2026-01-11,C05,Shopping Best Seller,Naver,801589.09,103894,5929.0,309.69,8503425.79,5.706778,135.198025,5.223309,2588.359615,1060.82105,2026-01-11T23:59:59Z
naver-SYNTH-001-2026-01-11-C06,synthetic-advertiser-001,naver,SYNTH-001,2026-01-11,C06,Shopping Long Tail,Naver,405518.23,43856,1466.0,64.74,2771689.17,3.342758,276.615438,4.416098,6263.797218,683.493108,2026-01-11T23:59:59Z
naver-SYNTH-001-2026-01-11-C07,synthetic-advertiser-001,naver,SYNTH-001,2026-01-11,C07,Retargeting,Naver,262863.67,41321,3088.0,335.69,2890867.57,7.473198,85.124246,10.87079,783.054821,1099.759256,2026-01-11T23:59:59Z
naver-SYNTH-001-2026-01-11-C08,synthetic-advertiser-001,naver,SYNTH-001,2026-01-11,C08,Competitor,Naver,363177.9,37297,1012.0,35.18,2661831.48,2.713355,358.871445,3.476285,10323.419634,732.92771,2026-01-11T23:59:59Z
naver-SYNTH-001-2026-01-11-C09,synthetic-advertiser-001,naver,SYNTH-001,2026-01-11,C09,Prospecting,Naver,549010.37,55564,1252.0,32.6,4378866.84,2.253258,438.506683,2.603834,16840.808811,797.592741,2026-01-11T23:59:59Z
naver-SYNTH-001-2026-01-11-C10,synthetic-advertiser-001,naver,SYNTH-001,2026-01-11,C10,Seasonal,Naver,424164.95,52897,2752.0,128.64,3021409.19,5.202563,154.129706,4.674419,3297.302178,712.319388,2026-01-11T23:59:59Z
naver-SYNTH-001-2026-01-11-C11,synthetic-advertiser-001,naver,SYNTH-001,2026-01-11,C11,New Product Launch,Naver,524876.65,59454,2009.0,63.72,3855901.45,3.379083,261.262642,3.171727,8237.235529,734.630025,2026-01-11T23:59:59Z
naver-SYNTH-001-2026-01-11-C12,synthetic-advertiser-001,naver,SYNTH-001,2026-01-11,C12,Low Efficiency Legacy,Naver,277973.73,24615,571.0,8.25,629402.04,2.319724,486.81914,1.444834,33693.785299,226.425007,2026-01-11T23:59:59Z
naver-SYNTH-001-2026-01-12-C01,synthetic-advertiser-001,naver,SYNTH-001,2026-01-12,C01,Brand Search Core,Naver,549503.57,84176,6664.0,502.47,4610496.39,7.916746,82.45852,7.540066,1093.604741,839.029372,2026-01-12T23:59:59Z
naver-SYNTH-001-2026-01-12-C02,synthetic-advertiser-001,naver,SYNTH-001,2026-01-12,C02,Brand Search Expansion,Naver,331770.68,52389,2874.0,217.07,2398400.39,5.485884,115.438649,7.552888,1528.404097,722.909093,2026-01-12T23:59:59Z
naver-SYNTH-001-2026-01-12-C03,synthetic-advertiser-001,naver,SYNTH-001,2026-01-12,C03,Generic Search High Intent,Naver,717354.6,94128,4635.0,276.58,6606438.97,4.924146,154.769062,5.967206,2593.660439,920.944667,2026-01-12T23:59:59Z
naver-SYNTH-001-2026-01-12-C04,synthetic-advertiser-001,naver,SYNTH-001,2026-01-12,C04,Generic Search Mid Intent,Naver,514255.85,56228,2143.0,102.43,3548075.43,3.811268,239.970067,4.779748,5020.558955,689.943616,2026-01-12T23:59:59Z
naver-SYNTH-001-2026-01-12-C05,synthetic-advertiser-001,naver,SYNTH-001,2026-01-12,C05,Shopping Best Seller,Naver,963170.34,125344,7682.0,443.02,7341587.12,6.128734,125.380154,5.766988,2174.101261,762.231436,2026-01-12T23:59:59Z
naver-SYNTH-001-2026-01-12-C06,synthetic-advertiser-001,naver,SYNTH-001,2026-01-12,C06,Shopping Long Tail,Naver,547489.05,67207,2271.0,134.1,3385630.45,3.379112,241.078401,5.904888,4082.692387,618.392359,2026-01-12T23:59:59Z
naver-SYNTH-001-2026-01-12-C07,synthetic-advertiser-001,naver,SYNTH-001,2026-01-12,C07,Retargeting,Naver,326871.62,55819,4654.0,422.16,3607963.27,8.337663,70.234556,9.070907,774.283736,1103.786021,2026-01-12T23:59:59Z
naver-SYNTH-001-2026-01-12-C08,synthetic-advertiser-001,naver,SYNTH-001,2026-01-12,C08,Competitor,Naver,374796.42,42342,1330.0,53.06,1998751.12,3.141089,281.801818,3.989474,7063.633969,533.289814,2026-01-12T23:59:59Z
naver-SYNTH-001-2026-01-12-C09,synthetic-advertiser-001,naver,SYNTH-001,2026-01-12,C09,Prospecting,Naver,628903.07,59259,1718.0,42.45,5470059.96,2.899138,366.066979,2.470896,14815.148877,869.777908,2026-01-12T23:59:59Z
naver-SYNTH-001-2026-01-12-C10,synthetic-advertiser-001,naver,SYNTH-001,2026-01-12,C10,Seasonal,Naver,424991.98,56693,2548.0,135.01,4377239.59,4.494382,166.794342,5.298666,3147.855587,1029.958157,2026-01-12T23:59:59Z
naver-SYNTH-001-2026-01-12-C11,synthetic-advertiser-001,naver,SYNTH-001,2026-01-12,C11,New Product Launch,Naver,533634.81,58913,2543.0,100.15,3758784.23,4.316535,209.844596,3.938262,5328.355551,704.373884,2026-01-12T23:59:59Z
naver-SYNTH-001-2026-01-12-C12,synthetic-advertiser-001,naver,SYNTH-001,2026-01-12,C12,Low Efficiency Legacy,Naver,298435.87,27148,555.0,11.06,771480.03,2.044349,537.72229,1.992793,26983.351796,258.507809,2026-01-12T23:59:59Z
naver-SYNTH-001-2026-01-13-C01,synthetic-advertiser-001,naver,SYNTH-001,2026-01-13,C01,Brand Search Core,Naver,542670.28,88616,7026.0,583.71,4377882.85,7.928591,77.237443,8.307857,929.691585,806.729804,2026-01-13T23:59:59Z
naver-SYNTH-001-2026-01-13-C02,synthetic-advertiser-001,naver,SYNTH-001,2026-01-13,C02,Brand Search Expansion,Naver,382403.7,55240,3209.0,229.24,2484287.36,5.809196,119.166003,7.143658,1668.136905,649.650444,2026-01-13T23:59:59Z
naver-SYNTH-001-2026-01-13-C03,synthetic-advertiser-001,naver,SYNTH-001,2026-01-13,C03,Generic Search High Intent,Naver,726914.4,104582,4337.0,244.16,6245645.91,4.146985,167.607654,5.629698,2977.205093,859.199646,2026-01-13T23:59:59Z
naver-SYNTH-001-2026-01-13-C04,synthetic-advertiser-001,naver,SYNTH-001,2026-01-13,C04,Generic Search Mid Intent,Naver,549762.81,59250,2455.0,80.13,3969662.98,4.14346,223.935973,3.263951,6860.886242,722.068294,2026-01-13T23:59:59Z
naver-SYNTH-001-2026-01-13-C05,synthetic-advertiser-001,naver,SYNTH-001,2026-01-13,C05,Shopping Best Seller,Naver,1008503.69,131552,6966.0,416.87,7406666.46,5.295244,144.775149,5.984353,2419.228268,734.421356,2026-01-13T23:59:59Z
naver-SYNTH-001-2026-01-13-C06,synthetic-advertiser-001,naver,SYNTH-001,2026-01-13,C06,Shopping Long Tail,Naver,500273.78,55187,2255.0,112.71,3260564.75,4.086107,221.850898,4.998226,4438.592635,651.75608,2026-01-13T23:59:59Z
naver-SYNTH-001-2026-01-13-C07,synthetic-advertiser-001,naver,SYNTH-001,2026-01-13,C07,Retargeting,Naver,321021.9,53332,4349.0,483.32,3143311.35,8.154579,73.815107,11.113359,664.201564,979.157918,2026-01-13T23:59:59Z
naver-SYNTH-001-2026-01-13-C08,synthetic-advertiser-001,naver,SYNTH-001,2026-01-13,C08,Competitor,Naver,391048.42,38910,1243.0,32.16,3203582.8,3.194552,314.6005,2.587289,12159.465832,819.229187,2026-01-13T23:59:59Z
naver-SYNTH-001-2026-01-13-C09,synthetic-advertiser-001,naver,SYNTH-001,2026-01-13,C09,Prospecting,Naver,683237.34,66700,2010.0,52.2,4227470.24,3.013493,339.919075,2.597015,13088.837937,618.7411,2026-01-13T23:59:59Z
naver-SYNTH-001-2026-01-13-C10,synthetic-advertiser-001,naver,SYNTH-001,2026-01-13,C10,Seasonal,Naver,453204.05,56121,2432.0,140.89,3497242.97,4.333494,186.35035,5.793174,3216.722625,771.670723,2026-01-13T23:59:59Z
naver-SYNTH-001-2026-01-13-C11,synthetic-advertiser-001,naver,SYNTH-001,2026-01-13,C11,New Product Launch,Naver,543600.11,53831,1984.0,70.13,3032209.55,3.685609,273.99199,3.534778,7751.320526,557.801499,2026-01-13T23:59:59Z
naver-SYNTH-001-2026-01-13-C12,synthetic-advertiser-001,naver,SYNTH-001,2026-01-13,C12,Low Efficiency Legacy,Naver,282269.72,24057,596.0,12.97,707178.83,2.477449,473.606909,2.176174,21763.27815,250.533014,2026-01-13T23:59:59Z
naver-SYNTH-001-2026-01-14-C01,synthetic-advertiser-001,naver,SYNTH-001,2026-01-14,C01,Brand Search Core,Naver,487612.06,71448,5202.0,411.9,4133330.75,7.28082,93.735497,7.918108,1183.811742,847.667874,2026-01-14T23:59:59Z
naver-SYNTH-001-2026-01-14-C02,synthetic-advertiser-001,naver,SYNTH-001,2026-01-14,C02,Brand Search Expansion,Naver,345554.66,49833,2947.0,184.47,2317484.04,5.913752,117.256418,6.259586,1873.229595,670.656277,2026-01-14T23:59:59Z
naver-SYNTH-001-2026-01-14-C03,synthetic-advertiser-001,naver,SYNTH-001,2026-01-14,C03,Generic Search High Intent,Naver,637958.49,85601,3936.0,219.24,5555496.48,4.598077,162.08295,5.570122,2909.863583,870.824129,2026-01-14T23:59:59Z
naver-SYNTH-001-2026-01-14-C04,synthetic-advertiser-001,naver,SYNTH-001,2026-01-14,C04,Generic Search Mid Intent,Naver,725298.06,90384,3951.0,101.16,4171139.49,4.371349,183.573287,2.560364,7169.810757,575.093157,2026-01-14T23:59:59Z
naver-SYNTH-001-2026-01-14-C05,synthetic-advertiser-001,naver,SYNTH-001,2026-01-14,C05,Shopping Best Seller,Naver,857288.62,125166,7629.0,390.36,6250363.61,6.095106,112.372345,5.116791,2196.148737,729.085102,2026-01-14T23:59:59Z
naver-SYNTH-001-2026-01-14-C06,synthetic-advertiser-001,naver,SYNTH-001,2026-01-14,C06,Shopping Long Tail,Naver,520434.76,60798,2378.0,97.19,3667567.54,3.911313,218.853976,4.087048,5354.817936,704.712264,2026-01-14T23:59:59Z
naver-SYNTH-001-2026-01-14-C07,synthetic-advertiser-001,naver,SYNTH-001,2026-01-14,C07,Retargeting,Naver,317297.68,54387,4734.0,490.39,3731146.67,8.704286,67.025281,10.358893,647.031297,1175.913637,2026-01-14T23:59:59Z
naver-SYNTH-001-2026-01-14-C08,synthetic-advertiser-001,naver,SYNTH-001,2026-01-14,C08,Competitor,Naver,471872.52,49806,1592.0,50.74,3622959.36,3.196402,296.402335,3.187186,9299.813122,767.783507,2026-01-14T23:59:59Z
naver-SYNTH-001-2026-01-14-C09,synthetic-advertiser-001,naver,SYNTH-001,2026-01-14,C09,Prospecting,Naver,879143.99,84851,2323.0,47.49,6971991.36,2.73774,378.451996,2.044339,18512.19178,793.043171,2026-01-14T23:59:59Z
naver-SYNTH-001-2026-01-14-C10,synthetic-advertiser-001,naver,SYNTH-001,2026-01-14,C10,Seasonal,Naver,461661.85,56357,2502.0,144.07,3903833.95,4.439555,184.517126,5.758193,3204.427353,845.604626,2026-01-14T23:59:59Z
naver-SYNTH-001-2026-01-14-C11,synthetic-advertiser-001,naver,SYNTH-001,2026-01-14,C11,New Product Launch,Naver,591689.3,66339,2372.0,79.45,3714218.68,3.575574,249.447429,3.349494,7447.316568,627.731255,2026-01-14T23:59:59Z
naver-SYNTH-001-2026-01-14-C12,synthetic-advertiser-001,naver,SYNTH-001,2026-01-14,C12,Low Efficiency Legacy,Naver,332304.44,30617,467.0,10.94,705182.71,1.525296,711.572679,2.342612,30375.177419,212.209836,2026-01-14T23:59:59Z
naver-SYNTH-001-2026-01-15-C01,synthetic-advertiser-001,naver,SYNTH-001,2026-01-15,C01,Brand Search Core,Naver,482825.84,82935,5789.0,426.91,4742791.38,6.980165,83.404014,7.374503,1130.978049,982.298585,2026-01-15T23:59:59Z
naver-SYNTH-001-2026-01-15-C02,synthetic-advertiser-001,naver,SYNTH-001,2026-01-15,C02,Brand Search Expansion,Naver,342628.81,44735,2849.0,199.12,2590247.42,6.368615,120.262833,6.989119,1720.715201,755.992298,2026-01-15T23:59:59Z
naver-SYNTH-001-2026-01-15-C03,synthetic-advertiser-001,naver,SYNTH-001,2026-01-15,C03,Generic Search High Intent,Naver,592594.09,67806,3293.0,175.92,5657959.06,4.856502,179.955692,5.342241,3368.543047,954.778174,2026-01-15T23:59:59Z
naver-SYNTH-001-2026-01-15-C04,synthetic-advertiser-001,naver,SYNTH-001,2026-01-15,C04,Generic Search Mid Intent,Naver,605534.94,74045,2668.0,118.57,3604169.7,3.603214,226.962121,4.444153,5106.982702,595.204252,2026-01-15T23:59:59Z
naver-SYNTH-001-2026-01-15-C05,synthetic-advertiser-001,naver,SYNTH-001,2026-01-15,C05,Shopping Best Seller,Naver,844386.16,109067,6784.0,309.18,8716833.92,6.22003,124.4673,4.557488,2731.050403,1032.327896,2026-01-15T23:59:59Z
naver-SYNTH-001-2026-01-15-C06,synthetic-advertiser-001,naver,SYNTH-001,2026-01-15,C06,Shopping Long Tail,Naver,493943.1,56755,2292.0,133.19,3391552.87,4.038411,215.507461,5.811082,3708.559952,686.62825,2026-01-15T23:59:59Z
naver-SYNTH-001-2026-01-15-C07,synthetic-advertiser-001,naver,SYNTH-001,2026-01-15,C07,Retargeting,Naver,276953.88,52428,4416.0,445.21,3127052.28,8.42298,62.716005,10.081748,622.074703,1129.087739,2026-01-15T23:59:59Z
naver-SYNTH-001-2026-01-15-C08,synthetic-advertiser-001,naver,SYNTH-001,2026-01-15,C08,Competitor,Naver,411195.81,38304,1453.0,67.67,3227028.26,3.793338,282.997802,4.657261,6076.485975,784.791143,2026-01-15T23:59:59Z
naver-SYNTH-001-2026-01-15-C09,synthetic-advertiser-001,naver,SYNTH-001,2026-01-15,C09,Prospecting,Naver,695372.82,72021,2060.0,59.51,5604361.42,2.860277,337.55962,2.888835,11684.974255,805.950603,2026-01-15T23:59:59Z
naver-SYNTH-001-2026-01-15-C10,synthetic-advertiser-001,naver,SYNTH-001,2026-01-15,C10,Seasonal,Naver,472987.09,61153,3395.0,202.52,2937062.48,5.551649,139.31873,5.965243,2335.508033,620.960394,2026-01-15T23:59:59Z
naver-SYNTH-001-2026-01-15-C11,synthetic-advertiser-001,naver,SYNTH-001,2026-01-15,C11,New Product Launch,Naver,512881.2,53519,1591.0,65.92,4133341.23,2.972776,322.364046,4.143306,7780.357972,805.906173,2026-01-15T23:59:59Z
naver-SYNTH-001-2026-01-15-C12,synthetic-advertiser-001,naver,SYNTH-001,2026-01-15,C12,Low Efficiency Legacy,Naver,251248.57,21733,490.0,10.92,612758.77,2.254636,512.75219,2.228571,23008.111071,243.885474,2026-01-15T23:59:59Z
naver-SYNTH-001-2026-01-16-C01,synthetic-advertiser-001,naver,SYNTH-001,2026-01-16,C01,Brand Search Core,Naver,570272.74,89832,7282.0,600.01,4779864.02,8.106243,78.312653,8.239632,950.438728,838.171575,2026-01-16T23:59:59Z
naver-SYNTH-001-2026-01-16-C02,synthetic-advertiser-001,naver,SYNTH-001,2026-01-16,C02,Brand Search Expansion,Naver,434760.36,57057,3569.0,264.09,2561037.94,6.255148,121.815737,7.399552,1646.258338,589.068863,2026-01-16T23:59:59Z
naver-SYNTH-001-2026-01-16-C03,synthetic-advertiser-001,naver,SYNTH-001,2026-01-16,C03,Generic Search High Intent,Naver,662716.84,85527,3483.0,177.79,5828388.51,4.072398,190.271846,5.104508,3727.525955,879.468902,2026-01-16T23:59:59Z
naver-SYNTH-001-2026-01-16-C04,synthetic-advertiser-001,naver,SYNTH-001,2026-01-16,C04,Generic Search Mid Intent,Naver,526017.34,62842,2446.0,84.13,2754536.01,3.892301,215.05206,3.439493,6252.434785,523.658786,2026-01-16T23:59:59Z
naver-SYNTH-001-2026-01-16-C05,synthetic-advertiser-001,naver,SYNTH-001,2026-01-16,C05,Shopping Best Seller,Naver,822137.56,111589,6848.0,488.76,7872886.3,6.136806,120.055135,7.137266,1682.088479,957.611796,2026-01-16T23:59:59Z
naver-SYNTH-001-2026-01-16-C06,synthetic-advertiser-001,naver,SYNTH-001,2026-01-16,C06,Shopping Long Tail,Naver,509481.21,60230,2775.0,146.29,2874956.83,4.607339,183.596833,5.271712,3482.679693,564.29104,2026-01-16T23:59:59Z
naver-SYNTH-001-2026-01-16-C07,synthetic-advertiser-001,naver,SYNTH-001,2026-01-16,C07,Retargeting,Naver,294954.22,49921,3917.0,392.61,3375932.76,7.846397,75.301051,10.023232,751.265163,1144.561624,2026-01-16T23:59:59Z
naver-SYNTH-001-2026-01-16-C08,synthetic-advertiser-001,naver,SYNTH-001,2026-01-16,C08,Competitor,Naver,415239.2,43076,1698.0,50.98,2775673.2,3.94187,244.546052,3.002356,8145.139198,668.451636,2026-01-16T23:59:59Z
naver-SYNTH-001-2026-01-16-C09,synthetic-advertiser-001,naver,SYNTH-001,2026-01-16,C09,Prospecting,Naver,810823.81,71553,2207.0,60.34,6047069.39,3.084427,367.387318,2.734028,13437.583858,745.793268,2026-01-16T23:59:59Z
naver-SYNTH-001-2026-01-16-C10,synthetic-advertiser-001,naver,SYNTH-001,2026-01-16,C10,Seasonal,Naver,477551.21,63176,2987.0,175.41,3822231.77,4.728061,159.876536,5.872447,2722.485684,800.381542,2026-01-16T23:59:59Z
naver-SYNTH-001-2026-01-16-C11,synthetic-advertiser-001,naver,SYNTH-001,2026-01-16,C11,New Product Launch,Naver,559656.5,62393,2214.0,82.03,3727833.19,3.548475,252.780713,3.705059,6822.583191,666.093077,2026-01-16T23:59:59Z
naver-SYNTH-001-2026-01-16-C12,synthetic-advertiser-001,naver,SYNTH-001,2026-01-16,C12,Low Efficiency Legacy,Naver,232043.62,20706,502.0,10.51,419837.66,2.424418,462.238286,2.093625,22078.365319,180.930491,2026-01-16T23:59:59Z
naver-SYNTH-001-2026-01-17-C01,synthetic-advertiser-001,naver,SYNTH-001,2026-01-17,C01,Brand Search Core,Naver,444114.0,67372,5256.0,431.44,4360352.63,7.801461,84.496575,8.208524,1029.376036,981.809323,2026-01-17T23:59:59Z
naver-SYNTH-001-2026-01-17-C02,synthetic-advertiser-001,naver,SYNTH-001,2026-01-17,C02,Brand Search Expansion,Naver,311041.9,43715,2724.0,183.6,2248556.08,6.231271,114.18572,6.740088,1694.128007,722.910986,2026-01-17T23:59:59Z
naver-SYNTH-001-2026-01-17-C03,synthetic-advertiser-001,naver,SYNTH-001,2026-01-17,C03,Generic Search High Intent,Naver,703966.24,100602,5663.0,270.68,5818119.8,5.629113,124.309772,4.779799,2600.732368,826.477108,2026-01-17T23:59:59Z
naver-SYNTH-001-2026-01-17-C04,synthetic-advertiser-001,naver,SYNTH-001,2026-01-17,C04,Generic Search Mid Intent,Naver,560344.61,71406,2700.0,100.57,3056343.28,3.781195,207.535042,3.724815,5571.687515,545.439931,2026-01-17T23:59:59Z
naver-SYNTH-001-2026-01-17-C05,synthetic-advertiser-001,naver,SYNTH-001,2026-01-17,C05,Shopping Best Seller,Naver,954636.25,125680,7491.0,371.09,8295040.37,5.960376,127.437758,4.953811,2572.519458,868.921582,2026-01-17T23:59:59Z
naver-SYNTH-001-2026-01-17-C06,synthetic-advertiser-001,naver,SYNTH-001,2026-01-17,C06,Shopping Long Tail,Naver,467249.26,50238,2215.0,127.28,3532859.94,4.409013,210.947745,5.746275,3671.034381,756.0975,2026-01-17T23:59:59Z
naver-SYNTH-001-2026-01-17-C07,synthetic-advertiser-001,naver,SYNTH-001,2026-01-17,C07,Retargeting,Naver,295503.75,45424,3686.0,403.71,3456114.55,8.114653,80.169221,10.952523,731.970345,1169.567079,2026-01-17T23:59:59Z
naver-SYNTH-001-2026-01-17-C08,synthetic-advertiser-001,naver,SYNTH-001,2026-01-17,C08,Competitor,Naver,442392.56,45133,1539.0,58.34,3201162.92,3.409922,287.454554,3.790773,7583.005808,723.602343,2026-01-17T23:59:59Z
naver-SYNTH-001-2026-01-17-C09,synthetic-advertiser-001,naver,SYNTH-001,2026-01-17,C09,Prospecting,Naver,644231.64,62900,1402.0,41.12,5682613.98,2.228935,459.509016,2.932953,15667.111875,882.076202,2026-01-17T23:59:59Z
naver-SYNTH-001-2026-01-17-C10,synthetic-advertiser-001,naver,SYNTH-001,2026-01-17,C10,Seasonal,Naver,407736.9,50076,2693.0,103.05,2177419.17,5.377826,151.406202,3.826587,3956.689968,534.025536,2026-01-17T23:59:59Z
naver-SYNTH-001-2026-01-17-C11,synthetic-advertiser-001,naver,SYNTH-001,2026-01-17,C11,New Product Launch,Naver,431454.67,48388,1842.0,66.65,1968211.11,3.806729,234.231635,3.61835,6473.438443,456.180274,2026-01-17T23:59:59Z
naver-SYNTH-001-2026-01-17-C12,synthetic-advertiser-001,naver,SYNTH-001,2026-01-17,C12,Low Efficiency Legacy,Naver,257583.38,22200,443.0,9.17,529844.4,1.995495,581.452334,2.069977,28089.791057,205.698206,2026-01-17T23:59:59Z
naver-SYNTH-001-2026-01-18-C01,synthetic-advertiser-001,naver,SYNTH-001,2026-01-18,C01,Brand Search Core,Naver,509404.57,72524,5563.0,450.75,4758768.5,7.670564,91.570119,8.102642,1130.126619,934.182524,2026-01-18T23:59:59Z
naver-SYNTH-001-2026-01-18-C02,synthetic-advertiser-001,naver,SYNTH-001,2026-01-18,C02,Brand Search Expansion,Naver,272564.09,36121,2340.0,155.42,2261695.31,6.478226,116.480378,6.64188,1753.725937,829.784785,2026-01-18T23:59:59Z
naver-SYNTH-001-2026-01-18-C03,synthetic-advertiser-001,naver,SYNTH-001,2026-01-18,C03,Generic Search High Intent,Naver,639439.54,86077,4723.0,254.08,5442111.23,5.486948,135.388428,5.379632,2516.685866,851.075176,2026-01-18T23:59:59Z
naver-SYNTH-001-2026-01-18-C04,synthetic-advertiser-001,naver,SYNTH-001,2026-01-18,C04,Generic Search Mid Intent,Naver,545333.73,65122,1934.0,88.42,3595621.64,2.969811,281.971939,4.571872,6167.538221,659.343343,2026-01-18T23:59:59Z
naver-SYNTH-001-2026-01-18-C05,synthetic-advertiser-001,naver,SYNTH-001,2026-01-18,C05,Shopping Best Seller,Naver,762782.92,92219,5620.0,311.02,7167967.73,6.094189,135.726499,5.534164,2452.520492,939.712665,2026-01-18T23:59:59Z
naver-SYNTH-001-2026-01-18-C06,synthetic-advertiser-001,naver,SYNTH-001,2026-01-18,C06,Shopping Long Tail,Naver,465110.85,54145,2275.0,124.58,3185404.94,4.201681,204.444329,5.476044,3733.431123,684.870056,2026-01-18T23:59:59Z
naver-SYNTH-001-2026-01-18-C07,synthetic-advertiser-001,naver,SYNTH-001,2026-01-18,C07,Retargeting,Naver,291567.18,53032,4305.0,439.45,3244891.42,8.11774,67.727567,10.207898,663.482024,1112.913829,2026-01-18T23:59:59Z
naver-SYNTH-001-2026-01-18-C08,synthetic-advertiser-001,naver,SYNTH-001,2026-01-18,C08,Competitor,Naver,352021.32,34589,1075.0,41.97,2596237.28,3.107924,327.461692,3.904186,8387.451017,737.522741,2026-01-18T23:59:59Z
naver-SYNTH-001-2026-01-18-C09,synthetic-advertiser-001,naver,SYNTH-001,2026-01-18,C09,Prospecting,Naver,593140.48,59491,1614.0,36.84,5610581.27,2.713015,367.497199,2.282528,16100.447337,945.911039,2026-01-18T23:59:59Z
naver-SYNTH-001-2026-01-18-C10,synthetic-advertiser-001,naver,SYNTH-001,2026-01-18,C10,Seasonal,Naver,397984.8,50022,2179.0,125.59,3443297.14,4.356083,182.645617,5.763653,3168.921095,865.183076,2026-01-18T23:59:59Z
naver-SYNTH-001-2026-01-18-C11,synthetic-advertiser-001,naver,SYNTH-001,2026-01-18,C11,New Product Launch,Naver,451114.36,48205,1422.0,69.72,2542107.74,2.949901,317.239351,4.902954,6470.372311,563.517365,2026-01-18T23:59:59Z
naver-SYNTH-001-2026-01-18-C12,synthetic-advertiser-001,naver,SYNTH-001,2026-01-18,C12,Low Efficiency Legacy,Naver,239751.16,22364,464.0,9.01,675834.97,2.074763,516.705094,1.94181,26609.452138,281.890175,2026-01-18T23:59:59Z
naver-SYNTH-001-2026-01-19-C01,synthetic-advertiser-001,naver,SYNTH-001,2026-01-19,C01,Brand Search Core,Naver,495238.21,77412,5275.0,400.24,4282496.82,6.814189,93.88402,7.587488,1237.353108,864.734737,2026-01-19T23:59:59Z
naver-SYNTH-001-2026-01-19-C02,synthetic-advertiser-001,naver,SYNTH-001,2026-01-19,C02,Brand Search Expansion,Naver,337839.89,50543,3267.0,243.45,2694834.78,6.463803,103.409822,7.451791,1387.717753,797.666256,2026-01-19T23:59:59Z
naver-SYNTH-001-2026-01-19-C03,synthetic-advertiser-001,naver,SYNTH-001,2026-01-19,C03,Generic Search High Intent,Naver,640560.94,86783,4194.0,204.32,6507816.73,4.832744,152.732698,4.871722,3135.086811,1015.955915,2026-01-19T23:59:59Z
naver-SYNTH-001-2026-01-19-C04,synthetic-advertiser-001,naver,SYNTH-001,2026-01-19,C04,Generic Search Mid Intent,Naver,559810.62,66234,2452.0,119.99,3645279.68,3.702026,228.307755,4.893556,4665.477254,651.163014,2026-01-19T23:59:59Z
naver-SYNTH-001-2026-01-19-C05,synthetic-advertiser-001,naver,SYNTH-001,2026-01-19,C05,Shopping Best Seller,Naver,810914.35,108979,6049.0,383.24,7555977.33,5.550611,134.057588,6.335593,2115.943918,931.784887,2026-01-19T23:59:59Z
naver-SYNTH-001-2026-01-19-C06,synthetic-advertiser-001,naver,SYNTH-001,2026-01-19,C06,Shopping Long Tail,Naver,415097.38,51421,2053.0,86.82,3053114.42,3.992532,202.190637,4.228933,4781.126203,735.517638,2026-01-19T23:59:59Z
naver-SYNTH-001-2026-01-19-C07,synthetic-advertiser-001,naver,SYNTH-001,2026-01-19,C07,Retargeting,Naver,328814.45,55025,4701.0,476.76,3582360.03,8.543389,69.945639,10.141672,689.685477,1089.477684,2026-01-19T23:59:59Z
naver-SYNTH-001-2026-01-19-C08,synthetic-advertiser-001,naver,SYNTH-001,2026-01-19,C08,Competitor,Naver,434756.3,47802,1361.0,49.06,3064350.11,2.847161,319.438871,3.604702,8861.726536,704.84317,2026-01-19T23:59:59Z
naver-SYNTH-001-2026-01-19-C09,synthetic-advertiser-001,naver,SYNTH-001,2026-01-19,C09,Prospecting,Naver,721129.87,66780,2309.0,73.96,5522894.27,3.457622,312.312632,3.203118,9750.268626,765.866804,2026-01-19T23:59:59Z
naver-SYNTH-001-2026-01-19-C10,synthetic-advertiser-001,naver,SYNTH-001,2026-01-19,C10,Seasonal,Naver,458829.01,57825,2641.0,109.23,3647165.73,4.567229,173.73306,4.135933,4200.576868,794.885597,2026-01-19T23:59:59Z
naver-SYNTH-001-2026-01-19-C11,synthetic-advertiser-001,naver,SYNTH-001,2026-01-19,C11,New Product Launch,Naver,565480.68,62098,2240.0,97.62,2650674.96,3.607202,252.446733,4.358036,5792.672415,468.747218,2026-01-19T23:59:59Z
naver-SYNTH-001-2026-01-19-C12,synthetic-advertiser-001,naver,SYNTH-001,2026-01-19,C12,Low Efficiency Legacy,Naver,309531.44,28303,633.0,10.94,707418.43,2.236512,488.99122,1.728278,28293.550473,228.544934,2026-01-19T23:59:59Z
naver-SYNTH-001-2026-01-20-C01,synthetic-advertiser-001,naver,SYNTH-001,2026-01-20,C01,Brand Search Core,Naver,529920.55,79388,5823.0,437.46,4599652.87,7.334862,91.004732,7.512622,1211.357733,867.989141,2026-01-20T23:59:59Z
naver-SYNTH-001-2026-01-20-C02,synthetic-advertiser-001,naver,SYNTH-001,2026-01-20,C02,Brand Search Expansion,Naver,394095.09,57184,3660.0,252.88,2656893.14,6.400392,107.676255,6.90929,1558.427295,674.175643,2026-01-20T23:59:59Z
naver-SYNTH-001-2026-01-20-C03,synthetic-advertiser-001,naver,SYNTH-001,2026-01-20,C03,Generic Search High Intent,Naver,672105.02,80864,4692.0,277.69,5474225.39,5.802335,143.244888,5.918372,2420.342888,814.489589,2026-01-20T23:59:59Z
naver-SYNTH-001-2026-01-20-C04,synthetic-advertiser-001,naver,SYNTH-001,2026-01-20,C04,Generic Search Mid Intent,Naver,597886.36,64388,2400.0,94.47,3481328.35,3.727403,249.119315,3.93625,6328.8489,582.272587,2026-01-20T23:59:59Z
naver-SYNTH-001-2026-01-20-C05,synthetic-advertiser-001,naver,SYNTH-001,2026-01-20,C05,Shopping Best Seller,Naver,692794.01,92690,4512.0,276.92,7725475.29,4.867839,153.544772,6.137411,2501.783956,1115.118656,2026-01-20T23:59:59Z
naver-SYNTH-001-2026-01-20-C06,synthetic-advertiser-001,naver,SYNTH-001,2026-01-20,C06,Shopping Long Tail,Naver,529845.6,61293,2341.0,119.82,3273124.37,3.819359,226.333022,5.118326,4422.013055,617.750594,2026-01-20T23:59:59Z
naver-SYNTH-001-2026-01-20-C07,synthetic-advertiser-001,naver,SYNTH-001,2026-01-20,C07,Retargeting,Naver,306466.08,49094,4191.0,449.36,3128799.41,8.536685,73.12481,10.722023,682.005692,1020.92846,2026-01-20T23:59:59Z
naver-SYNTH-001-2026-01-20-C08,synthetic-advertiser-001,naver,SYNTH-001,2026-01-20,C08,Competitor,Naver,400807.74,38356,1304.0,48.81,3267561.79,3.399729,307.367896,3.743098,8211.590579,815.244193,2026-01-20T23:59:59Z
naver-SYNTH-001-2026-01-20-C09,synthetic-advertiser-001,naver,SYNTH-001,2026-01-20,C09,Prospecting,Naver,660860.18,60759,2208.0,68.69,5642715.6,3.63403,299.302616,3.11096,9620.908088,853.844097,2026-01-20T23:59:59Z
naver-SYNTH-001-2026-01-20-C10,synthetic-advertiser-001,naver,SYNTH-001,2026-01-20,C10,Seasonal,Naver,474644.46,60813,3157.0,151.74,4838284.51,5.191324,150.346679,4.806462,3128.011498,1019.34919,2026-01-20T23:59:59Z
naver-SYNTH-001-2026-01-20-C11,synthetic-advertiser-001,naver,SYNTH-001,2026-01-20,C11,New Product Launch,Naver,577352.54,64595,2670.0,86.23,2384563.51,4.133447,216.236907,3.229588,6695.495087,413.01689,2026-01-20T23:59:59Z
naver-SYNTH-001-2026-01-20-C12,synthetic-advertiser-001,naver,SYNTH-001,2026-01-20,C12,Low Efficiency Legacy,Naver,215226.46,19667,473.0,8.82,595212.84,2.405044,455.024224,1.864693,24402.092754,276.551891,2026-01-20T23:59:59Z
naver-SYNTH-001-2026-01-21-C01,synthetic-advertiser-001,naver,SYNTH-001,2026-01-21,C01,Brand Search Core,Naver,528382.24,80073,6108.0,580.14,4224911.88,7.628039,86.506588,9.498035,910.784015,799.593849,2026-01-21T23:59:59Z
naver-SYNTH-001-2026-01-21-C02,synthetic-advertiser-001,naver,SYNTH-001,2026-01-21,C02,Brand Search Expansion,Naver,378699.49,56527,3168.0,222.83,2492898.2,5.604401,119.53898,7.033775,1699.499565,658.278735,2026-01-21T23:59:59Z
naver-SYNTH-001-2026-01-21-C03,synthetic-advertiser-001,naver,SYNTH-001,2026-01-21,C03,Generic Search High Intent,Naver,772747.12,87231,3791.0,190.56,6625866.96,4.345932,203.837278,5.026642,4055.138126,857.443112,2026-01-21T23:59:59Z
naver-SYNTH-001-2026-01-21-C04,synthetic-advertiser-001,naver,SYNTH-001,2026-01-21,C04,Generic Search Mid Intent,Naver,632669.46,77004,3061.0,129.31,3824334.0,3.975118,206.68718,4.224436,4892.656852,604.475837,2026-01-21T23:59:59Z
naver-SYNTH-001-2026-01-21-C05,synthetic-advertiser-001,naver,SYNTH-001,2026-01-21,C05,Shopping Best Seller,Naver,907654.12,121561,6773.0,414.51,9957192.81,5.571688,134.010648,6.120035,2189.703798,1097.025021,2026-01-21T23:59:59Z
naver-SYNTH-001-2026-01-21-C06,synthetic-advertiser-001,naver,SYNTH-001,2026-01-21,C06,Shopping Long Tail,Naver,435778.71,47460,2134.0,109.19,2876509.04,4.496418,204.207454,5.116682,3991.012968,660.08481,2026-01-21T23:59:59Z
naver-SYNTH-001-2026-01-21-C07,synthetic-advertiser-001,naver,SYNTH-001,2026-01-21,C07,Retargeting,Naver,277678.6,45306,4502.0,418.98,3344857.83,9.936874,61.678942,9.30653,662.749047,1204.57892,2026-01-21T23:59:59Z
naver-SYNTH-001-2026-01-21-C08,synthetic-advertiser-001,naver,SYNTH-001,2026-01-21,C08,Competitor,Naver,394127.94,37987,1396.0,56.09,2475307.68,3.674941,282.326606,4.017908,7026.706037,628.046737,2026-01-21T23:59:59Z
naver-SYNTH-001-2026-01-21-C09,synthetic-advertiser-001,naver,SYNTH-001,2026-01-21,C09,Prospecting,Naver,717153.38,66982,1758.0,48.58,4750144.84,2.624586,407.937077,2.763367,14762.317435,662.361074,2026-01-21T23:59:59Z
naver-SYNTH-001-2026-01-21-C10,synthetic-advertiser-001,naver,SYNTH-001,2026-01-21,C10,Seasonal,Naver,468900.59,58313,2567.0,163.39,3974373.44,4.402106,182.664818,6.365018,2869.824268,847.594042,2026-01-21T23:59:59Z
naver-SYNTH-001-2026-01-21-C11,synthetic-advertiser-001,naver,SYNTH-001,2026-01-21,C11,New Product Launch,Naver,553370.66,66038,2316.0,97.05,3873484.45,3.507072,238.933793,4.190415,5701.913071,699.980087,2026-01-21T23:59:59Z
naver-SYNTH-001-2026-01-21-C12,synthetic-advertiser-001,naver,SYNTH-001,2026-01-21,C12,Low Efficiency Legacy,Naver,317253.81,28022,670.0,13.79,811804.07,2.390979,473.513144,2.058209,23006.077338,255.884738,2026-01-21T23:59:59Z
naver-SYNTH-001-2026-01-22-C01,synthetic-advertiser-001,naver,SYNTH-001,2026-01-22,C01,Brand Search Core,Naver,514375.75,72528,5299.0,435.37,4804557.53,7.306144,97.070344,8.216079,1181.468068,934.055991,2026-01-22T23:59:59Z
naver-SYNTH-001-2026-01-22-C02,synthetic-advertiser-001,naver,SYNTH-001,2026-01-22,C02,Brand Search Expansion,Naver,330036.57,49094,3093.0,199.95,2467097.99,6.300159,106.704355,6.464597,1650.595497,747.522612,2026-01-22T23:59:59Z
naver-SYNTH-001-2026-01-22-C03,synthetic-advertiser-001,naver,SYNTH-001,2026-01-22,C03,Generic Search High Intent,Naver,749518.96,91760,5084.0,315.41,5777856.62,5.540541,147.427018,6.203973,2376.332257,770.875315,2026-01-22T23:59:59Z
naver-SYNTH-001-2026-01-22-C04,synthetic-advertiser-001,naver,SYNTH-001,2026-01-22,C04,Generic Search Mid Intent,Naver,659827.76,71578,3646.0,142.17,3899275.14,5.093744,180.973054,3.899342,4641.118072,590.953488,2026-01-22T23:59:59Z
naver-SYNTH-001-2026-01-22-C05,synthetic-advertiser-001,naver,SYNTH-001,2026-01-22,C05,Shopping Best Seller,Naver,873322.75,113813,6220.0,376.02,7116657.04,5.465105,140.405587,6.045338,2322.543349,814.894269,2026-01-22T23:59:59Z
naver-SYNTH-001-2026-01-22-C06,synthetic-advertiser-001,naver,SYNTH-001,2026-01-22,C06,Shopping Long Tail,Naver,456180.82,60321,2082.0,119.73,2684477.91,3.451534,219.10702,5.75072,3810.079471,588.467954,2026-01-22T23:59:59Z
naver-SYNTH-001-2026-01-22-C07,synthetic-advertiser-001,naver,SYNTH-001,2026-01-22,C07,Retargeting,Naver,300472.02,47388,4430.0,418.09,3319192.26,9.348358,67.82664,9.437698,718.677834,1104.659364,2026-01-22T23:59:59Z
naver-SYNTH-001-2026-01-22-C08,synthetic-advertiser-001,naver,SYNTH-001,2026-01-22,C08,Competitor,Naver,462731.23,46974,1395.0,59.3,2934423.43,2.969728,331.706978,4.250896,7803.224861,634.152876,2026-01-22T23:59:59Z
naver-SYNTH-001-2026-01-22-C09,synthetic-advertiser-001,naver,SYNTH-001,2026-01-22,C09,Prospecting,Naver,624388.91,70457,1675.0,34.99,5096465.39,2.377337,372.769501,2.088955,17844.78179,816.232523,2026-01-22T23:59:59Z
naver-SYNTH-001-2026-01-22-C10,synthetic-advertiser-001,naver,SYNTH-001,2026-01-22,C10,Seasonal,Naver,454564.71,57114,2957.0,144.16,2922553.24,5.177365,153.72496,4.875211,3153.195792,642.934484,2026-01-22T23:59:59Z
naver-SYNTH-001-2026-01-22-C11,synthetic-advertiser-001,naver,SYNTH-001,2026-01-22,C11,New Product Launch,Naver,570285.83,62557,2060.0,98.61,3600388.63,3.292997,276.837784,4.786893,5783.24546,631.330538,2026-01-22T23:59:59Z
naver-SYNTH-001-2026-01-22-C12,synthetic-advertiser-001,naver,SYNTH-001,2026-01-22,C12,Low Efficiency Legacy,Naver,291986.8,27647,684.0,13.83,629787.84,2.474048,426.88128,2.02193,21112.566579,215.69052,2026-01-22T23:59:59Z
naver-SYNTH-001-2026-01-23-C01,synthetic-advertiser-001,naver,SYNTH-001,2026-01-23,C01,Brand Search Core,Naver,432207.41,72101,5428.0,405.87,3942947.53,7.528328,79.625537,7.47734,1064.891257,912.281327,2026-01-23T23:59:59Z
naver-SYNTH-001-2026-01-23-C02,synthetic-advertiser-001,naver,SYNTH-001,2026-01-23,C02,Brand Search Expansion,Naver,293756.76,41186,2643.0,184.35,2376093.02,6.417229,111.145197,6.975028,1593.473048,808.864125,2026-01-23T23:59:59Z
naver-SYNTH-001-2026-01-23-C03,synthetic-advertiser-001,naver,SYNTH-001,2026-01-23,C03,Generic Search High Intent,Naver,708310.78,85457,4049.0,169.45,6021145.98,4.738055,174.934745,4.184984,4180.057738,850.0712,2026-01-23T23:59:59Z
naver-SYNTH-001-2026-01-23-C04,synthetic-advertiser-001,naver,SYNTH-001,2026-01-23,C04,Generic Search Mid Intent,Naver,550940.68,63515,2650.0,115.62,3961561.38,4.172243,207.902144,4.363019,4765.09844,719.054067,2026-01-23T23:59:59Z
naver-SYNTH-001-2026-01-23-C05,synthetic-advertiser-001,naver,SYNTH-001,2026-01-23,C05,Shopping Best Seller,Naver,957489.59,125805,6730.0,378.24,7622562.41,5.349549,142.271856,5.620208,2531.433983,796.098724,2026-01-23T23:59:59Z
naver-SYNTH-001-2026-01-23-C06,synthetic-advertiser-001,naver,SYNTH-001,2026-01-23,C06,Shopping Long Tail,Naver,466154.37,54914,1890.0,90.34,3072565.69,3.441745,246.642522,4.779894,5159.999634,659.130518,2026-01-23T23:59:59Z
naver-SYNTH-001-2026-01-23-C07,synthetic-advertiser-001,naver,SYNTH-001,2026-01-23,C07,Retargeting,Naver,318417.85,49879,4370.0,471.11,3377662.56,8.761202,72.864497,10.780549,675.888548,1060.764189,2026-01-23T23:59:59Z
naver-SYNTH-001-2026-01-23-C08,synthetic-advertiser-001,naver,SYNTH-001,2026-01-23,C08,Competitor,Naver,348080.83,37723,1397.0,44.56,2801446.25,3.703311,249.163086,3.189692,7811.508775,804.826349,2026-01-23T23:59:59Z
naver-SYNTH-001-2026-01-23-C09,synthetic-advertiser-001,naver,SYNTH-001,2026-01-23,C09,Prospecting,Naver,715194.39,71197,1936.0,64.96,4398484.83,2.719216,369.41859,3.355372,11009.765873,615.005499,2026-01-23T23:59:59Z
naver-SYNTH-001-2026-01-23-C10,synthetic-advertiser-001,naver,SYNTH-001,2026-01-23,C10,Seasonal,Naver,414507.35,51689,2352.0,102.44,3277171.13,4.550291,176.236118,4.355442,4046.342729,790.618342,2026-01-23T23:59:59Z
naver-SYNTH-001-2026-01-23-C11,synthetic-advertiser-001,naver,SYNTH-001,2026-01-23,C11,New Product Launch,Naver,458346.34,59094,2055.0,76.27,3388560.56,3.47751,223.039584,3.711436,6009.523333,739.301316,2026-01-23T23:59:59Z
naver-SYNTH-001-2026-01-23-C12,synthetic-advertiser-001,naver,SYNTH-001,2026-01-23,C12,Low Efficiency Legacy,Naver,257017.82,22988,476.0,8.04,697872.34,2.070646,539.953409,1.689076,31967.390884,271.526826,2026-01-23T23:59:59Z
naver-SYNTH-001-2026-01-24-C01,synthetic-advertiser-001,naver,SYNTH-001,2026-01-24,C01,Brand Search Core,Naver,451781.54,65860,5335.0,429.43,4124785.72,8.100516,84.682575,8.049297,1052.049319,913.004487,2026-01-24T23:59:59Z
naver-SYNTH-001-2026-01-24-C02,synthetic-advertiser-001,naver,SYNTH-001,2026-01-24,C02,Brand Search Expansion,Naver,341490.88,47227,2854.0,195.94,2297277.21,6.043153,119.653427,6.865452,1742.833935,672.719928,2026-01-24T23:59:59Z
naver-SYNTH-001-2026-01-24-C03,synthetic-advertiser-001,naver,SYNTH-001,2026-01-24,C03,Generic Search High Intent,Naver,641163.46,77230,3491.0,172.9,5134564.98,4.520264,183.661833,4.952736,3708.29068,800.819965,2026-01-24T23:59:59Z
naver-SYNTH-001-2026-01-24-C04,synthetic-advertiser-001,naver,SYNTH-001,2026-01-24,C04,Generic Search Mid Intent,Naver,562301.11,70166,3049.0,130.29,3958822.65,4.345409,184.421485,4.273204,4315.765667,704.03963,2026-01-24T23:59:59Z
naver-SYNTH-001-2026-01-24-C05,synthetic-advertiser-001,naver,SYNTH-001,2026-01-24,C05,Shopping Best Seller,Naver,887941.1,132677,7279.0,491.58,7692341.55,5.486256,121.986687,6.7534,1806.300292,866.312143,2026-01-24T23:59:59Z
naver-SYNTH-001-2026-01-24-C06,synthetic-advertiser-001,naver,SYNTH-001,2026-01-24,C06,Shopping Long Tail,Naver,466673.42,55694,2100.0,111.36,2962897.57,3.770604,222.22544,5.302857,4190.673702,634.897429,2026-01-24T23:59:59Z
naver-SYNTH-001-2026-01-24-C07,synthetic-advertiser-001,naver,SYNTH-001,2026-01-24,C07,Retargeting,Naver,296964.17,51735,4170.0,442.61,3493985.28,8.060307,71.214429,10.614149,670.93868,1176.567963,2026-01-24T23:59:59Z
naver-SYNTH-001-2026-01-24-C08,synthetic-advertiser-001,naver,SYNTH-001,2026-01-24,C08,Competitor,Naver,387324.87,45425,1449.0,66.68,2093146.22,3.189873,267.304948,4.601794,5808.711312,540.411004,2026-01-24T23:59:59Z
naver-SYNTH-001-2026-01-24-C09,synthetic-advertiser-001,naver,SYNTH-001,2026-01-24,C09,Prospecting,Naver,615007.38,65969,2205.0,47.71,3075903.52,3.342479,278.914909,2.163719,12890.533957,500.140916,2026-01-24T23:59:59Z
naver-SYNTH-001-2026-01-24-C10,synthetic-advertiser-001,naver,SYNTH-001,2026-01-24,C10,Seasonal,Naver,321339.03,39393,1892.0,93.26,2075222.45,4.802884,169.840927,4.929175,3445.625498,645.804657,2026-01-24T23:59:59Z
naver-SYNTH-001-2026-01-24-C11,synthetic-advertiser-001,naver,SYNTH-001,2026-01-24,C11,New Product Launch,Naver,455236.34,46710,2110.0,78.74,3066627.12,4.517234,215.751822,3.731754,5781.513126,673.634073,2026-01-24T23:59:59Z
naver-SYNTH-001-2026-01-24-C12,synthetic-advertiser-001,naver,SYNTH-001,2026-01-24,C12,Low Efficiency Legacy,Naver,299231.18,27269,576.0,12.98,671600.59,2.112289,519.49857,2.253472,23053.249316,224.442052,2026-01-24T23:59:59Z
naver-SYNTH-001-2026-01-25-C01,synthetic-advertiser-001,naver,SYNTH-001,2026-01-25,C01,Brand Search Core,Naver,441148.75,68321,5473.0,438.24,3977636.29,8.010714,80.604558,8.007309,1006.63734,901.654218,2026-01-25T23:59:59Z
naver-SYNTH-001-2026-01-25-C02,synthetic-advertiser-001,naver,SYNTH-001,2026-01-25,C02,Brand Search Expansion,Naver,323686.81,51243,2920.0,177.61,2502781.8,5.698339,110.851649,6.082534,1822.458273,773.210921,2026-01-25T23:59:59Z
naver-SYNTH-001-2026-01-25-C03,synthetic-advertiser-001,naver,SYNTH-001,2026-01-25,C03,Generic Search High Intent,Naver,654515.16,80303,3144.0,143.63,5532957.79,3.915171,208.179121,4.568384,4556.952979,845.352126,2026-01-25T23:59:59Z
naver-SYNTH-001-2026-01-25-C04,synthetic-advertiser-001,naver,SYNTH-001,2026-01-25,C04,Generic Search Mid Intent,Naver,554124.61,56819,1856.0,78.0,3838620.0,3.266513,298.558517,4.202586,7104.16163,692.735885,2026-01-25T23:59:59Z
naver-SYNTH-001-2026-01-25-C05,synthetic-advertiser-001,naver,SYNTH-001,2026-01-25,C05,Shopping Best Seller,Naver,773871.7,90115,4747.0,336.81,7873188.41,5.267713,163.023321,7.095218,2297.650614,1017.376443,2026-01-25T23:59:59Z
naver-SYNTH-001-2026-01-25-C06,synthetic-advertiser-001,naver,SYNTH-001,2026-01-25,C06,Shopping Long Tail,Naver,364452.88,42213,1332.0,56.84,2937882.04,3.155426,273.613273,4.267267,6411.908497,806.107512,2026-01-25T23:59:59Z
naver-SYNTH-001-2026-01-25-C07,synthetic-advertiser-001,naver,SYNTH-001,2026-01-25,C07,Retargeting,Naver,222029.95,37584,2887.0,281.31,2928427.82,7.68146,76.906806,9.744025,789.271438,1318.933704,2026-01-25T23:59:59Z
naver-SYNTH-001-2026-01-25-C08,synthetic-advertiser-001,naver,SYNTH-001,2026-01-25,C08,Competitor,Naver,339285.69,35581,1460.0,51.66,2123168.2,4.103314,232.387459,3.538356,6567.667251,625.775935,2026-01-25T23:59:59Z
naver-SYNTH-001-2026-01-25-C09,synthetic-advertiser-001,naver,SYNTH-001,2026-01-25,C09,Prospecting,Naver,632589.74,59463,1372.0,39.87,4127566.37,2.307317,461.071237,2.905977,15866.30892,652.487091,2026-01-25T23:59:59Z
naver-SYNTH-001-2026-01-25-C10,synthetic-advertiser-001,naver,SYNTH-001,2026-01-25,C10,Seasonal,Naver,384273.85,48155,2141.0,89.56,3401517.67,4.44606,179.483349,4.183092,4290.686143,885.180624,2026-01-25T23:59:59Z
naver-SYNTH-001-2026-01-25-C11,synthetic-advertiser-001,naver,SYNTH-001,2026-01-25,C11,New Product Launch,Naver,524306.3,60529,2330.0,91.52,3014187.98,3.849395,225.024161,3.927897,5728.871243,574.89067,2026-01-25T23:59:59Z
naver-SYNTH-001-2026-01-25-C12,synthetic-advertiser-001,naver,SYNTH-001,2026-01-25,C12,Low Efficiency Legacy,Naver,236532.32,20870,452.0,9.43,573593.53,2.165788,523.301588,2.086283,25082.960513,242.501123,2026-01-25T23:59:59Z
naver-SYNTH-001-2026-01-26-C01,synthetic-advertiser-001,naver,SYNTH-001,2026-01-26,C01,Brand Search Core,Naver,490844.53,78888,5400.0,435.59,4509905.01,6.845148,90.897135,8.066481,1126.849856,918.805191,2026-01-26T23:59:59Z
naver-SYNTH-001-2026-01-26-C02,synthetic-advertiser-001,naver,SYNTH-001,2026-01-26,C02,Brand Search Expansion,Naver,331540.27,46429,2219.0,160.38,2461174.46,4.77934,149.409765,7.22758,2067.217041,742.345557,2026-01-26T23:59:59Z
naver-SYNTH-001-2026-01-26-C03,synthetic-advertiser-001,naver,SYNTH-001,2026-01-26,C03,Generic Search High Intent,Naver,749445.56,97318,5030.0,291.87,4933900.38,5.168622,148.995141,5.802584,2567.737545,658.340066,2026-01-26T23:59:59Z
naver-SYNTH-001-2026-01-26-C04,synthetic-advertiser-001,naver,SYNTH-001,2026-01-26,C04,Generic Search Mid Intent,Naver,602965.83,71656,2583.0,106.86,3780792.58,3.604723,233.436247,4.13705,5642.577458,627.032646,2026-01-26T23:59:59Z
naver-SYNTH-001-2026-01-26-C05,synthetic-advertiser-001,naver,SYNTH-001,2026-01-26,C05,Shopping Best Seller,Naver,926782.58,133048,7303.0,455.44,8053411.55,5.488996,126.904365,6.236341,2034.916955,868.964495,2026-01-26T23:59:59Z
naver-SYNTH-001-2026-01-26-C06,synthetic-advertiser-001,naver,SYNTH-001,2026-01-26,C06,Shopping Long Tail,Naver,500395.74,58048,2022.0,74.3,3736028.65,3.483324,247.475639,3.67458,6734.801371,746.614796,2026-01-26T23:59:59Z
naver-SYNTH-001-2026-01-26-C07,synthetic-advertiser-001,naver,SYNTH-001,2026-01-26,C07,Retargeting,Naver,304989.17,53465,4277.0,359.26,3413988.95,7.999626,71.309134,8.399813,848.937164,1119.380403,2026-01-26T23:59:59Z
naver-SYNTH-001-2026-01-26-C08,synthetic-advertiser-001,naver,SYNTH-001,2026-01-26,C08,Competitor,Naver,426253.99,42067,1273.0,41.47,2842250.2,3.026125,334.8421,3.257659,10278.610884,666.797319,2026-01-26T23:59:59Z
naver-SYNTH-001-2026-01-26-C09,synthetic-advertiser-001,naver,SYNTH-001,2026-01-26,C09,Prospecting,Naver,681172.34,68856,1395.0,33.75,5612596.91,2.025967,488.295587,2.419355,20182.884282,823.961359,2026-01-26T23:59:59Z
naver-SYNTH-001-2026-01-26-C10,synthetic-advertiser-001,naver,SYNTH-001,2026-01-26,C10,Seasonal,Naver,401295.04,51983,1624.0,72.47,3780323.13,3.124098,247.102855,4.462438,5537.395297,942.030869,2026-01-26T23:59:59Z
naver-SYNTH-001-2026-01-26-C11,synthetic-advertiser-001,naver,SYNTH-001,2026-01-26,C11,New Product Launch,Naver,554920.57,68188,2733.0,91.39,4035345.54,4.008037,203.044484,3.343944,6072.00541,727.193355,2026-01-26T23:59:59Z
naver-SYNTH-001-2026-01-26-C12,synthetic-advertiser-001,naver,SYNTH-001,2026-01-26,C12,Low Efficiency Legacy,Naver,318805.62,28115,660.0,14.79,667321.16,2.347501,483.038823,2.240909,21555.484994,209.319131,2026-01-26T23:59:59Z
naver-SYNTH-001-2026-01-27-C01,synthetic-advertiser-001,naver,SYNTH-001,2026-01-27,C01,Brand Search Core,Naver,448929.58,71216,4593.0,339.95,4796142.27,6.449393,97.742125,7.401481,1320.575318,1068.350692,2026-01-27T23:59:59Z
naver-SYNTH-001-2026-01-27-C02,synthetic-advertiser-001,naver,SYNTH-001,2026-01-27,C02,Brand Search Expansion,Naver,321567.45,45657,2932.0,214.64,2240748.49,6.421797,109.675118,7.3206,1498.171108,696.820686,2026-01-27T23:59:59Z
naver-SYNTH-001-2026-01-27-C03,synthetic-advertiser-001,naver,SYNTH-001,2026-01-27,C03,Generic Search High Intent,Naver,656727.98,83567,3894.0,189.89,5505536.43,4.659734,168.651254,4.876477,3458.465334,838.328285,2026-01-27T23:59:59Z
naver-SYNTH-001-2026-01-27-C04,synthetic-advertiser-001,naver,SYNTH-001,2026-01-27,C04,Generic Search Mid Intent,Naver,583879.63,75003,2689.0,111.17,4002055.18,3.58519,217.136343,4.134251,5252.13301,685.4247,2026-01-27T23:59:59Z
naver-SYNTH-001-2026-01-27-C05,synthetic-advertiser-001,naver,SYNTH-001,2026-01-27,C05,Shopping Best Seller,Naver,765200.3,104698,4570.0,278.33,6900463.11,4.364935,167.43989,6.090372,2749.255556,901.785209,2026-01-27T23:59:59Z
naver-SYNTH-001-2026-01-27-C06,synthetic-advertiser-001,naver,SYNTH-001,2026-01-27,C06,Shopping Long Tail,Naver,500592.41,61533,1832.0,116.57,3282603.59,2.977264,273.249133,6.362991,4294.350284,655.743777,2026-01-27T23:59:59Z
naver-SYNTH-001-2026-01-27-C07,synthetic-advertiser-001,naver,SYNTH-001,2026-01-27,C07,Retargeting,Naver,319267.82,53500,4588.0,415.35,3558271.17,8.575701,69.587581,9.052964,768.671776,1114.509802,2026-01-27T23:59:59Z
naver-SYNTH-001-2026-01-27-C08,synthetic-advertiser-001,naver,SYNTH-001,2026-01-27,C08,Competitor,Naver,415579.34,43660,1400.0,50.11,3477302.33,3.206596,296.842387,3.579286,8293.341494,836.736088,2026-01-27T23:59:59Z
naver-SYNTH-001-2026-01-27-C09,synthetic-advertiser-001,naver,SYNTH-001,2026-01-27,C09,Prospecting,Naver,721867.51,66235,2206.0,59.22,4792736.17,3.330565,327.229153,2.684497,12189.589869,663.935708,2026-01-27T23:59:59Z
naver-SYNTH-001-2026-01-27-C10,synthetic-advertiser-001,naver,SYNTH-001,2026-01-27,C10,Seasonal,Naver,412989.16,59632,2780.0,146.8,4322473.34,4.661926,148.557253,5.280576,2813.277674,1046.631178,2026-01-27T23:59:59Z
naver-SYNTH-001-2026-01-27-C11,synthetic-advertiser-001,naver,SYNTH-001,2026-01-27,C11,New Product Launch,Naver,505870.09,56834,1892.0,81.59,2982125.75,3.328993,267.373199,4.312368,6200.148219,589.504259,2026-01-27T23:59:59Z
naver-SYNTH-001-2026-01-27-C12,synthetic-advertiser-001,naver,SYNTH-001,2026-01-27,C12,Low Efficiency Legacy,Naver,279415.52,26944,544.0,12.77,698059.46,2.019002,513.631464,2.347426,21880.619927,249.828454,2026-01-27T23:59:59Z
naver-SYNTH-001-2026-01-28-C01,synthetic-advertiser-001,naver,SYNTH-001,2026-01-28,C01,Brand Search Core,Naver,520268.49,95398,7380.0,606.98,4350413.54,7.736011,70.497086,8.224661,857.142728,836.186237,2026-01-28T23:59:59Z
naver-SYNTH-001-2026-01-28-C02,synthetic-advertiser-001,naver,SYNTH-001,2026-01-28,C02,Brand Search Expansion,Naver,356622.52,48306,2844.0,179.46,2498110.52,5.887467,125.394699,6.310127,1987.197843,700.491514,2026-01-28T23:59:59Z
naver-SYNTH-001-2026-01-28-C03,synthetic-advertiser-001,naver,SYNTH-001,2026-01-28,C03,Generic Search High Intent,Naver,650070.21,71781,3483.0,156.84,6006681.18,4.852259,186.640887,4.503015,4144.798577,924.004991,2026-01-28T23:59:59Z
naver-SYNTH-001-2026-01-28-C04,synthetic-advertiser-001,naver,SYNTH-001,2026-01-28,C04,Generic Search Mid Intent,Naver,607792.12,73263,2639.0,129.6,4009213.54,3.602091,230.311528,4.910951,4689.754032,659.635654,2026-01-28T23:59:59Z
naver-SYNTH-001-2026-01-28-C05,synthetic-advertiser-001,naver,SYNTH-001,2026-01-28,C05,Shopping Best Seller,Naver,896624.11,114756,6809.0,530.69,7206181.11,5.933459,131.682201,7.793949,1689.544008,803.701465,2026-01-28T23:59:59Z
naver-SYNTH-001-2026-01-28-C06,synthetic-advertiser-001,naver,SYNTH-001,2026-01-28,C06,Shopping Long Tail,Naver,527781.26,58096,1923.0,103.56,3846337.77,3.310039,274.457232,5.385335,5096.381403,728.774983,2026-01-28T23:59:59Z
naver-SYNTH-001-2026-01-28-C07,synthetic-advertiser-001,naver,SYNTH-001,2026-01-28,C07,Retargeting,Naver,293938.86,50980,4024.0,382.17,3485857.42,7.893291,73.046437,9.497266,769.131177,1185.912404,2026-01-28T23:59:59Z
naver-SYNTH-001-2026-01-28-C08,synthetic-advertiser-001,naver,SYNTH-001,2026-01-28,C08,Competitor,Naver,416319.21,41043,1416.0,52.12,1756990.19,3.45004,294.01074,3.680791,7987.705459,422.029576,2026-01-28T23:59:59Z
naver-SYNTH-001-2026-01-28-C09,synthetic-advertiser-001,naver,SYNTH-001,2026-01-28,C09,Prospecting,Naver,691532.29,64902,1595.0,41.43,5874390.11,2.457551,433.562563,2.597492,16691.583115,849.47445,2026-01-28T23:59:59Z
naver-SYNTH-001-2026-01-28-C10,synthetic-advertiser-001,naver,SYNTH-001,2026-01-28,C10,Seasonal,Naver,448939.66,53255,1650.0,93.52,3359265.57,3.098301,272.084645,5.667879,4800.466893,748.266603,2026-01-28T23:59:59Z
naver-SYNTH-001-2026-01-28-C11,synthetic-advertiser-001,naver,SYNTH-001,2026-01-28,C11,New Product Launch,Naver,512703.23,60080,2212.0,83.87,2612445.88,3.681758,231.782654,3.791591,6113.070586,509.543481,2026-01-28T23:59:59Z
naver-SYNTH-001-2026-01-28-C12,synthetic-advertiser-001,naver,SYNTH-001,2026-01-28,C12,Low Efficiency Legacy,Naver,279110.14,26875,591.0,12.51,584529.79,2.19907,472.267587,2.116751,22310.962762,209.426207,2026-01-28T23:59:59Z
naver-SYNTH-001-2026-01-29-C01,synthetic-advertiser-001,naver,SYNTH-001,2026-01-29,C01,Brand Search Core,Naver,514545.24,79763,6016.0,471.46,4340929.93,7.542344,85.529461,7.836769,1091.386831,843.643985,2026-01-29T23:59:59Z
naver-SYNTH-001-2026-01-29-C02,synthetic-advertiser-001,naver,SYNTH-001,2026-01-29,C02,Brand Search Expansion,Naver,339773.74,46420,3350.0,248.61,2473835.19,7.216717,101.424998,7.421194,1366.693784,728.0831,2026-01-29T23:59:59Z
naver-SYNTH-001-2026-01-29-C03,synthetic-advertiser-001,naver,SYNTH-001,2026-01-29,C03,Generic Search High Intent,Naver,693218.04,90181,4149.0,196.93,5979016.91,4.600747,167.080752,4.746445,3520.124098,862.501634,2026-01-29T23:59:59Z
naver-SYNTH-001-2026-01-29-C04,synthetic-advertiser-001,naver,SYNTH-001,2026-01-29,C04,Generic Search Mid Intent,Naver,565943.86,64887,2433.0,105.49,3672564.05,3.749595,232.611532,4.335799,5364.905263,648.927276,2026-01-29T23:59:59Z
naver-SYNTH-001-2026-01-29-C05,synthetic-advertiser-001,naver,SYNTH-001,2026-01-29,C05,Shopping Best Seller,Naver,921359.38,121281,6973.0,468.76,7742530.25,5.749458,132.132422,6.722501,1965.524739,840.337706,2026-01-29T23:59:59Z
naver-SYNTH-001-2026-01-29-C06,synthetic-advertiser-001,naver,SYNTH-001,2026-01-29,C06,Shopping Long Tail,Naver,522724.8,58928,2086.0,83.13,3378515.96,3.539913,250.587153,3.985139,6288.040429,646.327848,2026-01-29T23:59:59Z
naver-SYNTH-001-2026-01-29-C07,synthetic-advertiser-001,naver,SYNTH-001,2026-01-29,C07,Retargeting,Naver,300746.98,50750,4822.0,425.72,3261015.88,9.501478,62.36976,8.828702,706.443165,1084.305432,2026-01-29T23:59:59Z
naver-SYNTH-001-2026-01-29-C08,synthetic-advertiser-001,naver,SYNTH-001,2026-01-29,C08,Competitor,Naver,474104.7,48969,1746.0,48.42,3434694.97,3.565521,271.537627,2.773196,9791.50552,724.459173,2026-01-29T23:59:59Z
naver-SYNTH-001-2026-01-29-C09,synthetic-advertiser-001,naver,SYNTH-001,2026-01-29,C09,Prospecting,Naver,641418.13,59526,1678.0,42.39,4935858.6,2.818936,382.251565,2.526222,15131.354691,769.522782,2026-01-29T23:59:59Z
naver-SYNTH-001-2026-01-29-C10,synthetic-advertiser-001,naver,SYNTH-001,2026-01-29,C10,Seasonal,Naver,461762.37,58560,2835.0,120.22,4448916.56,4.841189,162.879142,4.240564,3840.977947,963.464514,2026-01-29T23:59:59Z
naver-SYNTH-001-2026-01-29-C11,synthetic-advertiser-001,naver,SYNTH-001,2026-01-29,C11,New Product Launch,Naver,534593.49,58748,1645.0,62.25,2789275.8,2.800095,324.980847,3.784195,8587.847274,521.756406,2026-01-29T23:59:59Z
naver-SYNTH-001-2026-01-29-C12,synthetic-advertiser-001,naver,SYNTH-001,2026-01-29,C12,Low Efficiency Legacy,Naver,311853.67,26165,692.0,13.6,827062.51,2.644754,450.655586,1.965318,22930.416604,265.208525,2026-01-29T23:59:59Z
naver-SYNTH-001-2026-01-30-C01,synthetic-advertiser-001,naver,SYNTH-001,2026-01-30,C01,Brand Search Core,Naver,524622.41,87785,6132.0,480.55,4314961.31,6.985248,85.554861,7.836758,1091.71243,822.488946,2026-01-30T23:59:59Z
naver-SYNTH-001-2026-01-30-C02,synthetic-advertiser-001,naver,SYNTH-001,2026-01-30,C02,Brand Search Expansion,Naver,349436.02,51338,3400.0,267.09,2471155.05,6.622775,102.775301,7.855588,1308.308151,707.183827,2026-01-30T23:59:59Z
naver-SYNTH-001-2026-01-30-C03,synthetic-advertiser-001,naver,SYNTH-001,2026-01-30,C03,Generic Search High Intent,Naver,840055.23,99708,5267.0,269.59,6567293.61,5.282425,159.494064,5.118474,3116.047454,781.769264,2026-01-30T23:59:59Z
naver-SYNTH-001-2026-01-30-C04,synthetic-advertiser-001,naver,SYNTH-001,2026-01-30,C04,Generic Search Mid Intent,Naver,556870.2,67736,2736.0,128.75,3384044.45,4.039211,203.534431,4.705775,4325.205452,607.689986,2026-01-30T23:59:59Z
naver-SYNTH-001-2026-01-30-C05,synthetic-advertiser-001,naver,SYNTH-001,2026-01-30,C05,Shopping Best Seller,Naver,977027.77,133436,8282.0,524.8,6764276.8,6.206721,117.970028,6.336634,1861.714504,692.332091,2026-01-30T23:59:59Z
naver-SYNTH-001-2026-01-30-C06,synthetic-advertiser-001,naver,SYNTH-001,2026-01-30,C06,Shopping Long Tail,Naver,443458.87,49137,1812.0,75.37,3376710.76,3.687649,244.734474,4.159492,5883.758354,761.44847,2026-01-30T23:59:59Z
naver-SYNTH-001-2026-01-30-C07,synthetic-advertiser-001,naver,SYNTH-001,2026-01-30,C07,Retargeting,Naver,316235.35,48694,4053.0,395.71,3380021.13,8.323407,78.025005,9.763385,799.159347,1068.830914,2026-01-30T23:59:59Z
naver-SYNTH-001-2026-01-30-C08,synthetic-advertiser-001,naver,SYNTH-001,2026-01-30,C08,Competitor,Naver,360064.99,37596,1238.0,47.13,2955010.05,3.292904,290.844093,3.806947,7639.825741,820.687976,2026-01-30T23:59:59Z
naver-SYNTH-001-2026-01-30-C09,synthetic-advertiser-001,naver,SYNTH-001,2026-01-30,C09,Prospecting,Naver,632359.48,61476,1717.0,56.9,3612300.85,2.79296,368.29323,3.31392,11113.523296,571.241673,2026-01-30T23:59:59Z
naver-SYNTH-001-2026-01-30-C10,synthetic-advertiser-001,naver,SYNTH-001,2026-01-30,C10,Seasonal,Naver,430708.88,51220,2513.0,130.24,2555411.19,4.906287,171.392313,5.18265,3307.039949,593.303572,2026-01-30T23:59:59Z
naver-SYNTH-001-2026-01-30-C11,synthetic-advertiser-001,naver,SYNTH-001,2026-01-30,C11,New Product Launch,Naver,536077.32,59690,2425.0,110.2,2588690.49,4.062657,221.062813,4.54433,4864.585487,482.894983,2026-01-30T23:59:59Z
naver-SYNTH-001-2026-01-30-C12,synthetic-advertiser-001,naver,SYNTH-001,2026-01-30,C12,Low Efficiency Legacy,Naver,309697.23,28897,510.0,11.71,647395.32,1.764889,607.249475,2.296078,26447.244447,209.041364,2026-01-30T23:59:59Z
naver-SYNTH-001-2026-01-31-C01,synthetic-advertiser-001,naver,SYNTH-001,2026-01-31,C01,Brand Search Core,Naver,512106.6,74879,5888.0,503.66,4518586.63,7.863353,86.974627,8.554008,1016.770443,882.352739,2026-01-31T23:59:59Z
naver-SYNTH-001-2026-01-31-C02,synthetic-advertiser-001,naver,SYNTH-001,2026-01-31,C02,Brand Search Expansion,Naver,308587.92,41822,2499.0,171.06,2264158.24,5.975324,123.484561,6.845138,1803.974731,733.715777,2026-01-31T23:59:59Z
naver-SYNTH-001-2026-01-31-C03,synthetic-advertiser-001,naver,SYNTH-001,2026-01-31,C03,Generic Search High Intent,Naver,652560.59,76621,3997.0,273.25,5929899.55,5.216586,163.262594,6.836377,2388.144883,908.712486,2026-01-31T23:59:59Z
naver-SYNTH-001-2026-01-31-C04,synthetic-advertiser-001,naver,SYNTH-001,2026-01-31,C04,Generic Search Mid Intent,Naver,523908.84,58394,2110.0,98.49,3992982.45,3.613385,248.29803,4.667773,5319.411553,762.152136,2026-01-31T23:59:59Z
naver-SYNTH-001-2026-01-31-C05,synthetic-advertiser-001,naver,SYNTH-001,2026-01-31,C05,Shopping Best Seller,Naver,821865.31,104678,5429.0,327.28,6919434.9,5.186381,151.38429,6.028366,2511.199307,841.918357,2026-01-31T23:59:59Z
naver-SYNTH-001-2026-01-31-C06,synthetic-advertiser-001,naver,SYNTH-001,2026-01-31,C06,Shopping Long Tail,Naver,409889.43,45540,1554.0,61.79,2618742.92,3.412385,263.764113,3.97619,6633.58847,638.890081,2026-01-31T23:59:59Z
naver-SYNTH-001-2026-01-31-C07,synthetic-advertiser-001,naver,SYNTH-001,2026-01-31,C07,Retargeting,Naver,308671.6,56606,4866.0,424.86,3066742.78,8.596262,63.43436,8.731196,726.525436,993.52931,2026-01-31T23:59:59Z
naver-SYNTH-001-2026-01-31-C08,synthetic-advertiser-001,naver,SYNTH-001,2026-01-31,C08,Competitor,Naver,360789.51,38153,1305.0,56.58,2260675.34,3.420439,276.467061,4.335632,6376.626275,626.591197,2026-01-31T23:59:59Z
naver-SYNTH-001-2026-01-31-C09,synthetic-advertiser-001,naver,SYNTH-001,2026-01-31,C09,Prospecting,Naver,480462.12,45609,1421.0,35.12,4157998.45,3.115613,338.115497,2.471499,13680.584337,865.416494,2026-01-31T23:59:59Z
naver-SYNTH-001-2026-01-31-C10,synthetic-advertiser-001,naver,SYNTH-001,2026-01-31,C10,Seasonal,Naver,430139.34,56242,2675.0,140.91,3597677.14,4.756232,160.799752,5.267664,3052.582055,836.398076,2026-01-31T23:59:59Z
naver-SYNTH-001-2026-01-31-C11,synthetic-advertiser-001,naver,SYNTH-001,2026-01-31,C11,New Product Launch,Naver,535248.76,59553,1970.0,83.23,3525991.8,3.307978,271.699878,4.224873,6430.959502,658.757585,2026-01-31T23:59:59Z
naver-SYNTH-001-2026-01-31-C12,synthetic-advertiser-001,naver,SYNTH-001,2026-01-31,C12,Low Efficiency Legacy,Naver,236745.21,19199,434.0,7.71,580921.83,2.260534,545.495875,1.776498,30706.252873,245.378495,2026-01-31T23:59:59Z
naver-SYNTH-001-2026-02-01-C01,synthetic-advertiser-001,naver,SYNTH-001,2026-02-01,C01,Brand Search Core,Naver,464897.44,71380,4759.0,384.59,4351735.82,6.667134,97.688051,8.08132,1208.813117,936.06363,2026-02-01T23:59:59Z
naver-SYNTH-001-2026-02-01-C02,synthetic-advertiser-001,naver,SYNTH-001,2026-02-01,C02,Brand Search Expansion,Naver,318068.21,49406,3084.0,255.13,2092126.56,6.242157,103.134957,8.272698,1246.690737,657.760351,2026-02-01T23:59:59Z
naver-SYNTH-001-2026-02-01-C03,synthetic-advertiser-001,naver,SYNTH-001,2026-02-01,C03,Generic Search High Intent,Naver,567918.93,66746,3219.0,161.49,5511602.19,4.822761,176.427129,5.016775,3516.743628,970.491018,2026-02-01T23:59:59Z
naver-SYNTH-001-2026-02-01-C04,synthetic-advertiser-001,naver,SYNTH-001,2026-02-01,C04,Generic Search Mid Intent,Naver,613166.07,71333,2875.0,138.98,4207076.55,4.030393,213.275154,4.834087,4411.901484,686.123511,2026-02-01T23:59:59Z
naver-SYNTH-001-2026-02-01-C05,synthetic-advertiser-001,naver,SYNTH-001,2026-02-01,C05,Shopping Best Seller,Naver,753204.46,102278,5180.0,331.99,7384014.58,5.064628,145.406266,6.409073,2268.756455,980.346641,2026-02-01T23:59:59Z
naver-SYNTH-001-2026-02-01-C06,synthetic-advertiser-001,naver,SYNTH-001,2026-02-01,C06,Shopping Long Tail,Naver,417656.35,44584,1772.0,81.62,2380598.79,3.97452,235.697715,4.606095,5117.08345,569.989844,2026-02-01T23:59:59Z
naver-SYNTH-001-2026-02-01-C07,synthetic-advertiser-001,naver,SYNTH-001,2026-02-01,C07,Retargeting,Naver,315917.65,55496,4343.0,391.01,3543049.59,7.825789,72.741804,9.003224,807.952876,1121.510477,2026-02-01T23:59:59Z
naver-SYNTH-001-2026-02-01-C08,synthetic-advertiser-001,naver,SYNTH-001,2026-02-01,C08,Competitor,Naver,365495.51,39666,1322.0,53.92,2549074.65,3.332829,276.471645,4.078669,6778.477651,697.429804,2026-02-01T23:59:59Z
naver-SYNTH-001-2026-02-01-C09,synthetic-advertiser-001,naver,SYNTH-001,2026-02-01,C09,Prospecting,Naver,581613.75,58533,1510.0,37.25,5661498.51,2.579741,385.174669,2.466887,15613.791946,973.412081,2026-02-01T23:59:59Z
naver-SYNTH-001-2026-02-01-C10,synthetic-advertiser-001,naver,SYNTH-001,2026-02-01,C10,Seasonal,Naver,412347.23,50497,2860.0,146.3,3293309.99,5.663703,144.177353,5.115385,2818.504643,798.67397,2026-02-01T23:59:59Z
naver-SYNTH-001-2026-02-01-C11,synthetic-advertiser-001,naver,SYNTH-001,2026-02-01,C11,New Product Launch,Naver,483098.6,55325,1845.0,76.92,2325255.61,3.33484,261.842057,4.169106,6280.532963,481.321127,2026-02-01T23:59:59Z
naver-SYNTH-001-2026-02-01-C12,synthetic-advertiser-001,naver,SYNTH-001,2026-02-01,C12,Low Efficiency Legacy,Naver,251046.06,23092,456.0,7.69,636590.05,1.97471,550.539596,1.686404,32645.780969,253.575007,2026-02-01T23:59:59Z
naver-SYNTH-001-2026-02-02-C01,synthetic-advertiser-001,naver,SYNTH-001,2026-02-02,C01,Brand Search Core,Naver,459228.61,62505,5216.0,369.66,4586765.02,8.344932,88.042294,7.08704,1242.299967,998.797757,2026-02-02T23:59:59Z
naver-SYNTH-001-2026-02-02-C02,synthetic-advertiser-001,naver,SYNTH-001,2026-02-02,C02,Brand Search Expansion,Naver,368349.45,50097,3184.0,226.29,2533369.94,6.35567,115.687641,7.107098,1627.776083,687.762651,2026-02-02T23:59:59Z
naver-SYNTH-001-2026-02-02-C03,synthetic-advertiser-001,naver,SYNTH-001,2026-02-02,C03,Generic Search High Intent,Naver,696612.11,78859,3025.0,133.23,5815543.35,3.83596,230.284994,4.404298,5228.64299,834.83237,2026-02-02T23:59:59Z
naver-SYNTH-001-2026-02-02-C04,synthetic-advertiser-001,naver,SYNTH-001,2026-02-02,C04,Generic Search Mid Intent,Naver,702784.56,80539,3082.0,151.05,4827328.58,3.826717,228.028734,4.901038,4652.661762,686.885976,2026-02-02T23:59:59Z
naver-SYNTH-001-2026-02-02-C05,synthetic-advertiser-001,naver,SYNTH-001,2026-02-02,C05,Shopping Best Seller,Naver,890653.9,120087,7651.0,369.56,7432947.78,6.371214,116.41013,4.830218,2410.038699,834.549511,2026-02-02T23:59:59Z
naver-SYNTH-001-2026-02-02-C06,synthetic-advertiser-001,naver,SYNTH-001,2026-02-02,C06,Shopping Long Tail,Naver,471416.16,52088,2075.0,86.12,3033895.79,3.983643,227.188511,4.150361,5473.945203,643.570594,2026-02-02T23:59:59Z
naver-SYNTH-001-2026-02-02-C07,synthetic-advertiser-001,naver,SYNTH-001,2026-02-02,C07,Retargeting,Naver,327476.02,49607,4171.0,413.16,3537885.44,8.408088,78.512592,9.905538,792.613085,1080.349459,2026-02-02T23:59:59Z
naver-SYNTH-001-2026-02-02-C08,synthetic-advertiser-001,naver,SYNTH-001,2026-02-02,C08,Competitor,Naver,384840.7,39324,874.0,24.08,2167957.93,2.222561,440.321173,2.755149,15981.75685,563.339039,2026-02-02T23:59:59Z
naver-SYNTH-001-2026-02-02-C09,synthetic-advertiser-001,naver,SYNTH-001,2026-02-02,C09,Prospecting,Naver,653441.08,65210,1876.0,53.71,4770341.12,2.876859,348.316139,2.863006,12166.09713,730.03386,2026-02-02T23:59:59Z
naver-SYNTH-001-2026-02-02-C10,synthetic-advertiser-001,naver,SYNTH-001,2026-02-02,C10,Seasonal,Naver,437025.69,50128,2647.0,124.09,3830565.8,5.280482,165.102262,4.687949,3521.844533,876.508156,2026-02-02T23:59:59Z
naver-SYNTH-001-2026-02-02-C11,synthetic-advertiser-001,naver,SYNTH-001,2026-02-02,C11,New Product Launch,Naver,572931.61,61525,2764.0,101.48,4074450.25,4.492483,207.283506,3.671491,5645.758862,711.158222,2026-02-02T23:59:59Z
naver-SYNTH-001-2026-02-02-C12,synthetic-advertiser-001,naver,SYNTH-001,2026-02-02,C12,Low Efficiency Legacy,Naver,292823.69,27000,571.0,13.28,715622.82,2.114815,512.826086,2.325744,22049.97703,244.386924,2026-02-02T23:59:59Z
naver-SYNTH-001-2026-02-03-C01,synthetic-advertiser-001,naver,SYNTH-001,2026-02-03,C01,Brand Search Core,Naver,517326.12,82505,5589.0,374.32,4142025.23,6.774135,92.561482,6.697441,1382.042432,800.660365,2026-02-03T23:59:59Z
naver-SYNTH-001-2026-02-03-C02,synthetic-advertiser-001,naver,SYNTH-001,2026-02-03,C02,Brand Search Expansion,Naver,349370.91,51796,3672.0,237.1,2290296.64,7.089351,95.144584,6.456972,1473.51714,655.548744,2026-02-03T23:59:59Z
naver-SYNTH-001-2026-02-03-C03,synthetic-advertiser-001,naver,SYNTH-001,2026-02-03,C03,Generic Search High Intent,Naver,702677.55,100104,4619.0,219.82,5168829.25,4.614201,152.127635,4.759039,3196.604248,735.590496,2026-02-03T23:59:59Z
naver-SYNTH-001-2026-02-03-C04,synthetic-advertiser-001,naver,SYNTH-001,2026-02-03,C04,Generic Search Mid Intent,Naver,493694.32,53752,2370.0,96.74,3467384.04,4.409138,208.309838,4.081857,5103.311101,702.334203,2026-02-03T23:59:59Z
naver-SYNTH-001-2026-02-03-C05,synthetic-advertiser-001,naver,SYNTH-001,2026-02-03,C05,Shopping Best Seller,Naver,910541.24,114564,4891.0,263.81,6180649.68,4.269229,186.166682,5.393785,3451.503886,678.78855,2026-02-03T23:59:59Z
naver-SYNTH-001-2026-02-03-C06,synthetic-advertiser-001,naver,SYNTH-001,2026-02-03,C06,Shopping Long Tail,Naver,485481.51,62695,2402.0,126.32,3380300.97,3.831247,202.115531,5.258951,3843.267147,696.27801,2026-02-03T23:59:59Z
naver-SYNTH-001-2026-02-03-C07,synthetic-advertiser-001,naver,SYNTH-001,2026-02-03,C07,Retargeting,Naver,294039.85,51822,4394.0,413.1,3089832.58,8.479024,66.918491,9.401457,711.788553,1050.821025,2026-02-03T23:59:59Z
naver-SYNTH-001-2026-02-03-C08,synthetic-advertiser-001,naver,SYNTH-001,2026-02-03,C08,Competitor,Naver,418349.87,42926,1573.0,67.09,3365584.82,3.664446,265.956688,4.265099,6235.651658,804.490468,2026-02-03T23:59:59Z
naver-SYNTH-001-2026-02-03-C09,synthetic-advertiser-001,naver,SYNTH-001,2026-02-03,C09,Prospecting,Naver,722522.32,72236,2050.0,81.88,4246589.24,2.83792,352.449911,3.994146,8824.161171,587.745063,2026-02-03T23:59:59Z
naver-SYNTH-001-2026-02-03-C10,synthetic-advertiser-001,naver,SYNTH-001,2026-02-03,C10,Seasonal,Naver,399852.48,48371,1985.0,79.06,3337221.07,4.103698,201.437019,3.982872,5057.582623,834.613068,2026-02-03T23:59:59Z
naver-SYNTH-001-2026-02-03-C11,synthetic-advertiser-001,naver,SYNTH-001,2026-02-03,C11,New Product Launch,Naver,550464.72,60944,2708.0,96.56,4060207.74,4.443423,203.27353,3.565731,5700.753106,737.596361,2026-02-03T23:59:59Z
naver-SYNTH-001-2026-02-03-C12,synthetic-advertiser-001,naver,SYNTH-001,2026-02-03,C12,Low Efficiency Legacy,Naver,257325.99,24688,479.0,9.91,689683.87,1.940214,537.215014,2.068894,25966.295854,268.019512,2026-02-03T23:59:59Z
naver-SYNTH-001-2026-02-04-C01,synthetic-advertiser-001,naver,SYNTH-001,2026-02-04,C01,Brand Search Core,Naver,511791.78,81847,6117.0,492.88,4410873.59,7.473701,83.667121,8.057545,1038.369947,861.849245,2026-02-04T23:59:59Z
naver-SYNTH-001-2026-02-04-C02,synthetic-advertiser-001,naver,SYNTH-001,2026-02-04,C02,Brand Search Expansion,Naver,416385.97,60300,3191.0,215.17,2961143.45,5.291874,130.487611,6.743027,1935.148803,711.153517,2026-02-04T23:59:59Z
naver-SYNTH-001-2026-02-04-C03,synthetic-advertiser-001,naver,SYNTH-001,2026-02-04,C03,Generic Search High Intent,Naver,755091.58,90996,4114.0,234.88,6111441.53,4.521078,183.541951,5.709285,3214.797277,809.364275,2026-02-04T23:59:59Z
naver-SYNTH-001-2026-02-04-C04,synthetic-advertiser-001,naver,SYNTH-001,2026-02-04,C04,Generic Search Mid Intent,Naver,541555.46,64120,2180.0,99.52,3768508.05,3.399875,248.419937,4.565138,5441.674672,695.867424,2026-02-04T23:59:59Z
naver-SYNTH-001-2026-02-04-C05,synthetic-advertiser-001,naver,SYNTH-001,2026-02-04,C05,Shopping Best Seller,Naver,806212.88,104360,6947.0,410.6,8753154.85,6.656765,116.051948,5.910465,1963.499468,1085.712601,2026-02-04T23:59:59Z
naver-SYNTH-001-2026-02-04-C06,synthetic-advertiser-001,naver,SYNTH-001,2026-02-04,C06,Shopping Long Tail,Naver,534995.24,62704,2473.0,136.04,3453053.07,3.943927,216.334509,5.501011,3932.631883,645.436222,2026-02-04T23:59:59Z
naver-SYNTH-001-2026-02-04-C07,synthetic-advertiser-001,naver,SYNTH-001,2026-02-04,C07,Retargeting,Naver,324782.98,49773,3338.0,320.73,3389946.38,6.706447,97.298677,9.608448,1012.636748,1043.757385,2026-02-04T23:59:59Z
naver-SYNTH-001-2026-02-04-C08,synthetic-advertiser-001,naver,SYNTH-001,2026-02-04,C08,Competitor,Naver,413021.71,50906,1555.0,49.55,2028510.84,3.05465,265.608814,3.186495,8335.453196,491.139041,2026-02-04T23:59:59Z
naver-SYNTH-001-2026-02-04-C09,synthetic-advertiser-001,naver,SYNTH-001,2026-02-04,C09,Prospecting,Naver,711056.73,74359,1955.0,52.34,4998958.12,2.629137,363.711882,2.677238,13585.340629,703.032251,2026-02-04T23:59:59Z
naver-SYNTH-001-2026-02-04-C10,synthetic-advertiser-001,naver,SYNTH-001,2026-02-04,C10,Seasonal,Naver,384331.64,51373,2066.0,99.0,4236299.14,4.021568,186.026933,4.791868,3882.137807,1102.250938,2026-02-04T23:59:59Z
naver-SYNTH-001-2026-02-04-C11,synthetic-advertiser-001,naver,SYNTH-001,2026-02-04,C11,New Product Launch,Naver,526319.38,55137,1624.0,54.85,3443844.99,2.945391,324.088285,3.377463,9595.613043,654.32609,2026-02-04T23:59:59Z
naver-SYNTH-001-2026-02-04-C12,synthetic-advertiser-001,naver,SYNTH-001,2026-02-04,C12,Low Efficiency Legacy,Naver,301664.36,26559,605.0,14.55,715294.19,2.277947,498.618769,2.404959,20732.945376,237.115913,2026-02-04T23:59:59Z
naver-SYNTH-001-2026-02-05-C01,synthetic-advertiser-001,naver,SYNTH-001,2026-02-05,C01,Brand Search Core,Naver,559133.11,88163,7026.0,561.79,4590584.82,7.96933,79.580573,7.995872,995.270664,821.018246,2026-02-05T23:59:59Z
naver-SYNTH-001-2026-02-05-C02,synthetic-advertiser-001,naver,SYNTH-001,2026-02-05,C02,Brand Search Expansion,Naver,350160.58,45164,2474.0,201.66,2657362.1,5.477814,141.536209,8.151172,1736.390855,758.898133,2026-02-05T23:59:59Z
naver-SYNTH-001-2026-02-05-C03,synthetic-advertiser-001,naver,SYNTH-001,2026-02-05,C03,Generic Search High Intent,Naver,734575.71,94997,3999.0,214.44,6790684.68,4.209607,183.689851,5.362341,3425.553603,924.436316,2026-02-05T23:59:59Z
naver-SYNTH-001-2026-02-05-C04,synthetic-advertiser-001,naver,SYNTH-001,2026-02-05,C04,Generic Search Mid Intent,Naver,602762.27,85013,3234.0,160.6,3810067.16,3.804124,186.38289,4.965986,3753.189712,632.101139,2026-02-05T23:59:59Z
naver-SYNTH-001-2026-02-05-C05,synthetic-advertiser-001,naver,SYNTH-001,2026-02-05,C05,Shopping Best Seller,Naver,929754.26,131499,7360.0,472.33,8095221.28,5.597001,126.325307,6.417527,1968.442102,870.68397,2026-02-05T23:59:59Z
naver-SYNTH-001-2026-02-05-C06,synthetic-advertiser-001,naver,SYNTH-001,2026-02-05,C06,Shopping Long Tail,Naver,412125.02,45184,1693.0,83.05,3088585.65,3.746902,243.428837,4.905493,4962.372319,749.429298,2026-02-05T23:59:59Z
naver-SYNTH-001-2026-02-05-C07,synthetic-advertiser-001,naver,SYNTH-001,2026-02-05,C07,Retargeting,Naver,319705.33,57456,5259.0,534.95,3402281.69,9.153091,60.792039,10.172086,597.635912,1064.192981,2026-02-05T23:59:59Z
naver-SYNTH-001-2026-02-05-C08,synthetic-advertiser-001,naver,SYNTH-001,2026-02-05,C08,Competitor,Naver,402672.82,43517,1333.0,46.16,3330542.5,3.063171,302.080133,3.462866,8723.41458,827.108847,2026-02-05T23:59:59Z
naver-SYNTH-001-2026-02-05-C09,synthetic-advertiser-001,naver,SYNTH-001,2026-02-05,C09,Prospecting,Naver,739434.09,72416,2100.0,62.53,5448211.98,2.899912,352.111472,2.977619,11825.269344,736.808329,2026-02-05T23:59:59Z
naver-SYNTH-001-2026-02-05-C10,synthetic-advertiser-001,naver,SYNTH-001,2026-02-05,C10,Seasonal,Naver,386428.24,49879,2476.0,170.58,3679188.66,4.964013,156.069565,6.889338,2265.37838,952.101385,2026-02-05T23:59:59Z
naver-SYNTH-001-2026-02-05-C11,synthetic-advertiser-001,naver,SYNTH-001,2026-02-05,C11,New Product Launch,Naver,507243.43,56473,2019.0,64.69,2943419.5,3.57516,251.234984,3.204061,7841.141343,580.277496,2026-02-05T23:59:59Z
naver-SYNTH-001-2026-02-05-C12,synthetic-advertiser-001,naver,SYNTH-001,2026-02-05,C12,Low Efficiency Legacy,Naver,269943.51,23481,568.0,10.31,688973.94,2.418977,475.252651,1.815141,26182.687266,255.228937,2026-02-05T23:59:59Z
naver-SYNTH-001-2026-02-06-C01,synthetic-advertiser-001,naver,SYNTH-001,2026-02-06,C01,Brand Search Core,Naver,461145.47,64291,5055.0,367.97,4690580.0,7.862687,91.225613,7.279327,1253.21486,1017.158419,2026-02-06T23:59:59Z
naver-SYNTH-001-2026-02-06-C02,synthetic-advertiser-001,naver,SYNTH-001,2026-02-06,C02,Brand Search Expansion,Naver,356810.59,52474,3414.0,240.41,2563919.31,6.506079,104.51394,7.041886,1484.175332,718.56592,2026-02-06T23:59:59Z
naver-SYNTH-001-2026-02-06-C03,synthetic-advertiser-001,naver,SYNTH-001,2026-02-06,C03,Generic Search High Intent,Naver,721798.64,90520,4372.0,184.97,5636661.08,4.829872,165.095756,4.230787,3902.247085,780.918769,2026-02-06T23:59:59Z
naver-SYNTH-001-2026-02-06-C04,synthetic-advertiser-001,naver,SYNTH-001,2026-02-06,C04,Generic Search Mid Intent,Naver,564940.93,67329,3037.0,96.65,3624362.66,4.510686,186.019405,3.182417,5845.224341,641.547187,2026-02-06T23:59:59Z
naver-SYNTH-001-2026-02-06-C05,synthetic-advertiser-001,naver,SYNTH-001,2026-02-06,C05,Shopping Best Seller,Naver,895828.27,123181,7680.0,476.28,7497320.76,6.234728,116.644306,6.201562,1880.885766,836.914953,2026-02-06T23:59:59Z
naver-SYNTH-001-2026-02-06-C06,synthetic-advertiser-001,naver,SYNTH-001,2026-02-06,C06,Shopping Long Tail,Naver,430407.97,47324,1877.0,102.58,3077780.39,3.966275,229.306323,5.465104,4195.827342,715.084434,2026-02-06T23:59:59Z
naver-SYNTH-001-2026-02-06-C07,synthetic-advertiser-001,naver,SYNTH-001,2026-02-06,C07,Retargeting,Naver,292675.76,47798,3755.0,365.12,3226238.12,7.855977,77.942946,9.723569,801.587869,1102.325006,2026-02-06T23:59:59Z
naver-SYNTH-001-2026-02-06-C08,synthetic-advertiser-001,naver,SYNTH-001,2026-02-06,C08,Competitor,Naver,431869.99,44943,1300.0,53.48,2708580.47,2.892553,332.207685,4.113846,8075.355095,627.174968,2026-02-06T23:59:59Z
naver-SYNTH-001-2026-02-06-C09,synthetic-advertiser-001,naver,SYNTH-001,2026-02-06,C09,Prospecting,Naver,680657.9,63835,1684.0,48.2,4301872.85,2.638051,404.191151,2.862233,14121.533153,632.016886,2026-02-06T23:59:59Z
naver-SYNTH-001-2026-02-06-C10,synthetic-advertiser-001,naver,SYNTH-001,2026-02-06,C10,Seasonal,Naver,404106.31,52863,1739.0,85.8,3227372.34,3.289635,232.378559,4.93387,4709.863809,798.644371,2026-02-06T23:59:59Z
naver-SYNTH-001-2026-02-06-C11,synthetic-advertiser-001,naver,SYNTH-001,2026-02-06,C11,New Product Launch,Naver,551555.8,59379,1988.0,88.46,4434887.26,3.347985,277.442557,4.449698,6235.08708,804.068642,2026-02-06T23:59:59Z
naver-SYNTH-001-2026-02-06-C12,synthetic-advertiser-001,naver,SYNTH-001,2026-02-06,C12,Low Efficiency Legacy,Naver,309474.35,28370,510.0,9.2,735059.26,1.797674,606.812447,1.803922,33638.516099,237.518639,2026-02-06T23:59:59Z
naver-SYNTH-001-2026-02-07-C01,synthetic-advertiser-001,naver,SYNTH-001,2026-02-07,C01,Brand Search Core,Naver,552469.97,84012,5549.0,435.66,4452076.22,6.605009,99.562077,7.851144,1268.121853,805.849456,2026-02-07T23:59:59Z
naver-SYNTH-001-2026-02-07-C02,synthetic-advertiser-001,naver,SYNTH-001,2026-02-07,C02,Brand Search Expansion,Naver,318325.09,48913,2969.0,223.8,2484022.46,6.069961,107.216266,7.537892,1422.364141,780.341389,2026-02-07T23:59:59Z
naver-SYNTH-001-2026-02-07-C03,synthetic-advertiser-001,naver,SYNTH-001,2026-02-07,C03,Generic Search High Intent,Naver,639665.3,78344,3956.0,273.86,6240942.56,5.049525,161.69497,6.922649,2335.738335,975.657513,2026-02-07T23:59:59Z
naver-SYNTH-001-2026-02-07-C04,synthetic-advertiser-001,naver,SYNTH-001,2026-02-07,C04,Generic Search Mid Intent,Naver,516809.43,64132,2963.0,136.07,3464838.4,4.620158,174.421001,4.592305,3798.114395,670.42864,2026-02-07T23:59:59Z
naver-SYNTH-001-2026-02-07-C05,synthetic-advertiser-001,naver,SYNTH-001,2026-02-07,C05,Shopping Best Seller,Naver,802633.1,113230,6688.0,407.61,7413998.56,5.906562,120.01093,6.094647,1969.120234,923.709547,2026-02-07T23:59:59Z
naver-SYNTH-001-2026-02-07-C06,synthetic-advertiser-001,naver,SYNTH-001,2026-02-07,C06,Shopping Long Tail,Naver,409304.7,48476,1926.0,70.22,2933991.25,3.9731,212.51542,3.645898,5828.890605,716.823252,2026-02-07T23:59:59Z
naver-SYNTH-001-2026-02-07-C07,synthetic-advertiser-001,naver,SYNTH-001,2026-02-07,C07,Retargeting,Naver,327463.41,51879,4546.0,449.51,3639525.48,8.762698,72.033307,9.888033,728.489718,1111.429654,2026-02-07T23:59:59Z
naver-SYNTH-001-2026-02-07-C08,synthetic-advertiser-001,naver,SYNTH-001,2026-02-07,C08,Competitor,Naver,388745.29,42307,1382.0,46.88,2582771.72,3.266599,281.291814,3.392185,8292.348268,664.386633,2026-02-07T23:59:59Z
naver-SYNTH-001-2026-02-07-C09,synthetic-advertiser-001,naver,SYNTH-001,2026-02-07,C09,Prospecting,Naver,592194.25,60133,1388.0,46.22,4725462.1,2.308217,426.65292,3.329971,12812.510893,797.958114,2026-02-07T23:59:59Z
naver-SYNTH-001-2026-02-07-C10,synthetic-advertiser-001,naver,SYNTH-001,2026-02-07,C10,Seasonal,Naver,376568.73,43057,2271.0,111.39,3051809.5,5.274404,165.816261,4.904888,3380.633175,810.425631,2026-02-07T23:59:59Z
naver-SYNTH-001-2026-02-07-C11,synthetic-advertiser-001,naver,SYNTH-001,2026-02-07,C11,New Product Launch,Naver,501960.52,53522,1888.0,80.84,2212327.72,3.527521,265.868918,4.28178,6209.308728,440.737398,2026-02-07T23:59:59Z
naver-SYNTH-001-2026-02-07-C12,synthetic-advertiser-001,naver,SYNTH-001,2026-02-07,C12,Low Efficiency Legacy,Naver,274748.66,23487,497.0,11.98,649175.15,2.116064,552.814195,2.410463,22933.944495,236.279647,2026-02-07T23:59:59Z
naver-SYNTH-001-2026-02-08-C01,synthetic-advertiser-001,naver,SYNTH-001,2026-02-08,C01,Brand Search Core,Naver,443226.56,65450,4071.0,316.98,4490961.81,6.220015,108.874125,7.786293,1398.279264,1013.242933,2026-02-08T23:59:59Z
naver-SYNTH-001-2026-02-08-C02,synthetic-advertiser-001,naver,SYNTH-001,2026-02-08,C02,Brand Search Expansion,Naver,316119.52,46674,2907.0,201.9,2356963.74,6.228307,108.744244,6.945304,1565.72322,745.592601,2026-02-08T23:59:59Z
naver-SYNTH-001-2026-02-08-C03,synthetic-advertiser-001,naver,SYNTH-001,2026-02-08,C03,Generic Search High Intent,Naver,565697.21,77426,4602.0,267.31,5220525.07,5.94374,122.924209,5.808561,2116.259063,922.847943,2026-02-08T23:59:59Z
naver-SYNTH-001-2026-02-08-C04,synthetic-advertiser-001,naver,SYNTH-001,2026-02-08,C04,Generic Search Mid Intent,Naver,479841.24,55725,2672.0,131.73,4121478.75,4.794975,179.581304,4.930015,3642.611735,858.92549,2026-02-08T23:59:59Z
naver-SYNTH-001-2026-02-08-C05,synthetic-advertiser-001,naver,SYNTH-001,2026-02-08,C05,Shopping Best Seller,Naver,839825.73,104406,6034.0,309.12,8257864.55,5.779361,139.182256,5.12297,2716.827558,983.283103,2026-02-08T23:59:59Z
naver-SYNTH-001-2026-02-08-C06,synthetic-advertiser-001,naver,SYNTH-001,2026-02-08,C06,Shopping Long Tail,Naver,384622.56,42351,1451.0,87.94,2787849.15,3.426129,265.074126,6.060648,4373.692943,724.827263,2026-02-08T23:59:59Z
naver-SYNTH-001-2026-02-08-C07,synthetic-advertiser-001,naver,SYNTH-001,2026-02-08,C07,Retargeting,Naver,295290.39,46818,3621.0,367.27,3384465.69,7.734205,81.549405,10.142778,804.014471,1146.148251,2026-02-08T23:59:59Z
naver-SYNTH-001-2026-02-08-C08,synthetic-advertiser-001,naver,SYNTH-001,2026-02-08,C08,Competitor,Naver,359340.24,37385,1333.0,35.32,2578771.1,3.565601,269.572574,2.649662,10173.846001,717.640499,2026-02-08T23:59:59Z
naver-SYNTH-001-2026-02-08-C09,synthetic-advertiser-001,naver,SYNTH-001,2026-02-08,C09,Prospecting,Naver,549886.37,53017,1554.0,43.39,4931885.75,2.931135,353.852235,2.792149,12673.113005,896.891792,2026-02-08T23:59:59Z
naver-SYNTH-001-2026-02-08-C10,synthetic-advertiser-001,naver,SYNTH-001,2026-02-08,C10,Seasonal,Naver,324952.85,35117,1536.0,67.49,2857558.38,4.37395,211.557846,4.39388,4814.829634,879.376305,2026-02-08T23:59:59Z
naver-SYNTH-001-2026-02-08-C11,synthetic-advertiser-001,naver,SYNTH-001,2026-02-08,C11,New Product Launch,Naver,466233.66,46167,1668.0,71.17,4007747.36,3.61297,279.516581,4.266787,6550.985773,859.600609,2026-02-08T23:59:59Z
naver-SYNTH-001-2026-02-08-C12,synthetic-advertiser-001,naver,SYNTH-001,2026-02-08,C12,Low Efficiency Legacy,Naver,267093.07,25119,697.0,15.4,688921.22,2.774792,383.203827,2.209469,17343.705691,257.933022,2026-02-08T23:59:59Z
naver-SYNTH-001-2026-02-09-C01,synthetic-advertiser-001,naver,SYNTH-001,2026-02-09,C01,Brand Search Core,Naver,542502.59,81062,5560.0,410.71,4340334.18,6.858947,97.572408,7.386871,1320.889645,800.057786,2026-02-09T23:59:59Z
naver-SYNTH-001-2026-02-09-C02,synthetic-advertiser-001,naver,SYNTH-001,2026-02-09,C02,Brand Search Expansion,Naver,422846.55,62995,3881.0,219.25,2599080.94,6.160806,108.952989,5.649317,1928.604558,614.662919,2026-02-09T23:59:59Z
naver-SYNTH-001-2026-02-09-C03,synthetic-advertiser-001,naver,SYNTH-001,2026-02-09,C03,Generic Search High Intent,Naver,642154.84,90257,4628.0,213.29,5849114.51,5.12758,138.754286,4.608686,3010.712342,910.857349,2026-02-09T23:59:59Z
naver-SYNTH-001-2026-02-09-C04,synthetic-advertiser-001,naver,SYNTH-001,2026-02-09,C04,Generic Search Mid Intent,Naver,637368.67,77033,2722.0,125.61,4316664.64,3.533551,234.154545,4.614622,5074.187332,677.263385,2026-02-09T23:59:59Z
naver-SYNTH-001-2026-02-09-C05,synthetic-advertiser-001,naver,SYNTH-001,2026-02-09,C05,Shopping Best Seller,Naver,811387.52,108458,4480.0,238.69,7692827.58,4.130631,181.113285,5.327902,3399.33603,948.107706,2026-02-09T23:59:59Z
naver-SYNTH-001-2026-02-09-C06,synthetic-advertiser-001,naver,SYNTH-001,2026-02-09,C06,Shopping Long Tail,Naver,511930.5,59600,2373.0,122.93,2919627.79,3.981544,215.731353,5.180362,4164.406572,570.317218,2026-02-09T23:59:59Z
naver-SYNTH-001-2026-02-09-C07,synthetic-advertiser-001,naver,SYNTH-001,2026-02-09,C07,Retargeting,Naver,285923.12,50749,4244.0,450.99,3070003.4,8.362726,67.37114,10.626532,633.989934,1073.716388,2026-02-09T23:59:59Z
naver-SYNTH-001-2026-02-09-C08,synthetic-advertiser-001,naver,SYNTH-001,2026-02-09,C08,Competitor,Naver,394739.22,41508,1287.0,38.19,2677817.11,3.100607,306.712678,2.967366,10336.193168,678.376252,2026-02-09T23:59:59Z
naver-SYNTH-001-2026-02-09-C09,synthetic-advertiser-001,naver,SYNTH-001,2026-02-09,C09,Prospecting,Naver,680864.67,65409,2141.0,67.66,4617953.67,3.27325,318.012457,3.160206,10063.030887,678.248392,2026-02-09T23:59:59Z
naver-SYNTH-001-2026-02-09-C10,synthetic-advertiser-001,naver,SYNTH-001,2026-02-09,C10,Seasonal,Naver,362268.39,40953,1959.0,117.96,2554846.33,4.783532,184.92516,6.02144,3071.112148,705.235788,2026-02-09T23:59:59Z
naver-SYNTH-001-2026-02-09-C11,synthetic-advertiser-001,naver,SYNTH-001,2026-02-09,C11,New Product Launch,Naver,560646.72,65797,1912.0,83.49,1941623.5,2.905908,293.22527,4.366632,6715.136128,346.318536,2026-02-09T23:59:59Z
naver-SYNTH-001-2026-02-09-C12,synthetic-advertiser-001,naver,SYNTH-001,2026-02-09,C12,Low Efficiency Legacy,Naver,281416.1,22867,596.0,11.63,746133.88,2.606376,472.174672,1.951342,24197.429466,265.13546,2026-02-09T23:59:59Z
naver-SYNTH-001-2026-02-10-C01,synthetic-advertiser-001,naver,SYNTH-001,2026-02-10,C01,Brand Search Core,Naver,549843.86,87586,6202.0,548.57,4340310.82,7.08104,88.655895,8.84505,1002.322146,789.371518,2026-02-10T23:59:59Z
naver-SYNTH-001-2026-02-10-C02,synthetic-advertiser-001,naver,SYNTH-001,2026-02-10,C02,Brand Search Expansion,Naver,354025.06,49589,2802.0,198.71,2573056.97,5.650447,126.347272,7.09172,1781.616708,726.800808,2026-02-10T23:59:59Z
naver-SYNTH-001-2026-02-10-C03,synthetic-advertiser-001,naver,SYNTH-001,2026-02-10,C03,Generic Search High Intent,Naver,644627.99,84422,3541.0,162.52,7460529.81,4.194404,182.046876,4.589664,3966.453276,1157.338801,2026-02-10T23:59:59Z
naver-SYNTH-001-2026-02-10-C04,synthetic-advertiser-001,naver,SYNTH-001,2026-02-10,C04,Generic Search Mid Intent,Naver,639434.77,77902,2947.0,129.82,3707550.84,3.782958,216.978206,4.405158,4925.549009,579.816894,2026-02-10T23:59:59Z
naver-SYNTH-001-2026-02-10-C05,synthetic-advertiser-001,naver,SYNTH-001,2026-02-10,C05,Shopping Best Seller,Naver,849332.64,125097,6128.0,248.8,8237807.53,4.898599,138.598668,4.060052,3413.716395,969.915337,2026-02-10T23:59:59Z
naver-SYNTH-001-2026-02-10-C06,synthetic-advertiser-001,naver,SYNTH-001,2026-02-10,C06,Shopping Long Tail,Naver,491629.34,56149,2123.0,121.81,2884043.46,3.781011,231.572936,5.737635,4036.034335,586.629645,2026-02-10T23:59:59Z
naver-SYNTH-001-2026-02-10-C07,synthetic-advertiser-001,naver,SYNTH-001,2026-02-10,C07,Retargeting,Naver,310579.95,55455,5388.0,476.63,3467558.33,9.715986,57.6429,8.84614,651.616447,1116.478497,2026-02-10T23:59:59Z
naver-SYNTH-001-2026-02-10-C08,synthetic-advertiser-001,naver,SYNTH-001,2026-02-10,C08,Competitor,Naver,466053.29,48072,1427.0,52.59,2905212.99,2.968464,326.596558,3.685354,8862.013472,623.364981,2026-02-10T23:59:59Z
naver-SYNTH-001-2026-02-10-C09,synthetic-advertiser-001,naver,SYNTH-001,2026-02-10,C09,Prospecting,Naver,572700.15,57693,1463.0,36.2,4409878.27,2.535836,391.456016,2.474368,15820.446162,770.015209,2026-02-10T23:59:59Z
naver-SYNTH-001-2026-02-10-C10,synthetic-advertiser-001,naver,SYNTH-001,2026-02-10,C10,Seasonal,Naver,425970.61,54693,2899.0,145.49,2954268.72,5.300495,146.937085,5.018627,2927.83428,693.538159,2026-02-10T23:59:59Z
naver-SYNTH-001-2026-02-10-C11,synthetic-advertiser-001,naver,SYNTH-001,2026-02-10,C11,New Product Launch,Naver,599084.1,65198,2304.0,91.71,3334699.83,3.533851,260.019139,3.980469,6532.374849,556.633008,2026-02-10T23:59:59Z
naver-SYNTH-001-2026-02-10-C12,synthetic-advertiser-001,naver,SYNTH-001,2026-02-10,C12,Low Efficiency Legacy,Naver,301359.62,27860,612.0,11.79,688763.74,2.196698,492.417672,1.926471,25560.611977,228.552102,2026-02-10T23:59:59Z
naver-SYNTH-001-2026-02-11-C01,synthetic-advertiser-001,naver,SYNTH-001,2026-02-11,C01,Brand Search Core,Naver,494654.87,68755,5346.0,429.55,4396076.47,7.775435,92.528033,8.034979,1151.56528,888.715905,2026-02-11T23:59:59Z
naver-SYNTH-001-2026-02-11-C02,synthetic-advertiser-001,naver,SYNTH-001,2026-02-11,C02,Brand Search Expansion,Naver,402288.5,59680,3294.0,207.44,2618621.59,5.519437,122.127656,6.297511,1939.300512,650.931261,2026-02-11T23:59:59Z
naver-SYNTH-001-2026-02-11-C03,synthetic-advertiser-001,naver,SYNTH-001,2026-02-11,C03,Generic Search High Intent,Naver,707285.21,87393,3483.0,207.03,6553635.04,3.985445,203.067819,5.944014,3416.341661,926.590137,2026-02-11T23:59:59Z
naver-SYNTH-001-2026-02-11-C04,synthetic-advertiser-001,naver,SYNTH-001,2026-02-11,C04,Generic Search Mid Intent,Naver,625420.09,78632,3128.0,155.71,3765808.51,3.978024,199.942484,4.977941,4016.569833,602.124649,2026-02-11T23:59:59Z
naver-SYNTH-001-2026-02-11-C05,synthetic-advertiser-001,naver,SYNTH-001,2026-02-11,C05,Shopping Best Seller,Naver,944532.07,124313,7409.0,375.24,8978137.14,5.959956,127.484421,5.064651,2517.141226,950.538091,2026-02-11T23:59:59Z
naver-SYNTH-001-2026-02-11-C06,synthetic-advertiser-001,naver,SYNTH-001,2026-02-11,C06,Shopping Long Tail,Naver,483364.95,55156,2398.0,115.95,2981511.54,4.347668,201.570039,4.835279,4168.736133,616.824101,2026-02-11T23:59:59Z
naver-SYNTH-001-2026-02-11-C07,synthetic-advertiser-001,naver,SYNTH-001,2026-02-11,C07,Retargeting,Naver,340425.45,59185,5243.0,506.6,3504314.35,8.858664,64.929516,9.662407,671.980761,1029.392576,2026-02-11T23:59:59Z
naver-SYNTH-001-2026-02-11-C08,synthetic-advertiser-001,naver,SYNTH-001,2026-02-11,C08,Competitor,Naver,384793.19,37791,1098.0,45.13,1910131.48,2.905454,350.449168,4.1102,8526.328076,496.404704,2026-02-11T23:59:59Z
naver-SYNTH-001-2026-02-11-C09,synthetic-advertiser-001,naver,SYNTH-001,2026-02-11,C09,Prospecting,Naver,567786.57,58006,1646.0,57.77,3399045.56,2.837637,344.949313,3.509721,9828.398287,598.648461,2026-02-11T23:59:59Z
naver-SYNTH-001-2026-02-11-C10,synthetic-advertiser-001,naver,SYNTH-001,2026-02-11,C10,Seasonal,Naver,415344.04,52734,2427.0,137.75,2499343.82,4.602344,171.134749,5.675731,3015.201713,601.752669,2026-02-11T23:59:59Z
naver-SYNTH-001-2026-02-11-C11,synthetic-advertiser-001,naver,SYNTH-001,2026-02-11,C11,New Product Launch,Naver,530082.68,53737,1776.0,83.14,3973175.35,3.304985,298.469976,4.681306,6375.783958,749.538801,2026-02-11T23:59:59Z
naver-SYNTH-001-2026-02-11-C12,synthetic-advertiser-001,naver,SYNTH-001,2026-02-11,C12,Low Efficiency Legacy,Naver,275259.48,25492,606.0,10.83,526372.86,2.377216,454.223559,1.787129,25416.387495,191.22788,2026-02-11T23:59:59Z
naver-SYNTH-001-2026-02-12-C01,synthetic-advertiser-001,naver,SYNTH-001,2026-02-12,C01,Brand Search Core,Naver,505758.23,79772,6610.0,561.24,5007949.45,8.286115,76.514104,8.490772,901.1443,990.186453,2026-02-12T23:59:59Z
naver-SYNTH-001-2026-02-12-C02,synthetic-advertiser-001,naver,SYNTH-001,2026-02-12,C02,Brand Search Expansion,Naver,374974.66,55930,3486.0,237.73,2576137.64,6.232791,107.565881,6.819564,1577.313169,687.016463,2026-02-12T23:59:59Z
naver-SYNTH-001-2026-02-12-C03,synthetic-advertiser-001,naver,SYNTH-001,2026-02-12,C03,Generic Search High Intent,Naver,675571.48,89470,4517.0,227.15,4517321.11,5.04862,149.561983,5.02878,2974.12052,668.666642,2026-02-12T23:59:59Z
naver-SYNTH-001-2026-02-12-C04,synthetic-advertiser-001,naver,SYNTH-001,2026-02-12,C04,Generic Search Mid Intent,Naver,616751.5,73081,2930.0,129.0,4130412.65,4.00925,210.495393,4.40273,4781.019395,669.704514,2026-02-12T23:59:59Z
naver-SYNTH-001-2026-02-12-C05,synthetic-advertiser-001,naver,SYNTH-001,2026-02-12,C05,Shopping Best Seller,Naver,842158.97,114829,6845.0,414.21,8313754.43,5.961038,123.03272,6.051278,2033.169084,987.195382,2026-02-12T23:59:59Z
naver-SYNTH-001-2026-02-12-C06,synthetic-advertiser-001,naver,SYNTH-001,2026-02-12,C06,Shopping Long Tail,Naver,500220.08,58705,1856.0,79.34,2977038.49,3.161571,269.515128,4.274784,6304.765283,595.145742,2026-02-12T23:59:59Z
naver-SYNTH-001-2026-02-12-C07,synthetic-advertiser-001,naver,SYNTH-001,2026-02-12,C07,Retargeting,Naver,309212.29,44448,4029.0,379.61,3364834.83,9.064525,76.746658,9.421941,814.55253,1088.19571,2026-02-12T23:59:59Z
naver-SYNTH-001-2026-02-12-C08,synthetic-advertiser-001,naver,SYNTH-001,2026-02-12,C08,Competitor,Naver,391928.0,41886,1380.0,44.31,2549700.42,3.294657,284.005795,3.21087,8845.136488,650.553274,2026-02-12T23:59:59Z
naver-SYNTH-001-2026-02-12-C09,synthetic-advertiser-001,naver,SYNTH-001,2026-02-12,C09,Prospecting,Naver,590397.09,62103,1621.0,44.15,4444377.63,2.61018,364.217821,2.723627,13372.527462,752.777702,2026-02-12T23:59:59Z
naver-SYNTH-001-2026-02-12-C10,synthetic-advertiser-001,naver,SYNTH-001,2026-02-12,C10,Seasonal,Naver,497382.42,60197,3197.0,176.69,3883032.77,5.310896,155.577862,5.526744,2815.000415,780.693605,2026-02-12T23:59:59Z
naver-SYNTH-001-2026-02-12-C11,synthetic-advertiser-001,naver,SYNTH-001,2026-02-12,C11,New Product Launch,Naver,499055.63,57200,2071.0,91.81,3906417.75,3.620629,240.973262,4.433124,5435.743659,782.76199,2026-02-12T23:59:59Z
naver-SYNTH-001-2026-02-12-C12,synthetic-advertiser-001,naver,SYNTH-001,2026-02-12,C12,Low Efficiency Legacy,Naver,280713.63,26061,527.0,10.22,571832.54,2.022179,532.663442,1.939279,27467.087444,203.706723,2026-02-12T23:59:59Z
naver-SYNTH-001-2026-02-13-C01,synthetic-advertiser-001,naver,SYNTH-001,2026-02-13,C01,Brand Search Core,Naver,550136.47,80634,6738.0,577.13,4519790.95,8.356277,81.64685,8.565301,953.227996,821.576312,2026-02-13T23:59:59Z
naver-SYNTH-001-2026-02-13-C02,synthetic-advertiser-001,naver,SYNTH-001,2026-02-13,C02,Brand Search Expansion,Naver,394176.82,56704,3576.0,256.49,2629470.93,6.306433,110.228417,7.172539,1536.81164,667.079041,2026-02-13T23:59:59Z
naver-SYNTH-001-2026-02-13-C03,synthetic-advertiser-001,naver,SYNTH-001,2026-02-13,C03,Generic Search High Intent,Naver,698151.67,87908,4051.0,222.35,5653050.63,4.608227,172.340576,5.488768,3139.877096,809.716692,2026-02-13T23:59:59Z
naver-SYNTH-001-2026-02-13-C04,synthetic-advertiser-001,naver,SYNTH-001,2026-02-13,C04,Generic Search Mid Intent,Naver,615364.72,67482,2821.0,112.29,4175808.06,4.180374,218.137085,3.980503,5480.138175,678.590754,2026-02-13T23:59:59Z
naver-SYNTH-001-2026-02-13-C05,synthetic-advertiser-001,naver,SYNTH-001,2026-02-13,C05,Shopping Best Seller,Naver,937435.87,125178,7903.0,497.77,7651464.91,6.31341,118.617724,6.298494,1883.27113,816.21209,2026-02-13T23:59:59Z
naver-SYNTH-001-2026-02-13-C06,synthetic-advertiser-001,naver,SYNTH-001,2026-02-13,C06,Shopping Long Tail,Naver,482685.14,55604,1799.0,97.87,3194936.32,3.235379,268.30747,5.440245,4931.900875,661.908988,2026-02-13T23:59:59Z
naver-SYNTH-001-2026-02-13-C07,synthetic-advertiser-001,naver,SYNTH-001,2026-02-13,C07,Retargeting,Naver,337227.36,57827,5141.0,434.14,3401543.81,8.890311,65.595675,8.444661,776.771004,1008.679656,2026-02-13T23:59:59Z
naver-SYNTH-001-2026-02-13-C08,synthetic-advertiser-001,naver,SYNTH-001,2026-02-13,C08,Competitor,Naver,423121.08,43760,1305.0,37.32,3011381.88,2.982176,324.230709,2.85977,11337.649392,711.706898,2026-02-13T23:59:59Z
naver-SYNTH-001-2026-02-13-C09,synthetic-advertiser-001,naver,SYNTH-001,2026-02-13,C09,Prospecting,Naver,656442.89,71038,1444.0,43.07,3849437.33,2.032715,454.600338,2.982687,15241.30225,586.408567,2026-02-13T23:59:59Z
naver-SYNTH-001-2026-02-13-C10,synthetic-advertiser-001,naver,SYNTH-001,2026-02-13,C10,Seasonal,Naver,395778.37,49276,1968.0,86.3,2084564.41,3.993831,201.106894,4.385163,4586.076095,526.699936,2026-02-13T23:59:59Z
naver-SYNTH-001-2026-02-13-C11,synthetic-advertiser-001,naver,SYNTH-001,2026-02-13,C11,New Product Launch,Naver,585205.24,67651,2319.0,90.59,3766720.51,3.427887,252.352412,3.906425,6459.932047,643.658024,2026-02-13T23:59:59Z
naver-SYNTH-001-2026-02-13-C12,synthetic-advertiser-001,naver,SYNTH-001,2026-02-13,C12,Low Efficiency Legacy,Naver,291886.52,26924,535.0,10.94,757801.11,1.987075,545.58228,2.04486,26680.669092,259.621825,2026-02-13T23:59:59Z
naver-SYNTH-001-2026-02-14-C01,synthetic-advertiser-001,naver,SYNTH-001,2026-02-14,C01,Brand Search Core,Naver,433859.46,65999,4924.0,386.49,4221981.9,7.460719,88.111182,7.849106,1122.563226,973.122007,2026-02-14T23:59:59Z
naver-SYNTH-001-2026-02-14-C02,synthetic-advertiser-001,naver,SYNTH-001,2026-02-14,C02,Brand Search Expansion,Naver,295932.18,46267,2572.0,157.66,2547378.82,5.559038,115.059166,6.12986,1877.027627,860.798191,2026-02-14T23:59:59Z
naver-SYNTH-001-2026-02-14-C03,synthetic-advertiser-001,naver,SYNTH-001,2026-02-14,C03,Generic Search High Intent,Naver,628506.91,74289,3793.0,270.5,4950442.75,5.105736,165.701796,7.131558,2323.500596,787.651282,2026-02-14T23:59:59Z
naver-SYNTH-001-2026-02-14-C04,synthetic-advertiser-001,naver,SYNTH-001,2026-02-14,C04,Generic Search Mid Intent,Naver,648040.14,76877,3121.0,143.92,4572372.68,4.059732,207.638622,4.611343,4502.7803,705.569361,2026-02-14T23:59:59Z
naver-SYNTH-001-2026-02-14-C05,synthetic-advertiser-001,naver,SYNTH-001,2026-02-14,C05,Shopping Best Seller,Naver,768918.84,97343,4688.0,320.19,7026100.69,4.81596,164.018524,6.829991,2401.445516,913.763628,2026-02-14T23:59:59Z
naver-SYNTH-001-2026-02-14-C06,synthetic-advertiser-001,naver,SYNTH-001,2026-02-14,C06,Shopping Long Tail,Naver,449545.72,46876,1634.0,63.82,3226502.72,3.485792,275.119777,3.905753,7043.962954,717.725163,2026-02-14T23:59:59Z
naver-SYNTH-001-2026-02-14-C07,synthetic-advertiser-001,naver,SYNTH-001,2026-02-14,C07,Retargeting,Naver,248885.23,41961,3398.0,331.53,2984422.22,8.097996,73.244624,9.756622,750.717073,1199.115837,2026-02-14T23:59:59Z
naver-SYNTH-001-2026-02-14-C08,synthetic-advertiser-001,naver,SYNTH-001,2026-02-14,C08,Competitor,Naver,397422.8,43293,1485.0,53.79,3177285.49,3.430116,267.624783,3.622222,7388.414268,799.472366,2026-02-14T23:59:59Z
naver-SYNTH-001-2026-02-14-C09,synthetic-advertiser-001,naver,SYNTH-001,2026-02-14,C09,Prospecting,Naver,575551.32,60233,1521.0,50.62,3508056.28,2.525194,378.403233,3.328074,11370.037886,609.512337,2026-02-14T23:59:59Z
naver-SYNTH-001-2026-02-14-C10,synthetic-advertiser-001,naver,SYNTH-001,2026-02-14,C10,Seasonal,Naver,392792.0,46652,1363.0,60.24,3480004.19,2.921633,288.181951,4.419663,6520.451504,885.966161,2026-02-14T23:59:59Z
naver-SYNTH-001-2026-02-14-C11,synthetic-advertiser-001,naver,SYNTH-001,2026-02-14,C11,New Product Launch,Naver,411844.05,46811,1750.0,83.34,3112763.97,3.738438,235.339457,4.762286,4941.73325,755.811326,2026-02-14T23:59:59Z
naver-SYNTH-001-2026-02-14-C12,synthetic-advertiser-001,naver,SYNTH-001,2026-02-14,C12,Low Efficiency Legacy,Naver,253277.74,25729,591.0,12.85,578160.65,2.297019,428.557938,2.174281,19710.330063,228.271401,2026-02-14T23:59:59Z
naver-SYNTH-001-2026-02-15-C01,synthetic-advertiser-001,naver,SYNTH-001,2026-02-15,C01,Brand Search Core,Naver,511281.41,75133,5290.0,425.79,3986477.28,7.040848,96.650549,8.04896,1200.78303,779.703159,2026-02-15T23:59:59Z
naver-SYNTH-001-2026-02-15-C02,synthetic-advertiser-001,naver,SYNTH-001,2026-02-15,C02,Brand Search Expansion,Naver,316667.73,46334,2855.0,176.0,2474830.2,6.161782,110.916892,6.164623,1799.248449,781.522708,2026-02-15T23:59:59Z
naver-SYNTH-001-2026-02-15-C03,synthetic-advertiser-001,naver,SYNTH-001,2026-02-15,C03,Generic Search High Intent,Naver,730044.29,95253,4959.0,294.16,6478939.79,5.206135,147.216029,5.931841,2481.793192,887.472161,2026-02-15T23:59:59Z
naver-SYNTH-001-2026-02-15-C04,synthetic-advertiser-001,naver,SYNTH-001,2026-02-15,C04,Generic Search Mid Intent,Naver,663291.05,91888,3386.0,110.35,4446080.58,3.684921,195.892217,3.259008,6010.793357,670.306134,2026-02-15T23:59:59Z
naver-SYNTH-001-2026-02-15-C05,synthetic-advertiser-001,naver,SYNTH-001,2026-02-15,C05,Shopping Best Seller,Naver,701954.65,93715,4656.0,256.52,7879228.37,4.968255,150.763455,5.50945,2736.451925,1122.46972,2026-02-15T23:59:59Z
naver-SYNTH-001-2026-02-15-C06,synthetic-advertiser-001,naver,SYNTH-001,2026-02-15,C06,Shopping Long Tail,Naver,472555.76,52240,1931.0,87.37,2714430.01,3.696401,244.720746,4.524599,5408.672997,574.414755,2026-02-15T23:59:59Z
naver-SYNTH-001-2026-02-15-C07,synthetic-advertiser-001,naver,SYNTH-001,2026-02-15,C07,Retargeting,Naver,283069.23,45908,3529.0,355.94,3256991.27,7.687113,80.212308,10.086143,795.272335,1150.598819,2026-02-15T23:59:59Z
naver-SYNTH-001-2026-02-15-C08,synthetic-advertiser-001,naver,SYNTH-001,2026-02-15,C08,Competitor,Naver,360671.18,36161,944.0,38.28,2767262.58,2.610547,382.066929,4.055085,9421.922174,767.253589,2026-02-15T23:59:59Z
naver-SYNTH-001-2026-02-15-C09,synthetic-advertiser-001,naver,SYNTH-001,2026-02-15,C09,Prospecting,Naver,635919.15,58936,1416.0,45.03,4960381.72,2.402606,449.095443,3.180085,14122.121871,780.033396,2026-02-15T23:59:59Z
naver-SYNTH-001-2026-02-15-C10,synthetic-advertiser-001,naver,SYNTH-001,2026-02-15,C10,Seasonal,Naver,335751.14,43467,1639.0,103.65,3315979.32,3.770677,204.851214,6.323978,3239.277755,987.630102,2026-02-15T23:59:59Z
naver-SYNTH-001-2026-02-15-C11,synthetic-advertiser-001,naver,SYNTH-001,2026-02-15,C11,New Product Launch,Naver,504887.47,57729,2064.0,101.76,3378986.09,3.575326,244.616021,4.930233,4961.55136,669.255292,2026-02-15T23:59:59Z
naver-SYNTH-001-2026-02-15-C12,synthetic-advertiser-001,naver,SYNTH-001,2026-02-15,C12,Low Efficiency Legacy,Naver,257422.46,24499,468.0,6.55,746175.33,1.910282,550.047982,1.399573,39301.138248,289.864118,2026-02-15T23:59:59Z
naver-SYNTH-001-2026-02-16-C01,synthetic-advertiser-001,naver,SYNTH-001,2026-02-16,C01,Brand Search Core,Naver,539937.3,85483,5865.0,471.36,4430072.5,6.861013,92.060921,8.036829,1145.488162,820.479063,2026-02-16T23:59:59Z
naver-SYNTH-001-2026-02-16-C02,synthetic-advertiser-001,naver,SYNTH-001,2026-02-16,C02,Brand Search Expansion,Naver,322470.89,45731,3069.0,218.54,2363717.04,6.710984,105.073604,7.120886,1475.569189,733.001679,2026-02-16T23:59:59Z
naver-SYNTH-001-2026-02-16-C03,synthetic-advertiser-001,naver,SYNTH-001,2026-02-16,C03,Generic Search High Intent,Naver,811803.69,98372,5102.0,300.49,7295973.72,5.186435,159.114796,5.889651,2701.599684,898.736211,2026-02-16T23:59:59Z
naver-SYNTH-001-2026-02-16-C04,synthetic-advertiser-001,naver,SYNTH-001,2026-02-16,C04,Generic Search Mid Intent,Naver,572303.72,66896,2663.0,125.38,4334397.01,3.980806,214.909396,4.708224,4564.553533,757.35957,2026-02-16T23:59:59Z
naver-SYNTH-001-2026-02-16-C05,synthetic-advertiser-001,naver,SYNTH-001,2026-02-16,C05,Shopping Best Seller,Naver,893209.36,124143,6494.0,306.91,8510700.73,5.231064,137.543788,4.726055,2910.329937,952.822608,2026-02-16T23:59:59Z
naver-SYNTH-001-2026-02-16-C06,synthetic-advertiser-001,naver,SYNTH-001,2026-02-16,C06,Shopping Long Tail,Naver,456950.19,49955,1741.0,90.93,2908572.5,3.485137,262.46421,5.22286,5025.296275,636.5185,2026-02-16T23:59:59Z
naver-SYNTH-001-2026-02-16-C07,synthetic-advertiser-001,naver,SYNTH-001,2026-02-16,C07,Retargeting,Naver,315024.89,46878,4231.0,386.89,3171692.18,9.025556,74.456366,9.144174,814.249232,1006.806867,2026-02-16T23:59:59Z
naver-SYNTH-001-2026-02-16-C08,synthetic-advertiser-001,naver,SYNTH-001,2026-02-16,C08,Competitor,Naver,422241.85,46612,1522.0,54.06,2514948.81,3.265254,277.425655,3.551905,7810.615005,595.618087,2026-02-16T23:59:59Z
naver-SYNTH-001-2026-02-16-C09,synthetic-advertiser-001,naver,SYNTH-001,2026-02-16,C09,Prospecting,Naver,699271.06,69038,1761.0,58.34,5112630.61,2.550769,397.087485,3.31289,11986.134047,731.137166,2026-02-16T23:59:59Z
naver-SYNTH-001-2026-02-16-C10,synthetic-advertiser-001,naver,SYNTH-001,2026-02-16,C10,Seasonal,Naver,394578.77,55889,2526.0,110.23,3372655.53,4.519673,156.206956,4.363816,3579.595123,854.74835,2026-02-16T23:59:59Z
naver-SYNTH-001-2026-02-16-C11,synthetic-advertiser-001,naver,SYNTH-001,2026-02-16,C11,New Product Launch,Naver,469136.95,49069,1836.0,65.11,2282124.7,3.74167,255.521217,3.546296,7205.298025,486.451701,2026-02-16T23:59:59Z
naver-SYNTH-001-2026-02-16-C12,synthetic-advertiser-001,naver,SYNTH-001,2026-02-16,C12,Low Efficiency Legacy,Naver,301636.24,23567,584.0,13.64,751399.83,2.478041,516.500403,2.335616,22114.093509,249.107945,2026-02-16T23:59:59Z
naver-SYNTH-001-2026-02-17-C01,synthetic-advertiser-001,naver,SYNTH-001,2026-02-17,C01,Brand Search Core,Naver,483892.99,75525,5280.0,391.1,4551915.85,6.991063,91.6464,7.407197,1237.261553,940.686456,2026-02-17T23:59:59Z
naver-SYNTH-001-2026-02-17-C02,synthetic-advertiser-001,naver,SYNTH-001,2026-02-17,C02,Brand Search Expansion,Naver,348060.85,55324,3646.0,236.16,2555750.05,6.590268,95.463755,6.477235,1473.834908,734.282535,2026-02-17T23:59:59Z
naver-SYNTH-001-2026-02-17-C03,synthetic-advertiser-001,naver,SYNTH-001,2026-02-17,C03,Generic Search High Intent,Naver,772099.99,93316,3842.0,213.41,6743965.83,4.117193,200.963038,5.554659,3617.918514,873.457573,2026-02-17T23:59:59Z
naver-SYNTH-001-2026-02-17-C04,synthetic-advertiser-001,naver,SYNTH-001,2026-02-17,C04,Generic Search Mid Intent,Naver,642171.7,80342,2919.0,153.36,3582538.72,3.633218,219.997156,5.253854,4187.348062,557.878637,2026-02-17T23:59:59Z
naver-SYNTH-001-2026-02-17-C05,synthetic-advertiser-001,naver,SYNTH-001,2026-02-17,C05,Shopping Best Seller,Naver,963362.3,118938,6748.0,466.53,8381663.39,5.673544,142.762641,6.913604,2064.952523,870.042702,2026-02-17T23:59:59Z
naver-SYNTH-001-2026-02-17-C06,synthetic-advertiser-001,naver,SYNTH-001,2026-02-17,C06,Shopping Long Tail,Naver,491311.27,57300,2305.0,116.28,2952211.71,4.022688,213.150228,5.044685,4225.243158,600.884178,2026-02-17T23:59:59Z
naver-SYNTH-001-2026-02-17-C07,synthetic-advertiser-001,naver,SYNTH-001,2026-02-17,C07,Retargeting,Naver,261523.24,44423,3370.0,340.2,2985868.53,7.58616,77.603336,10.094955,768.733812,1141.72205,2026-02-17T23:59:59Z
naver-SYNTH-001-2026-02-17-C08,synthetic-advertiser-001,naver,SYNTH-001,2026-02-17,C08,Competitor,Naver,377807.19,38441,1229.0,43.86,2142473.49,3.197107,307.410243,3.568755,8613.934989,567.081187,2026-02-17T23:59:59Z
naver-SYNTH-001-2026-02-17-C09,synthetic-advertiser-001,naver,SYNTH-001,2026-02-17,C09,Prospecting,Naver,724420.04,69964,2054.0,58.1,4898426.94,2.935796,352.687459,2.828627,12468.503278,676.186006,2026-02-17T23:59:59Z
naver-SYNTH-001-2026-02-17-C10,synthetic-advertiser-001,naver,SYNTH-001,2026-02-17,C10,Seasonal,Naver,381224.52,49776,2190.0,106.35,3681343.61,4.399711,174.075124,4.856164,3584.621728,965.662859,2026-02-17T23:59:59Z
naver-SYNTH-001-2026-02-17-C11,synthetic-advertiser-001,naver,SYNTH-001,2026-02-17,C11,New Product Launch,Naver,542726.88,59895,2357.0,113.7,2724855.59,3.93522,230.261723,4.823929,4773.323489,502.067557,2026-02-17T23:59:59Z
naver-SYNTH-001-2026-02-17-C12,synthetic-advertiser-001,naver,SYNTH-001,2026-02-17,C12,Low Efficiency Legacy,Naver,289275.39,24888,478.0,10.33,598161.6,1.920604,605.178642,2.161088,28003.426047,206.77929,2026-02-17T23:59:59Z
naver-SYNTH-001-2026-02-18-C01,synthetic-advertiser-001,naver,SYNTH-001,2026-02-18,C01,Brand Search Core,Naver,534474.11,77668,6370.0,547.58,4557369.7,8.201576,83.904883,8.596232,976.065791,852.682974,2026-02-18T23:59:59Z
naver-SYNTH-001-2026-02-18-C02,synthetic-advertiser-001,naver,SYNTH-001,2026-02-18,C02,Brand Search Expansion,Naver,313672.83,44703,2859.0,219.32,2430285.74,6.395544,109.714177,7.671214,1430.206236,774.783627,2026-02-18T23:59:59Z
naver-SYNTH-001-2026-02-18-C03,synthetic-advertiser-001,naver,SYNTH-001,2026-02-18,C03,Generic Search High Intent,Naver,616457.82,77985,3813.0,216.88,5000333.29,4.889402,161.672651,5.68791,2842.391263,811.139571,2026-02-18T23:59:59Z
naver-SYNTH-001-2026-02-18-C04,synthetic-advertiser-001,naver,SYNTH-001,2026-02-18,C04,Generic Search Mid Intent,Naver,644530.75,75853,3423.0,138.48,3477571.76,4.512676,188.294112,4.045574,4654.323695,539.550951,2026-02-18T23:59:59Z
naver-SYNTH-001-2026-02-18-C05,synthetic-advertiser-001,naver,SYNTH-001,2026-02-18,C05,Shopping Best Seller,Naver,1001701.16,129762,8078.0,513.03,6856796.66,6.225243,124.00361,6.350953,1952.519658,684.515196,2026-02-18T23:59:59Z
naver-SYNTH-001-2026-02-18-C06,synthetic-advertiser-001,naver,SYNTH-001,2026-02-18,C06,Shopping Long Tail,Naver,472442.5,47156,1791.0,87.7,3036956.59,3.798032,263.786993,4.896706,5387.029691,642.820357,2026-02-18T23:59:59Z
naver-SYNTH-001-2026-02-18-C07,synthetic-advertiser-001,naver,SYNTH-001,2026-02-18,C07,Retargeting,Naver,297245.47,53419,4913.0,567.0,3550894.75,9.197102,60.501826,11.54081,524.242455,1194.600113,2026-02-18T23:59:59Z
naver-SYNTH-001-2026-02-18-C08,synthetic-advertiser-001,naver,SYNTH-001,2026-02-18,C08,Competitor,Naver,359123.34,35173,1222.0,42.91,1074603.58,3.474256,293.881623,3.511457,8369.222637,299.229666,2026-02-18T23:59:59Z
naver-SYNTH-001-2026-02-18-C09,synthetic-advertiser-001,naver,SYNTH-001,2026-02-18,C09,Prospecting,Naver,673838.66,63200,1734.0,47.24,4032289.59,2.743671,388.603612,2.724337,14264.154602,598.405792,2026-02-18T23:59:59Z
naver-SYNTH-001-2026-02-18-C10,synthetic-advertiser-001,naver,SYNTH-001,2026-02-18,C10,Seasonal,Naver,399222.4,53123,2269.0,84.63,2782859.79,4.27122,175.946409,3.729837,4717.268137,697.070047,2026-02-18T23:59:59Z
naver-SYNTH-001-2026-02-18-C11,synthetic-advertiser-001,naver,SYNTH-001,2026-02-18,C11,New Product Launch,Naver,489240.3,51521,1891.0,71.13,2426724.46,3.670348,258.720414,3.761502,6878.114754,496.018918,2026-02-18T23:59:59Z
naver-SYNTH-001-2026-02-18-C12,synthetic-advertiser-001,naver,SYNTH-001,2026-02-18,C12,Low Efficiency Legacy,Naver,262881.66,22992,465.0,10.24,579639.14,2.022443,565.336913,2.202151,25672.037532,220.494321,2026-02-18T23:59:59Z
naver-SYNTH-001-2026-02-19-C01,synthetic-advertiser-001,naver,SYNTH-001,2026-02-19,C01,Brand Search Core,Naver,411600.17,67051,4800.0,384.36,4589957.43,7.15873,85.750036,8.0075,1070.871505,1115.149542,2026-02-19T23:59:59Z
naver-SYNTH-001-2026-02-19-C02,synthetic-advertiser-001,naver,SYNTH-001,2026-02-19,C02,Brand Search Expansion,Naver,368269.67,55611,3286.0,218.11,2629535.28,5.908903,112.072328,6.637553,1688.458445,714.024392,2026-02-19T23:59:59Z
naver-SYNTH-001-2026-02-19-C03,synthetic-advertiser-001,naver,SYNTH-001,2026-02-19,C03,Generic Search High Intent,Naver,682978.97,79655,3858.0,149.15,4926025.36,4.843387,177.029281,3.865993,4579.141573,721.255794,2026-02-19T23:59:59Z
naver-SYNTH-001-2026-02-19-C04,synthetic-advertiser-001,naver,SYNTH-001,2026-02-19,C04,Generic Search Mid Intent,Naver,620189.63,76582,3516.0,161.0,4268162.06,4.591157,176.39068,4.579067,3852.10951,688.202745,2026-02-19T23:59:59Z
naver-SYNTH-001-2026-02-19-C05,synthetic-advertiser-001,naver,SYNTH-001,2026-02-19,C05,Shopping Best Seller,Naver,764496.91,104446,5558.0,334.82,6771431.37,5.32141,137.548922,6.024109,2283.307177,885.736919,2026-02-19T23:59:59Z
naver-SYNTH-001-2026-02-19-C06,synthetic-advertiser-001,naver,SYNTH-001,2026-02-19,C06,Shopping Long Tail,Naver,469510.42,51664,1801.0,76.98,3166969.77,3.485986,260.694291,4.274292,6099.122083,674.525985,2026-02-19T23:59:59Z
naver-SYNTH-001-2026-02-19-C07,synthetic-advertiser-001,naver,SYNTH-001,2026-02-19,C07,Retargeting,Naver,281564.36,51543,4177.0,465.37,3377529.89,8.103913,67.408275,11.14125,605.033334,1199.558728,2026-02-19T23:59:59Z
naver-SYNTH-001-2026-02-19-C08,synthetic-advertiser-001,naver,SYNTH-001,2026-02-19,C08,Competitor,Naver,362438.5,37705,1254.0,44.93,2296651.55,3.325819,289.025919,3.582935,8066.737209,633.666548,2026-02-19T23:59:59Z
naver-SYNTH-001-2026-02-19-C09,synthetic-advertiser-001,naver,SYNTH-001,2026-02-19,C09,Prospecting,Naver,609741.49,60834,1706.0,56.61,3920880.54,2.804353,357.41002,3.318288,10770.914937,643.039809,2026-02-19T23:59:59Z
naver-SYNTH-001-2026-02-19-C10,synthetic-advertiser-001,naver,SYNTH-001,2026-02-19,C10,Seasonal,Naver,405324.05,48676,1900.0,80.08,3164082.46,3.903361,213.328447,4.214737,5061.489133,780.630329,2026-02-19T23:59:59Z
naver-SYNTH-001-2026-02-19-C11,synthetic-advertiser-001,naver,SYNTH-001,2026-02-19,C11,New Product Launch,Naver,528111.58,55487,2173.0,94.63,3356171.6,3.916233,243.033401,4.354809,5580.805031,635.504261,2026-02-19T23:59:59Z
naver-SYNTH-001-2026-02-19-C12,synthetic-advertiser-001,naver,SYNTH-001,2026-02-19,C12,Low Efficiency Legacy,Naver,266880.61,23000,525.0,8.78,657300.3,2.282609,508.344025,1.672381,30396.425213,246.290014,2026-02-19T23:59:59Z
naver-SYNTH-001-2026-02-20-C01,synthetic-advertiser-001,naver,SYNTH-001,2026-02-20,C01,Brand Search Core,Naver,486625.32,75677,5664.0,404.28,4603446.75,7.48444,85.915488,7.137712,1203.683895,945.994078,2026-02-20T23:59:59Z
naver-SYNTH-001-2026-02-20-C02,synthetic-advertiser-001,naver,SYNTH-001,2026-02-20,C02,Brand Search Expansion,Naver,352493.94,51164,2876.0,191.66,2390699.82,5.62114,122.563959,6.664117,1839.162814,678.224366,2026-02-20T23:59:59Z
naver-SYNTH-001-2026-02-20-C03,synthetic-advertiser-001,naver,SYNTH-001,2026-02-20,C03,Generic Search High Intent,Naver,701825.3,98754,4996.0,302.09,5383891.7,5.059036,140.477443,6.046637,2323.232494,767.127043,2026-02-20T23:59:59Z
naver-SYNTH-001-2026-02-20-C04,synthetic-advertiser-001,naver,SYNTH-001,2026-02-20,C04,Generic Search Mid Intent,Naver,524291.44,63989,2748.0,142.02,3883300.99,4.294488,190.790189,5.168122,3691.673272,740.676026,2026-02-20T23:59:59Z
naver-SYNTH-001-2026-02-20-C05,synthetic-advertiser-001,naver,SYNTH-001,2026-02-20,C05,Shopping Best Seller,Naver,912556.43,116661,6353.0,345.69,7882617.77,5.445693,143.641811,5.441366,2639.811468,863.795108,2026-02-20T23:59:59Z
naver-SYNTH-001-2026-02-20-C06,synthetic-advertiser-001,naver,SYNTH-001,2026-02-20,C06,Shopping Long Tail,Naver,459298.48,52317,1635.0,69.5,2418147.06,3.125179,280.916499,4.250765,6608.611175,526.487062,2026-02-20T23:59:59Z
naver-SYNTH-001-2026-02-20-C07,synthetic-advertiser-001,naver,SYNTH-001,2026-02-20,C07,Retargeting,Naver,229001.26,39306,3477.0,331.87,3029172.39,8.845978,65.861736,9.544722,690.033014,1322.775447,2026-02-20T23:59:59Z
naver-SYNTH-001-2026-02-20-C08,synthetic-advertiser-001,naver,SYNTH-001,2026-02-20,C08,Competitor,Naver,447434.62,51766,1941.0,70.76,2503146.05,3.749565,230.517581,3.645544,6323.270556,559.443976,2026-02-20T23:59:59Z
naver-SYNTH-001-2026-02-20-C09,synthetic-advertiser-001,naver,SYNTH-001,2026-02-20,C09,Prospecting,Naver,681062.22,73742,1950.0,43.71,2930571.18,2.644355,349.262678,2.241538,15581.382325,430.294191,2026-02-20T23:59:59Z
naver-SYNTH-001-2026-02-20-C10,synthetic-advertiser-001,naver,SYNTH-001,2026-02-20,C10,Seasonal,Naver,390985.53,49752,2468.0,113.38,2018742.44,4.960605,158.422012,4.594003,3448.452331,516.321529,2026-02-20T23:59:59Z
naver-SYNTH-001-2026-02-20-C11,synthetic-advertiser-001,naver,SYNTH-001,2026-02-20,C11,New Product Launch,Naver,579103.07,63089,2058.0,81.67,3179496.09,3.262058,281.39119,3.968416,7090.768569,549.038032,2026-02-20T23:59:59Z
naver-SYNTH-001-2026-02-20-C12,synthetic-advertiser-001,naver,SYNTH-001,2026-02-20,C12,Low Efficiency Legacy,Naver,294519.03,30494,797.0,13.9,631233.08,2.613629,369.534539,1.74404,21188.419244,214.326758,2026-02-20T23:59:59Z
naver-SYNTH-001-2026-02-21-C01,synthetic-advertiser-001,naver,SYNTH-001,2026-02-21,C01,Brand Search Core,Naver,448422.08,68044,5174.0,392.66,4590243.68,7.603903,86.668357,7.589099,1142.011096,1023.643552,2026-02-21T23:59:59Z
naver-SYNTH-001-2026-02-21-C02,synthetic-advertiser-001,naver,SYNTH-001,2026-02-21,C02,Brand Search Expansion,Naver,364233.61,47535,2950.0,222.88,2613732.01,6.205954,123.469019,7.555254,1634.21395,717.597711,2026-02-21T23:59:59Z
naver-SYNTH-001-2026-02-21-C03,synthetic-advertiser-001,naver,SYNTH-001,2026-02-21,C03,Generic Search High Intent,Naver,675154.48,88471,4085.0,238.83,6076054.36,4.617332,165.276496,5.846512,2826.924946,899.950233,2026-02-21T23:59:59Z
naver-SYNTH-001-2026-02-21-C04,synthetic-advertiser-001,naver,SYNTH-001,2026-02-21,C04,Generic Search Mid Intent,Naver,577094.41,64056,1956.0,113.03,3928549.64,3.053578,295.038041,5.77863,5105.674676,680.746439,2026-02-21T23:59:59Z
naver-SYNTH-001-2026-02-21-C05,synthetic-advertiser-001,naver,SYNTH-001,2026-02-21,C05,Shopping Best Seller,Naver,787128.94,108590,6141.0,411.65,7757678.88,5.655217,128.17602,6.703306,1912.131521,985.566465,2026-02-21T23:59:59Z
naver-SYNTH-001-2026-02-21-C06,synthetic-advertiser-001,naver,SYNTH-001,2026-02-21,C06,Shopping Long Tail,Naver,440592.47,48001,1856.0,80.55,3379060.04,3.866586,237.388186,4.339978,5469.801033,766.93549,2026-02-21T23:59:59Z
naver-SYNTH-001-2026-02-21-C07,synthetic-advertiser-001,naver,SYNTH-001,2026-02-21,C07,Retargeting,Naver,275751.07,44390,3885.0,367.14,3006333.25,8.751971,70.978397,9.450193,751.078809,1090.234467,2026-02-21T23:59:59Z
naver-SYNTH-001-2026-02-21-C08,synthetic-advertiser-001,naver,SYNTH-001,2026-02-21,C08,Competitor,Naver,434319.71,49014,1651.0,56.35,2080651.29,3.368425,263.064631,3.413083,7707.53692,479.059841,2026-02-21T23:59:59Z
naver-SYNTH-001-2026-02-21-C09,synthetic-advertiser-001,naver,SYNTH-001,2026-02-21,C09,Prospecting,Naver,636488.21,72936,1898.0,55.26,5256024.96,2.602281,335.346793,2.911486,11518.063935,825.785121,2026-02-21T23:59:59Z
naver-SYNTH-001-2026-02-21-C10,synthetic-advertiser-001,naver,SYNTH-001,2026-02-21,C10,Seasonal,Naver,409348.81,53549,2199.0,116.28,2871548.45,4.106519,186.152256,5.287858,3520.371619,701.491824,2026-02-21T23:59:59Z
naver-SYNTH-001-2026-02-21-C11,synthetic-advertiser-001,naver,SYNTH-001,2026-02-21,C11,New Product Launch,Naver,514834.73,60425,1740.0,63.39,2944810.35,2.879603,295.882031,3.643103,8121.702683,571.99139,2026-02-21T23:59:59Z
naver-SYNTH-001-2026-02-21-C12,synthetic-advertiser-001,naver,SYNTH-001,2026-02-21,C12,Low Efficiency Legacy,Naver,279571.01,28360,679.0,9.87,601730.46,2.394217,411.739339,1.453608,28325.33039,215.233497,2026-02-21T23:59:59Z
naver-SYNTH-001-2026-02-22-C01,synthetic-advertiser-001,naver,SYNTH-001,2026-02-22,C01,Brand Search Core,Naver,493142.35,73046,4708.0,387.03,4095726.1,6.445254,104.745614,8.220688,1274.170863,830.536275,2026-02-22T23:59:59Z
naver-SYNTH-001-2026-02-22-C02,synthetic-advertiser-001,naver,SYNTH-001,2026-02-22,C02,Brand Search Expansion,Naver,370704.83,51368,3186.0,228.49,2619574.14,6.202305,116.354311,7.171689,1622.411631,706.646881,2026-02-22T23:59:59Z
naver-SYNTH-001-2026-02-22-C03,synthetic-advertiser-001,naver,SYNTH-001,2026-02-22,C03,Generic Search High Intent,Naver,643025.69,81168,4131.0,211.85,5717793.57,5.089444,155.658603,5.128298,3035.287649,889.201423,2026-02-22T23:59:59Z
naver-SYNTH-001-2026-02-22-C04,synthetic-advertiser-001,naver,SYNTH-001,2026-02-22,C04,Generic Search Mid Intent,Naver,477628.51,61563,3039.0,136.42,3051324.86,4.936407,157.166341,4.488977,3501.161927,638.848979,2026-02-22T23:59:59Z
naver-SYNTH-001-2026-02-22-C05,synthetic-advertiser-001,naver,SYNTH-001,2026-02-22,C05,Shopping Best Seller,Naver,765441.68,108363,5659.0,363.09,8091494.73,5.222262,135.260944,6.416151,2108.132092,1057.1014,2026-02-22T23:59:59Z
naver-SYNTH-001-2026-02-22-C06,synthetic-advertiser-001,naver,SYNTH-001,2026-02-22,C06,Shopping Long Tail,Naver,430693.8,43505,1773.0,87.85,2594175.92,4.075394,242.918104,4.954879,4902.604415,602.324884,2026-02-22T23:59:59Z
naver-SYNTH-001-2026-02-22-C07,synthetic-advertiser-001,naver,SYNTH-001,2026-02-22,C07,Retargeting,Naver,263715.76,42874,3595.0,348.08,3139860.12,8.385035,73.356261,9.682337,757.629736,1190.622864,2026-02-22T23:59:59Z
naver-SYNTH-001-2026-02-22-C08,synthetic-advertiser-001,naver,SYNTH-001,2026-02-22,C08,Competitor,Naver,345972.54,35900,1351.0,47.67,2029610.28,3.763231,256.08626,3.528497,7257.657585,586.639128,2026-02-22T23:59:59Z
naver-SYNTH-001-2026-02-22-C09,synthetic-advertiser-001,naver,SYNTH-001,2026-02-22,C09,Prospecting,Naver,556108.92,55470,1392.0,35.72,3789943.99,2.509465,399.503531,2.566092,15568.558652,681.511101,2026-02-22T23:59:59Z
naver-SYNTH-001-2026-02-22-C10,synthetic-advertiser-001,naver,SYNTH-001,2026-02-22,C10,Seasonal,Naver,332831.1,46157,2224.0,111.37,2315646.84,4.818337,149.654273,5.007644,2988.516682,695.742322,2026-02-22T23:59:59Z
naver-SYNTH-001-2026-02-22-C11,synthetic-advertiser-001,naver,SYNTH-001,2026-02-22,C11,New Product Launch,Naver,437585.4,51978,1431.0,56.46,3475623.17,2.753088,305.789938,3.945493,7750.361328,794.27311,2026-02-22T23:59:59Z
naver-SYNTH-001-2026-02-22-C12,synthetic-advertiser-001,naver,SYNTH-001,2026-02-22,C12,Low Efficiency Legacy,Naver,247529.39,22518,545.0,11.63,497907.65,2.420286,454.18237,2.133945,21283.696613,201.150922,2026-02-22T23:59:59Z
naver-SYNTH-001-2026-02-23-C01,synthetic-advertiser-001,naver,SYNTH-001,2026-02-23,C01,Brand Search Core,Naver,452838.47,70086,3954.0,322.0,4819855.39,5.64164,114.526674,8.143652,1406.330647,1064.36527,2026-02-23T23:59:59Z
naver-SYNTH-001-2026-02-23-C02,synthetic-advertiser-001,naver,SYNTH-001,2026-02-23,C02,Brand Search Expansion,Naver,412414.41,63068,3789.0,262.85,2584761.85,6.007801,108.845186,6.937187,1569.010502,626.738976,2026-02-23T23:59:59Z
naver-SYNTH-001-2026-02-23-C03,synthetic-advertiser-001,naver,SYNTH-001,2026-02-23,C03,Generic Search High Intent,Naver,621197.54,72257,3455.0,239.91,5574276.67,4.781544,179.796682,6.943849,2589.294059,897.343652,2026-02-23T23:59:59Z
naver-SYNTH-001-2026-02-23-C04,synthetic-advertiser-001,naver,SYNTH-001,2026-02-23,C04,Generic Search Mid Intent,Naver,599796.71,62636,1998.0,97.78,3607779.13,3.189859,300.198555,4.893894,6134.145159,601.500317,2026-02-23T23:59:59Z
naver-SYNTH-001-2026-02-23-C05,synthetic-advertiser-001,naver,SYNTH-001,2026-02-23,C05,Shopping Best Seller,Naver,899499.93,121936,7799.0,409.67,7486119.19,6.395978,115.33529,5.252853,2195.669509,832.253451,2026-02-23T23:59:59Z
naver-SYNTH-001-2026-02-23-C06,synthetic-advertiser-001,naver,SYNTH-001,2026-02-23,C06,Shopping Long Tail,Naver,454525.98,51290,1363.0,52.15,2764021.16,2.657438,333.474672,3.826119,8715.742625,608.110712,2026-02-23T23:59:59Z
naver-SYNTH-001-2026-02-23-C07,synthetic-advertiser-001,naver,SYNTH-001,2026-02-23,C07,Retargeting,Naver,284158.49,46446,3760.0,406.95,2934621.55,8.095423,75.574065,10.823138,698.263879,1032.741128,2026-02-23T23:59:59Z
naver-SYNTH-001-2026-02-23-C08,synthetic-advertiser-001,naver,SYNTH-001,2026-02-23,C08,Competitor,Naver,353246.59,36940,1408.0,48.62,2702734.25,3.811586,250.88536,3.453125,7265.458377,765.112631,2026-02-23T23:59:59Z
naver-SYNTH-001-2026-02-23-C09,synthetic-advertiser-001,naver,SYNTH-001,2026-02-23,C09,Prospecting,Naver,635147.6,67055,1448.0,48.18,4432186.84,2.159421,438.637843,3.327348,13182.80608,697.81998,2026-02-23T23:59:59Z
naver-SYNTH-001-2026-02-23-C10,synthetic-advertiser-001,naver,SYNTH-001,2026-02-23,C10,Seasonal,Naver,407310.32,49534,2412.0,108.27,2813493.67,4.869383,168.868293,4.488806,3761.986914,690.749413,2026-02-23T23:59:59Z
naver-SYNTH-001-2026-02-23-C11,synthetic-advertiser-001,naver,SYNTH-001,2026-02-23,C11,New Product Launch,Naver,461431.76,50136,1888.0,87.37,2026896.8,3.765757,244.402415,4.627648,5281.352395,439.262526,2026-02-23T23:59:59Z
naver-SYNTH-001-2026-02-23-C12,synthetic-advertiser-001,naver,SYNTH-001,2026-02-23,C12,Low Efficiency Legacy,Naver,278893.84,25937,641.0,8.13,623898.17,2.471373,435.091801,1.268331,34304.285872,223.704534,2026-02-23T23:59:59Z
naver-SYNTH-001-2026-02-24-C01,synthetic-advertiser-001,naver,SYNTH-001,2026-02-24,C01,Brand Search Core,Naver,521031.46,82278,5596.0,452.04,4796749.32,6.801332,93.107837,8.077913,1152.62246,920.625666,2026-02-24T23:59:59Z
naver-SYNTH-001-2026-02-24-C02,synthetic-advertiser-001,naver,SYNTH-001,2026-02-24,C02,Brand Search Expansion,Naver,380874.78,64117,4363.0,269.48,2605486.52,6.804748,87.296535,6.176484,1413.369383,684.079558,2026-02-24T23:59:59Z
naver-SYNTH-001-2026-02-24-C03,synthetic-advertiser-001,naver,SYNTH-001,2026-02-24,C03,Generic Search High Intent,Naver,716311.67,86617,3801.0,153.2,5296918.5,4.388284,188.453478,4.030518,4675.66363,739.471202,2026-02-24T23:59:59Z
naver-SYNTH-001-2026-02-24-C04,synthetic-advertiser-001,naver,SYNTH-001,2026-02-24,C04,Generic Search Mid Intent,Naver,631768.65,76795,3353.0,153.56,4448892.16,4.36617,188.418924,4.579779,4114.148563,704.196407,2026-02-24T23:59:59Z
naver-SYNTH-001-2026-02-24-C05,synthetic-advertiser-001,naver,SYNTH-001,2026-02-24,C05,Shopping Best Seller,Naver,840181.44,112139,5989.0,344.13,7874830.52,5.340693,140.287433,5.746034,2441.465253,937.277375,2026-02-24T23:59:59Z
naver-SYNTH-001-2026-02-24-C06,synthetic-advertiser-001,naver,SYNTH-001,2026-02-24,C06,Shopping Long Tail,Naver,465231.18,50769,1782.0,81.64,3281628.87,3.510016,261.072494,4.581369,5698.569126,705.375948,2026-02-24T23:59:59Z
naver-SYNTH-001-2026-02-24-C07,synthetic-advertiser-001,naver,SYNTH-001,2026-02-24,C07,Retargeting,Naver,313335.23,54654,5225.0,482.41,3471216.4,9.560142,59.968464,9.232727,649.520588,1107.828326,2026-02-24T23:59:59Z
naver-SYNTH-001-2026-02-24-C08,synthetic-advertiser-001,naver,SYNTH-001,2026-02-24,C08,Competitor,Naver,324853.43,32491,1162.0,37.01,3125991.86,3.576375,279.564053,3.185026,8777.450146,962.277623,2026-02-24T23:59:59Z
naver-SYNTH-001-2026-02-24-C09,synthetic-advertiser-001,naver,SYNTH-001,2026-02-24,C09,Prospecting,Naver,683552.19,66209,1999.0,51.68,3962408.71,3.019227,341.947067,2.585293,13226.629012,579.679033,2026-02-24T23:59:59Z
naver-SYNTH-001-2026-02-24-C10,synthetic-advertiser-001,naver,SYNTH-001,2026-02-24,C10,Seasonal,Naver,340357.91,44694,1939.0,94.68,2817370.83,4.33839,175.532701,4.882929,3594.823702,827.767112,2026-02-24T23:59:59Z
naver-SYNTH-001-2026-02-24-C11,synthetic-advertiser-001,naver,SYNTH-001,2026-02-24,C11,New Product Launch,Naver,474726.59,51976,1662.0,78.48,3413016.34,3.19763,285.635736,4.722022,6049.013667,718.943577,2026-02-24T23:59:59Z
naver-SYNTH-001-2026-02-24-C12,synthetic-advertiser-001,naver,SYNTH-001,2026-02-24,C12,Low Efficiency Legacy,Naver,253792.13,22815,530.0,10.64,662320.57,2.323033,478.853084,2.007547,23852.644201,260.9697,2026-02-24T23:59:59Z
naver-SYNTH-001-2026-02-25-C01,synthetic-advertiser-001,naver,SYNTH-001,2026-02-25,C01,Brand Search Core,Naver,548693.25,80807,6176.0,465.04,4393305.77,7.642902,88.842819,7.529793,1179.883989,800.685222,2026-02-25T23:59:59Z
naver-SYNTH-001-2026-02-25-C02,synthetic-advertiser-001,naver,SYNTH-001,2026-02-25,C02,Brand Search Expansion,Naver,355238.83,51272,3019.0,181.61,2692476.61,5.888204,117.667714,6.015568,1956.053241,757.93421,2026-02-25T23:59:59Z
naver-SYNTH-001-2026-02-25-C03,synthetic-advertiser-001,naver,SYNTH-001,2026-02-25,C03,Generic Search High Intent,Naver,742011.14,84089,4027.0,197.52,7080268.53,4.788974,184.259038,4.904892,3756.638036,954.199756,2026-02-25T23:59:59Z
naver-SYNTH-001-2026-02-25-C04,synthetic-advertiser-001,naver,SYNTH-001,2026-02-25,C04,Generic Search Mid Intent,Naver,660087.9,72621,2769.0,141.98,3817227.85,3.812947,238.38494,5.127483,4649.161148,578.290839,2026-02-25T23:59:59Z
naver-SYNTH-001-2026-02-25-C05,synthetic-advertiser-001,naver,SYNTH-001,2026-02-25,C05,Shopping Best Seller,Naver,874111.38,124328,6641.0,387.86,6577412.19,5.341516,131.623458,5.840385,2253.677567,752.46843,2026-02-25T23:59:59Z
naver-SYNTH-001-2026-02-25-C06,synthetic-advertiser-001,naver,SYNTH-001,2026-02-25,C06,Shopping Long Tail,Naver,468092.02,59055,2344.0,106.8,2529262.18,3.969181,199.69796,4.556314,4382.884077,540.334395,2026-02-25T23:59:59Z
naver-SYNTH-001-2026-02-25-C07,synthetic-advertiser-001,naver,SYNTH-001,2026-02-25,C07,Retargeting,Naver,292279.12,53874,4659.0,482.79,3318227.15,8.647956,62.734303,10.362524,605.395965,1135.293951,2026-02-25T23:59:59Z
naver-SYNTH-001-2026-02-25-C08,synthetic-advertiser-001,naver,SYNTH-001,2026-02-25,C08,Competitor,Naver,365568.07,36013,1094.0,47.88,2653134.13,3.037792,334.15729,4.3766,7635.089281,725.756518,2026-02-25T23:59:59Z
naver-SYNTH-001-2026-02-25-C09,synthetic-advertiser-001,naver,SYNTH-001,2026-02-25,C09,Prospecting,Naver,607114.95,54674,1281.0,39.09,4474891.23,2.342978,473.938289,3.051522,15531.208713,737.074789,2026-02-25T23:59:59Z
naver-SYNTH-001-2026-02-25-C10,synthetic-advertiser-001,naver,SYNTH-001,2026-02-25,C10,Seasonal,Naver,338144.55,45246,1934.0,114.67,3421408.47,4.274411,174.842062,5.929162,2948.84929,1011.818315,2026-02-25T23:59:59Z
naver-SYNTH-001-2026-02-25-C11,synthetic-advertiser-001,naver,SYNTH-001,2026-02-25,C11,New Product Launch,Naver,560887.14,61395,1833.0,79.75,4044810.16,2.985585,305.994073,4.350791,7033.067528,721.145113,2026-02-25T23:59:59Z
naver-SYNTH-001-2026-02-25-C12,synthetic-advertiser-001,naver,SYNTH-001,2026-02-25,C12,Low Efficiency Legacy,Naver,314274.81,26331,459.0,9.45,749244.23,1.743192,684.694565,2.058824,33256.593167,238.404166,2026-02-25T23:59:59Z
naver-SYNTH-001-2026-02-26-C01,synthetic-advertiser-001,naver,SYNTH-001,2026-02-26,C01,Brand Search Core,Naver,543475.28,87368,5702.0,438.49,4499728.03,6.526417,95.313096,7.690109,1239.42456,827.954506,2026-02-26T23:59:59Z
naver-SYNTH-001-2026-02-26-C02,synthetic-advertiser-001,naver,SYNTH-001,2026-02-26,C02,Brand Search Expansion,Naver,397640.69,56172,3432.0,262.54,2823619.68,6.109806,115.862671,7.649767,1514.590873,710.093249,2026-02-26T23:59:59Z
naver-SYNTH-001-2026-02-26-C03,synthetic-advertiser-001,naver,SYNTH-001,2026-02-26,C03,Generic Search High Intent,Naver,724899.37,84790,4053.0,175.17,6457709.03,4.780045,178.855013,4.321984,4138.262082,890.842137,2026-02-26T23:59:59Z
naver-SYNTH-001-2026-02-26-C04,synthetic-advertiser-001,naver,SYNTH-001,2026-02-26,C04,Generic Search Mid Intent,Naver,552429.54,64187,2659.0,144.06,3676941.45,4.142583,207.758382,5.417826,3834.718433,665.59465,2026-02-26T23:59:59Z
naver-SYNTH-001-2026-02-26-C05,synthetic-advertiser-001,naver,SYNTH-001,2026-02-26,C05,Shopping Best Seller,Naver,879536.07,118304,6802.0,341.51,8063636.91,5.749594,129.305509,5.020729,2575.43285,916.805708,2026-02-26T23:59:59Z
naver-SYNTH-001-2026-02-26-C06,synthetic-advertiser-001,naver,SYNTH-001,2026-02-26,C06,Shopping Long Tail,Naver,459859.14,53499,2069.0,99.88,3446704.72,3.867362,222.261546,4.827453,4604.116331,749.513151,2026-02-26T23:59:59Z
naver-SYNTH-001-2026-02-26-C07,synthetic-advertiser-001,naver,SYNTH-001,2026-02-26,C07,Retargeting,Naver,325851.94,52206,4492.0,490.9,3349439.46,8.604375,72.540504,10.928317,663.784772,1027.902249,2026-02-26T23:59:59Z
naver-SYNTH-001-2026-02-26-C08,synthetic-advertiser-001,naver,SYNTH-001,2026-02-26,C08,Competitor,Naver,397124.26,40613,1376.0,45.98,2355155.96,3.388078,288.607749,3.34157,8636.891304,593.05265,2026-02-26T23:59:59Z
naver-SYNTH-001-2026-02-26-C09,synthetic-advertiser-001,naver,SYNTH-001,2026-02-26,C09,Prospecting,Naver,613161.02,65757,2238.0,60.77,2628411.64,3.40344,273.977219,2.715371,10089.863677,428.665811,2026-02-26T23:59:59Z
naver-SYNTH-001-2026-02-26-C10,synthetic-advertiser-001,naver,SYNTH-001,2026-02-26,C10,Seasonal,Naver,376627.36,47735,1947.0,105.14,2720439.84,4.078768,193.439836,5.400103,3582.151034,722.316043,2026-02-26T23:59:59Z
naver-SYNTH-001-2026-02-26-C11,synthetic-advertiser-001,naver,SYNTH-001,2026-02-26,C11,New Product Launch,Naver,517746.43,51255,1695.0,67.57,3338609.84,3.306994,305.455123,3.986431,7662.371358,644.834929,2026-02-26T23:59:59Z
naver-SYNTH-001-2026-02-26-C12,synthetic-advertiser-001,naver,SYNTH-001,2026-02-26,C12,Low Efficiency Legacy,Naver,329767.71,27922,546.0,10.14,726526.82,1.955447,603.970168,1.857143,32521.470579,220.314723,2026-02-26T23:59:59Z
naver-SYNTH-001-2026-02-27-C01,synthetic-advertiser-001,naver,SYNTH-001,2026-02-27,C01,Brand Search Core,Naver,540780.46,79602,6182.0,545.97,4324788.97,7.766137,87.47662,8.831608,990.49483,799.730996,2026-02-27T23:59:59Z
naver-SYNTH-001-2026-02-27-C02,synthetic-advertiser-001,naver,SYNTH-001,2026-02-27,C02,Brand Search Expansion,Naver,370830.46,58733,3295.0,237.53,2467698.84,5.610134,112.543386,7.208801,1561.194187,665.452041,2026-02-27T23:59:59Z
naver-SYNTH-001-2026-02-27-C03,synthetic-advertiser-001,naver,SYNTH-001,2026-02-27,C03,Generic Search High Intent,Naver,653500.43,83038,3433.0,206.39,5721907.01,4.134252,190.358414,6.011943,3166.337685,875.578149,2026-02-27T23:59:59Z
naver-SYNTH-001-2026-02-27-C04,synthetic-advertiser-001,naver,SYNTH-001,2026-02-27,C04,Generic Search Mid Intent,Naver,580887.31,60785,2144.0,97.8,3766832.42,3.527186,270.936246,4.561567,5939.54306,648.461819,2026-02-27T23:59:59Z
naver-SYNTH-001-2026-02-27-C05,synthetic-advertiser-001,naver,SYNTH-001,2026-02-27,C05,Shopping Best Seller,Naver,843763.06,106953,6142.0,295.35,7651773.89,5.742709,137.375946,4.808694,2856.824317,906.862866,2026-02-27T23:59:59Z
naver-SYNTH-001-2026-02-27-C06,synthetic-advertiser-001,naver,SYNTH-001,2026-02-27,C06,Shopping Long Tail,Naver,416575.44,45967,1979.0,104.71,3336488.14,4.305262,210.497949,5.291056,3978.373041,800.932511,2026-02-27T23:59:59Z
naver-SYNTH-001-2026-02-27-C07,synthetic-advertiser-001,naver,SYNTH-001,2026-02-27,C07,Retargeting,Naver,308756.75,52891,4604.0,484.24,3402903.15,8.704695,67.062718,10.517811,637.611007,1102.130755,2026-02-27T23:59:59Z
naver-SYNTH-001-2026-02-27-C08,synthetic-advertiser-001,naver,SYNTH-001,2026-02-27,C08,Competitor,Naver,370940.36,40619,1634.0,56.3,2294544.83,4.022748,227.013685,3.445532,6588.638744,618.575133,2026-02-27T23:59:59Z
naver-SYNTH-001-2026-02-27-C09,synthetic-advertiser-001,naver,SYNTH-001,2026-02-27,C09,Prospecting,Naver,584869.49,64608,2090.0,55.48,3461273.59,3.234894,279.841861,2.654545,10541.987899,591.802728,2026-02-27T23:59:59Z
naver-SYNTH-001-2026-02-27-C10,synthetic-advertiser-001,naver,SYNTH-001,2026-02-27,C10,Seasonal,Naver,423846.15,53231,2100.0,96.08,3149827.03,3.94507,201.831498,4.575238,4411.387863,743.153396,2026-02-27T23:59:59Z
naver-SYNTH-001-2026-02-27-C11,synthetic-advertiser-001,naver,SYNTH-001,2026-02-27,C11,New Product Launch,Naver,599091.44,65107,2307.0,95.77,3536360.66,3.543398,259.684198,4.151279,6255.523065,590.287291,2026-02-27T23:59:59Z
naver-SYNTH-001-2026-02-27-C12,synthetic-advertiser-001,naver,SYNTH-001,2026-02-27,C12,Low Efficiency Legacy,Naver,292748.85,26497,563.0,11.0,595872.86,2.124769,519.980202,1.953819,26613.532148,203.544045,2026-02-27T23:59:59Z
naver-SYNTH-001-2026-02-28-C01,synthetic-advertiser-001,naver,SYNTH-001,2026-02-28,C01,Brand Search Core,Naver,488955.49,70600,5368.0,425.74,4913099.54,7.603399,91.087088,7.931073,1148.483794,1004.815292,2026-02-28T23:59:59Z
naver-SYNTH-001-2026-02-28-C02,synthetic-advertiser-001,naver,SYNTH-001,2026-02-28,C02,Brand Search Expansion,Naver,302892.61,43360,2727.0,205.37,2469656.23,6.289207,111.07173,7.530986,1474.862964,815.357052,2026-02-28T23:59:59Z
naver-SYNTH-001-2026-02-28-C03,synthetic-advertiser-001,naver,SYNTH-001,2026-02-28,C03,Generic Search High Intent,Naver,718198.42,91073,5531.0,335.14,5664527.81,6.07315,129.849651,6.059302,2142.980309,788.713487,2026-02-28T23:59:59Z
naver-SYNTH-001-2026-02-28-C04,synthetic-advertiser-001,naver,SYNTH-001,2026-02-28,C04,Generic Search Mid Intent,Naver,561197.12,64947,2804.0,99.44,3459618.65,4.317366,200.141626,3.546362,5643.575219,616.471206,2026-02-28T23:59:59Z
naver-SYNTH-001-2026-02-28-C05,synthetic-advertiser-001,naver,SYNTH-001,2026-02-28,C05,Shopping Best Seller,Naver,817385.55,113781,6094.0,319.82,7368760.88,5.355903,134.129562,5.248113,2555.767464,901.503688,2026-02-28T23:59:59Z
naver-SYNTH-001-2026-02-28-C06,synthetic-advertiser-001,naver,SYNTH-001,2026-02-28,C06,Shopping Long Tail,Naver,508349.61,56936,2418.0,124.18,3232753.16,4.246874,210.235571,5.135649,4093.651231,635.931079,2026-02-28T23:59:59Z
naver-SYNTH-001-2026-02-28-C07,synthetic-advertiser-001,naver,SYNTH-001,2026-02-28,C07,Retargeting,Naver,257192.51,40877,3661.0,346.13,2804941.09,8.956137,70.251982,9.454521,743.051759,1090.599854,2026-02-28T23:59:59Z
naver-SYNTH-001-2026-02-28-C08,synthetic-advertiser-001,naver,SYNTH-001,2026-02-28,C08,Competitor,Naver,352798.47,37593,1321.0,44.62,1836366.94,3.513952,267.069244,3.377744,7906.734001,520.514427,2026-02-28T23:59:59Z
naver-SYNTH-001-2026-02-28-C09,synthetic-advertiser-001,naver,SYNTH-001,2026-02-28,C09,Prospecting,Naver,621914.13,57853,1569.0,48.96,3119614.34,2.712046,396.37612,3.120459,12702.49454,501.614962,2026-02-28T23:59:59Z
naver-SYNTH-001-2026-02-28-C10,synthetic-advertiser-001,naver,SYNTH-001,2026-02-28,C10,Seasonal,Naver,327555.29,36952,1550.0,63.26,1769069.49,4.194631,211.325993,4.08129,5177.921099,540.082712,2026-02-28T23:59:59Z
naver-SYNTH-001-2026-02-28-C11,synthetic-advertiser-001,naver,SYNTH-001,2026-02-28,C11,New Product Launch,Naver,468424.22,55047,1911.0,79.86,2972716.4,3.471579,245.119949,4.178964,5865.56753,634.620554,2026-02-28T23:59:59Z
naver-SYNTH-001-2026-02-28-C12,synthetic-advertiser-001,naver,SYNTH-001,2026-02-28,C12,Low Efficiency Legacy,Naver,282674.7,24038,567.0,8.39,682504.42,2.358765,498.544449,1.479718,33691.859676,241.445172,2026-02-28T23:59:59Z
naver-SYNTH-001-2026-03-01-C01,synthetic-advertiser-001,naver,SYNTH-001,2026-03-01,C01,Brand Search Core,Naver,441421.88,69623,5183.0,408.68,4245882.24,7.444379,85.167254,7.885009,1080.116172,961.864933,2026-03-01T23:59:59Z
naver-SYNTH-001-2026-03-01-C02,synthetic-advertiser-001,naver,SYNTH-001,2026-03-01,C02,Brand Search Expansion,Naver,305144.56,40684,2203.0,155.63,2577334.94,5.414905,138.513191,7.064458,1960.705258,844.627524,2026-03-01T23:59:59Z
naver-SYNTH-001-2026-03-01-C03,synthetic-advertiser-001,naver,SYNTH-001,2026-03-01,C03,Generic Search High Intent,Naver,552761.0,65340,3037.0,153.91,5223477.15,4.647995,182.008892,5.06783,3591.456078,944.979314,2026-03-01T23:59:59Z
naver-SYNTH-001-2026-03-01-C04,synthetic-advertiser-001,naver,SYNTH-001,2026-03-01,C04,Generic Search Mid Intent,Naver,569098.09,78368,2912.0,122.01,3646819.81,3.715802,195.432036,4.189904,4664.35611,640.806897,2026-03-01T23:59:59Z
naver-SYNTH-001-2026-03-01-C05,synthetic-advertiser-001,naver,SYNTH-001,2026-03-01,C05,Shopping Best Seller,Naver,852959.89,107457,6245.0,383.09,7311897.27,5.811627,136.582849,6.134347,2226.526126,857.23811,2026-03-01T23:59:59Z
naver-SYNTH-001-2026-03-01-C06,synthetic-advertiser-001,naver,SYNTH-001,2026-03-01,C06,Shopping Long Tail,Naver,404594.33,41588,1726.0,59.59,2762123.23,4.150236,234.411547,3.452491,6789.634683,682.689553,2026-03-01T23:59:59Z
naver-SYNTH-001-2026-03-01-C07,synthetic-advertiser-001,naver,SYNTH-001,2026-03-01,C07,Retargeting,Naver,237541.65,38791,3550.0,365.78,2946780.76,9.151607,66.91314,10.303662,649.411251,1240.532258,2026-03-01T23:59:59Z
naver-SYNTH-001-2026-03-01-C08,synthetic-advertiser-001,naver,SYNTH-001,2026-03-01,C08,Competitor,Naver,286062.71,30638,1034.0,36.11,1798114.57,3.374894,276.656397,3.492263,7921.980455,628.573555,2026-03-01T23:59:59Z
naver-SYNTH-001-2026-03-01-C09,synthetic-advertiser-001,naver,SYNTH-001,2026-03-01,C09,Prospecting,Naver,540780.57,57677,1752.0,36.22,3755434.55,3.037606,308.664707,2.067352,14930.440817,694.447023,2026-03-01T23:59:59Z
naver-SYNTH-001-2026-03-01-C10,synthetic-advertiser-001,naver,SYNTH-001,2026-03-01,C10,Seasonal,Naver,290025.93,39338,1602.0,76.02,1932070.15,4.072398,181.039903,4.745318,3815.126616,666.171533,2026-03-01T23:59:59Z
naver-SYNTH-001-2026-03-01-C11,synthetic-advertiser-001,naver,SYNTH-001,2026-03-01,C11,New Product Launch,Naver,513848.49,57589,2219.0,93.88,2618795.38,3.853166,231.567595,4.230735,5473.460738,509.643487,2026-03-01T23:59:59Z
naver-SYNTH-001-2026-03-01-C12,synthetic-advertiser-001,naver,SYNTH-001,2026-03-01,C12,Low Efficiency Legacy,Naver,280243.59,24767,559.0,12.89,679101.85,2.257036,501.330221,2.305903,21741.163203,242.325557,2026-03-01T23:59:59Z
naver-SYNTH-001-2026-03-02-C01,synthetic-advertiser-001,naver,SYNTH-001,2026-03-02,C01,Brand Search Core,Naver,474673.31,71534,5912.0,429.33,4388058.73,8.264601,80.289802,7.262009,1105.614124,924.437633,2026-03-02T23:59:59Z
naver-SYNTH-001-2026-03-02-C02,synthetic-advertiser-001,naver,SYNTH-001,2026-03-02,C02,Brand Search Expansion,Naver,390238.41,53265,3185.0,236.27,2514433.09,5.979536,122.523834,7.41821,1651.66297,644.332547,2026-03-02T23:59:59Z
naver-SYNTH-001-2026-03-02-C03,synthetic-advertiser-001,naver,SYNTH-001,2026-03-02,C03,Generic Search High Intent,Naver,635201.25,78785,4411.0,249.47,5075129.37,5.598781,144.00391,5.655634,2546.202939,798.979755,2026-03-02T23:59:59Z
naver-SYNTH-001-2026-03-02-C04,synthetic-advertiser-001,naver,SYNTH-001,2026-03-02,C04,Generic Search Mid Intent,Naver,549809.08,61683,2036.0,88.57,3086818.05,3.300747,270.043754,4.350196,6207.622023,561.434532,2026-03-02T23:59:59Z
naver-SYNTH-001-2026-03-02-C05,synthetic-advertiser-001,naver,SYNTH-001,2026-03-02,C05,Shopping Best Seller,Naver,846552.22,112377,4774.0,301.53,7279701.73,4.2482,177.32556,6.316087,2807.522377,859.923527,2026-03-02T23:59:59Z
naver-SYNTH-001-2026-03-02-C06,synthetic-advertiser-001,naver,SYNTH-001,2026-03-02,C06,Shopping Long Tail,Naver,435463.64,47786,2103.0,98.04,2852920.39,4.400871,207.067826,4.661912,4441.693585,655.14549,2026-03-02T23:59:59Z
naver-SYNTH-001-2026-03-02-C07,synthetic-advertiser-001,naver,SYNTH-001,2026-03-02,C07,Retargeting,Naver,302414.35,50903,4592.0,490.26,2958773.54,9.021079,65.856785,10.676394,616.844847,978.383959,2026-03-02T23:59:59Z
naver-SYNTH-001-2026-03-02-C08,synthetic-advertiser-001,naver,SYNTH-001,2026-03-02,C08,Competitor,Naver,396702.76,43338,1808.0,68.96,2789918.53,4.171858,219.415242,3.814159,5752.650188,703.276819,2026-03-02T23:59:59Z
naver-SYNTH-001-2026-03-02-C09,synthetic-advertiser-001,naver,SYNTH-001,2026-03-02,C09,Prospecting,Naver,492792.79,54775,1139.0,37.04,2938553.73,2.079416,432.653896,3.251975,13304.340904,596.306156,2026-03-02T23:59:59Z
naver-SYNTH-001-2026-03-02-C10,synthetic-advertiser-001,naver,SYNTH-001,2026-03-02,C10,Seasonal,Naver,416951.52,48176,2361.0,83.99,3140812.68,4.90078,176.599542,3.557391,4964.299548,753.280067,2026-03-02T23:59:59Z
naver-SYNTH-001-2026-03-02-C11,synthetic-advertiser-001,naver,SYNTH-001,2026-03-02,C11,New Product Launch,Naver,517360.98,53548,1836.0,68.25,3509576.83,3.428699,281.787027,3.71732,7580.380684,678.361329,2026-03-02T23:59:59Z
naver-SYNTH-001-2026-03-02-C12,synthetic-advertiser-001,naver,SYNTH-001,2026-03-02,C12,Low Efficiency Legacy,Naver,274033.82,28036,643.0,12.65,567507.93,2.29348,426.180118,1.967341,21662.752233,207.094122,2026-03-02T23:59:59Z
naver-SYNTH-001-2026-03-03-C01,synthetic-advertiser-001,naver,SYNTH-001,2026-03-03,C01,Brand Search Core,Naver,547120.57,88842,6829.0,522.52,4619435.5,7.68668,80.117231,7.651486,1047.080623,844.317648,2026-03-03T23:59:59Z
naver-SYNTH-001-2026-03-03-C02,synthetic-advertiser-001,naver,SYNTH-001,2026-03-03,C02,Brand Search Expansion,Naver,368215.21,53414,3480.0,220.42,2608905.0,6.515146,105.808969,6.333908,1670.516339,708.52722,2026-03-03T23:59:59Z
naver-SYNTH-001-2026-03-03-C03,synthetic-advertiser-001,naver,SYNTH-001,2026-03-03,C03,Generic Search High Intent,Naver,695033.27,91580,4780.0,279.34,4904889.7,5.21948,145.404449,5.843933,2488.126539,705.705745,2026-03-03T23:59:59Z
naver-SYNTH-001-2026-03-03-C04,synthetic-advertiser-001,naver,SYNTH-001,2026-03-03,C04,Generic Search Mid Intent,Naver,564130.82,62299,2855.0,149.26,3944442.59,4.582738,197.593983,5.228021,3779.517761,699.20707,2026-03-03T23:59:59Z
naver-SYNTH-001-2026-03-03-C05,synthetic-advertiser-001,naver,SYNTH-001,2026-03-03,C05,Shopping Best Seller,Naver,916717.28,127855,6233.0,393.16,7284035.13,4.875054,147.074809,6.307717,2331.664678,794.578138,2026-03-03T23:59:59Z
naver-SYNTH-001-2026-03-03-C06,synthetic-advertiser-001,naver,SYNTH-001,2026-03-03,C06,Shopping Long Tail,Naver,477254.64,55024,2217.0,95.23,2590783.41,4.029151,215.270475,4.295444,5011.599737,542.851379,2026-03-03T23:59:59Z
naver-SYNTH-001-2026-03-03-C07,synthetic-advertiser-001,naver,SYNTH-001,2026-03-03,C07,Retargeting,Naver,308670.67,51812,4055.0,446.21,3583102.94,7.826372,76.121003,11.003946,691.760984,1160.817436,2026-03-03T23:59:59Z
naver-SYNTH-001-2026-03-03-C08,synthetic-advertiser-001,naver,SYNTH-001,2026-03-03,C08,Competitor,Naver,401051.48,44125,1454.0,47.92,1865568.23,3.295184,275.82633,3.295736,8369.187895,465.169262,2026-03-03T23:59:59Z
naver-SYNTH-001-2026-03-03-C09,synthetic-advertiser-001,naver,SYNTH-001,2026-03-03,C09,Prospecting,Naver,549325.19,57077,1796.0,55.39,4546920.51,3.146626,305.860351,3.084076,9917.407299,827.728381,2026-03-03T23:59:59Z
naver-SYNTH-001-2026-03-03-C10,synthetic-advertiser-001,naver,SYNTH-001,2026-03-03,C10,Seasonal,Naver,414413.22,49768,1938.0,97.74,3013804.55,3.894068,213.83551,5.043344,4239.955176,727.24624,2026-03-03T23:59:59Z
naver-SYNTH-001-2026-03-03-C11,synthetic-advertiser-001,naver,SYNTH-001,2026-03-03,C11,New Product Launch,Naver,485804.97,54133,1650.0,72.74,3032437.28,3.048048,294.427254,4.408485,6678.649557,624.208782,2026-03-03T23:59:59Z
naver-SYNTH-001-2026-03-03-C12,synthetic-advertiser-001,naver,SYNTH-001,2026-03-03,C12,Low Efficiency Legacy,Naver,276628.59,24725,710.0,12.64,611826.76,2.871587,389.617735,1.780282,21885.173415,221.172639,2026-03-03T23:59:59Z
naver-SYNTH-001-2026-03-04-C01,synthetic-advertiser-001,naver,SYNTH-001,2026-03-04,C01,Brand Search Core,Naver,537371.03,77422,5219.0,406.64,4150951.83,6.740978,102.964367,7.791531,1321.490828,772.455453,2026-03-04T23:59:59Z
naver-SYNTH-001-2026-03-04-C02,synthetic-advertiser-001,naver,SYNTH-001,2026-03-04,C02,Brand Search Expansion,Naver,365557.39,60043,3096.0,213.29,2850010.67,5.156305,118.074094,6.889212,1713.898419,779.634255,2026-03-04T23:59:59Z
naver-SYNTH-001-2026-03-04-C03,synthetic-advertiser-001,naver,SYNTH-001,2026-03-04,C03,Generic Search High Intent,Naver,712784.75,85879,3637.0,197.09,6409877.31,4.235028,195.981509,5.419027,3616.544456,899.272513,2026-03-04T23:59:59Z
naver-SYNTH-001-2026-03-04-C04,synthetic-advertiser-001,naver,SYNTH-001,2026-03-04,C04,Generic Search Mid Intent,Naver,511867.65,59192,2213.0,84.18,3584832.69,3.738681,231.300339,3.803886,6080.63258,700.343671,2026-03-04T23:59:59Z
naver-SYNTH-001-2026-03-04-C05,synthetic-advertiser-001,naver,SYNTH-001,2026-03-04,C05,Shopping Best Seller,Naver,856537.54,112727,5771.0,320.6,7633556.21,5.119448,148.420991,5.555363,2671.670421,891.210937,2026-03-04T23:59:59Z
naver-SYNTH-001-2026-03-04-C06,synthetic-advertiser-001,naver,SYNTH-001,2026-03-04,C06,Shopping Long Tail,Naver,458769.72,58987,2285.0,127.42,3027776.8,3.873735,200.774493,5.576368,3600.452964,659.977477,2026-03-04T23:59:59Z
naver-SYNTH-001-2026-03-04-C07,synthetic-advertiser-001,naver,SYNTH-001,2026-03-04,C07,Retargeting,Naver,310729.18,61127,5400.0,522.9,3706725.82,8.834067,57.542441,9.683333,594.242071,1192.91205,2026-03-04T23:59:59Z
naver-SYNTH-001-2026-03-04-C08,synthetic-advertiser-001,naver,SYNTH-001,2026-03-04,C08,Competitor,Naver,321534.4,35658,1130.0,48.24,2067657.56,3.168994,284.543721,4.269027,6665.306894,643.059509,2026-03-04T23:59:59Z
naver-SYNTH-001-2026-03-04-C09,synthetic-advertiser-001,naver,SYNTH-001,2026-03-04,C09,Prospecting,Naver,605492.29,69456,1743.0,0.0,3240551.45,2.509502,347.385134,0.0,0,535.192852,2026-03-04T23:59:59Z
naver-SYNTH-001-2026-03-04-C10,synthetic-advertiser-001,naver,SYNTH-001,2026-03-04,C10,Seasonal,Naver,363192.69,41259,1847.0,118.86,2562085.09,4.476599,196.639246,6.4353,3055.634252,705.434108,2026-03-04T23:59:59Z
naver-SYNTH-001-2026-03-04-C11,synthetic-advertiser-001,naver,SYNTH-001,2026-03-04,C11,New Product Launch,Naver,568571.29,62640,2116.0,73.18,4137362.09,3.378033,268.700989,3.458412,7769.4902,727.676923,2026-03-04T23:59:59Z
naver-SYNTH-001-2026-03-04-C12,synthetic-advertiser-001,naver,SYNTH-001,2026-03-04,C12,Low Efficiency Legacy,Naver,248809.23,24117,407.0,8.43,576418.91,1.687606,611.324892,2.071253,29514.736792,231.67103,2026-03-04T23:59:59Z
naver-SYNTH-001-2026-03-05-C01,synthetic-advertiser-001,naver,SYNTH-001,2026-03-05,C01,Brand Search Core,Naver,511120.92,86928,6434.0,595.6,4678139.69,7.401528,79.440615,9.257072,858.161375,915.270643,2026-03-05T23:59:59Z
naver-SYNTH-001-2026-03-05-C02,synthetic-advertiser-001,naver,SYNTH-001,2026-03-05,C02,Brand Search Expansion,Naver,358170.88,47175,3020.0,218.75,2601412.28,6.401696,118.599631,7.243377,1637.352613,726.304787,2026-03-05T23:59:59Z
naver-SYNTH-001-2026-03-05-C03,synthetic-advertiser-001,naver,SYNTH-001,2026-03-05,C03,Generic Search High Intent,Naver,748911.44,97078,4479.0,306.76,5845500.07,4.613816,167.205055,6.84885,2441.359502,780.532884,2026-03-05T23:59:59Z
naver-SYNTH-001-2026-03-05-C04,synthetic-advertiser-001,naver,SYNTH-001,2026-03-05,C04,Generic Search Mid Intent,Naver,594592.44,73332,2392.0,96.55,4194122.0,3.261877,248.575436,4.036371,6158.38884,705.377616,2026-03-05T23:59:59Z
naver-SYNTH-001-2026-03-05-C05,synthetic-advertiser-001,naver,SYNTH-001,2026-03-05,C05,Shopping Best Seller,Naver,773540.57,100805,5236.0,329.99,7172476.1,5.194187,147.735022,6.30233,2344.133376,927.226877,2026-03-05T23:59:59Z
naver-SYNTH-001-2026-03-05-C06,synthetic-advertiser-001,naver,SYNTH-001,2026-03-05,C06,Shopping Long Tail,Naver,441242.28,48534,1918.0,82.24,2224673.59,3.951869,230.053327,4.2878,5365.300106,504.184139,2026-03-05T23:59:59Z
naver-SYNTH-001-2026-03-05-C07,synthetic-advertiser-001,naver,SYNTH-001,2026-03-05,C07,Retargeting,Naver,315838.23,51265,4094.0,359.4,3466530.63,7.985955,77.146613,8.778701,878.793079,1097.565232,2026-03-05T23:59:59Z
naver-SYNTH-001-2026-03-05-C08,synthetic-advertiser-001,naver,SYNTH-001,2026-03-05,C08,Competitor,Naver,371874.77,42454,1263.0,32.16,2194108.62,2.974985,294.437664,2.546318,11563.270189,590.012768,2026-03-05T23:59:59Z
naver-SYNTH-001-2026-03-05-C09,synthetic-advertiser-001,naver,SYNTH-001,2026-03-05,C09,Prospecting,Naver,640106.71,63211,1523.0,30.8,4438930.36,2.409391,420.293308,2.022324,20782.685315,693.467246,2026-03-05T23:59:59Z
naver-SYNTH-001-2026-03-05-C10,synthetic-advertiser-001,naver,SYNTH-001,2026-03-05,C10,Seasonal,Naver,398083.94,49542,2114.0,104.42,2888575.16,4.267087,188.308389,4.939451,3812.334181,725.619625,2026-03-05T23:59:59Z
naver-SYNTH-001-2026-03-05-C11,synthetic-advertiser-001,naver,SYNTH-001,2026-03-05,C11,New Product Launch,Naver,547036.26,67516,2274.0,58.43,3060809.97,3.368091,240.561239,2.569481,9362.249811,559.52598,2026-03-05T23:59:59Z
naver-SYNTH-001-2026-03-05-C12,synthetic-advertiser-001,naver,SYNTH-001,2026-03-05,C12,Low Efficiency Legacy,Naver,262065.7,22382,468.0,10.05,706268.84,2.090966,559.969445,2.147436,26076.18909,269.500677,2026-03-05T23:59:59Z
naver-SYNTH-001-2026-03-06-C01,synthetic-advertiser-001,naver,SYNTH-001,2026-03-06,C01,Brand Search Core,Naver,485904.91,67632,4937.0,392.34,4872889.25,7.299799,98.421087,7.946931,1238.479139,1002.848335,2026-03-06T23:59:59Z
naver-SYNTH-001-2026-03-06-C02,synthetic-advertiser-001,naver,SYNTH-001,2026-03-06,C02,Brand Search Expansion,Naver,378446.9,57297,3495.0,210.5,2858076.33,6.099796,108.282376,6.02289,1797.84752,755.211974,2026-03-06T23:59:59Z
naver-SYNTH-001-2026-03-06-C03,synthetic-advertiser-001,naver,SYNTH-001,2026-03-06,C03,Generic Search High Intent,Naver,754635.53,96106,4795.0,288.1,6878308.29,4.989283,157.379674,6.008342,2619.352777,911.474211,2026-03-06T23:59:59Z
naver-SYNTH-001-2026-03-06-C04,synthetic-advertiser-001,naver,SYNTH-001,2026-03-06,C04,Generic Search Mid Intent,Naver,591091.34,67736,2660.0,116.22,4280788.3,3.927011,222.214788,4.369173,5085.969169,724.217736,2026-03-06T23:59:59Z
naver-SYNTH-001-2026-03-06-C05,synthetic-advertiser-001,naver,SYNTH-001,2026-03-06,C05,Shopping Best Seller,Naver,816446.45,100324,5264.0,384.8,6228441.67,5.247,155.10001,7.31003,2121.742336,762.872037,2026-03-06T23:59:59Z
naver-SYNTH-001-2026-03-06-C06,synthetic-advertiser-001,naver,SYNTH-001,2026-03-06,C06,Shopping Long Tail,Naver,495493.29,56356,2334.0,116.87,2909470.64,4.141529,212.293611,5.007284,4239.69615,587.18669,2026-03-06T23:59:59Z
naver-SYNTH-001-2026-03-06-C07,synthetic-advertiser-001,naver,SYNTH-001,2026-03-06,C07,Retargeting,Naver,302601.78,46864,3913.0,417.96,3290555.36,8.349693,77.332424,10.681319,723.996978,1087.421033,2026-03-06T23:59:59Z
naver-SYNTH-001-2026-03-06-C08,synthetic-advertiser-001,naver,SYNTH-001,2026-03-06,C08,Competitor,Naver,388565.64,38674,1304.0,54.78,1612287.3,3.371774,297.979787,4.20092,7093.202668,414.933057,2026-03-06T23:59:59Z
naver-SYNTH-001-2026-03-06-C09,synthetic-advertiser-001,naver,SYNTH-001,2026-03-06,C09,Prospecting,Naver,617233.93,60631,1513.0,48.84,5132555.02,2.495423,407.953686,3.228024,12637.877293,831.5413,2026-03-06T23:59:59Z
naver-SYNTH-001-2026-03-06-C10,synthetic-advertiser-001,naver,SYNTH-001,2026-03-06,C10,Seasonal,Naver,388756.42,43572,2050.0,97.58,2993592.87,4.704856,189.637278,4.76,3983.976423,770.043329,2026-03-06T23:59:59Z
naver-SYNTH-001-2026-03-06-C11,synthetic-advertiser-001,naver,SYNTH-001,2026-03-06,C11,New Product Launch,Naver,522415.7,63066,2009.0,83.36,3189490.77,3.185552,260.037682,4.149328,6266.983015,610.527352,2026-03-06T23:59:59Z
naver-SYNTH-001-2026-03-06-C12,synthetic-advertiser-001,naver,SYNTH-001,2026-03-06,C12,Low Efficiency Legacy,Naver,256227.2,21727,354.0,7.76,530032.45,1.629309,723.80564,2.19209,33018.968646,206.860342,2026-03-06T23:59:59Z
naver-SYNTH-001-2026-03-07-C01,synthetic-advertiser-001,naver,SYNTH-001,2026-03-07,C01,Brand Search Core,Naver,468156.69,72572,5762.0,444.41,4666906.25,7.939701,81.248992,7.712773,1053.434199,996.868425,2026-03-07T23:59:59Z
naver-SYNTH-001-2026-03-07-C02,synthetic-advertiser-001,naver,SYNTH-001,2026-03-07,C02,Brand Search Expansion,Naver,318522.29,47887,2894.0,210.54,2608013.39,6.043394,110.062989,7.275052,1512.882536,818.785209,2026-03-07T23:59:59Z
naver-SYNTH-001-2026-03-07-C03,synthetic-advertiser-001,naver,SYNTH-001,2026-03-07,C03,Generic Search High Intent,Naver,629545.3,87177,4802.0,269.73,6312470.99,5.508334,131.100646,5.617035,2333.983244,1002.703219,2026-03-07T23:59:59Z
naver-SYNTH-001-2026-03-07-C04,synthetic-advertiser-001,naver,SYNTH-001,2026-03-07,C04,Generic Search Mid Intent,Naver,544818.5,61594,2471.0,113.65,3764506.52,4.011754,220.485026,4.599352,4793.827535,690.965253,2026-03-07T23:59:59Z
naver-SYNTH-001-2026-03-07-C05,synthetic-advertiser-001,naver,SYNTH-001,2026-03-07,C05,Shopping Best Seller,Naver,869358.3,115466,7165.0,360.57,7532872.05,6.20529,121.334026,5.03238,2411.066634,866.486474,2026-03-07T23:59:59Z
naver-SYNTH-001-2026-03-07-C06,synthetic-advertiser-001,naver,SYNTH-001,2026-03-07,C06,Shopping Long Tail,Naver,501142.47,59493,2081.0,90.68,3280788.12,3.497891,240.818104,4.35752,5526.493972,654.661758,2026-03-07T23:59:59Z
naver-SYNTH-001-2026-03-07-C07,synthetic-advertiser-001,naver,SYNTH-001,2026-03-07,C07,Retargeting,Naver,255739.79,42314,3379.0,337.92,3086192.71,7.985537,75.685051,10.000592,756.805717,1206.770652,2026-03-07T23:59:59Z
naver-SYNTH-001-2026-03-07-C08,synthetic-advertiser-001,naver,SYNTH-001,2026-03-07,C08,Competitor,Naver,337473.96,33470,948.0,43.33,2164329.31,2.832387,355.985189,4.570675,7788.459705,641.332242,2026-03-07T23:59:59Z
naver-SYNTH-001-2026-03-07-C09,synthetic-advertiser-001,naver,SYNTH-001,2026-03-07,C09,Prospecting,Naver,581370.1,54086,1393.0,40.62,4536236.26,2.575528,417.35111,2.916009,14312.410059,780.266526,2026-03-07T23:59:59Z
naver-SYNTH-001-2026-03-07-C10,synthetic-advertiser-001,naver,SYNTH-001,2026-03-07,C10,Seasonal,Naver,350439.35,45613,1900.0,76.57,2866041.91,4.165479,184.441762,4.03,4576.718672,817.842495,2026-03-07T23:59:59Z
naver-SYNTH-001-2026-03-07-C11,synthetic-advertiser-001,naver,SYNTH-001,2026-03-07,C11,New Product Launch,Naver,445000.23,47138,1642.0,69.26,2870284.91,3.483389,271.011105,4.218027,6425.068356,645.007505,2026-03-07T23:59:59Z
naver-SYNTH-001-2026-03-07-C12,synthetic-advertiser-001,naver,SYNTH-001,2026-03-07,C12,Low Efficiency Legacy,Naver,263728.47,23876,607.0,13.95,770488.85,2.542302,434.478535,2.298188,18905.266702,292.152321,2026-03-07T23:59:59Z
naver-SYNTH-001-2026-03-08-C01,synthetic-advertiser-001,naver,SYNTH-001,2026-03-08,C01,Brand Search Core,Naver,437251.35,62064,4800.0,428.13,4313096.09,7.733952,91.094031,8.919375,1021.305093,986.411157,2026-03-08T23:59:59Z
naver-SYNTH-001-2026-03-08-C02,synthetic-advertiser-001,naver,SYNTH-001,2026-03-08,C02,Brand Search Expansion,Naver,342200.27,45820,2596.0,165.16,2403894.23,5.665648,131.818285,6.362096,2071.931868,702.481693,2026-03-08T23:59:59Z
naver-SYNTH-001-2026-03-08-C03,synthetic-advertiser-001,naver,SYNTH-001,2026-03-08,C03,Generic Search High Intent,Naver,625481.97,69280,3328.0,155.88,6274458.43,4.803695,187.945303,4.683894,4012.586393,1003.139781,2026-03-08T23:59:59Z
naver-SYNTH-001-2026-03-08-C04,synthetic-advertiser-001,naver,SYNTH-001,2026-03-08,C04,Generic Search Mid Intent,Naver,501628.97,63599,2037.0,86.24,3739659.12,3.202881,246.258697,4.233677,5816.662401,745.503026,2026-03-08T23:59:59Z
naver-SYNTH-001-2026-03-08-C05,synthetic-advertiser-001,naver,SYNTH-001,2026-03-08,C05,Shopping Best Seller,Naver,680123.49,90118,4873.0,323.45,6732168.84,5.407355,139.569769,6.637595,2102.715985,989.845077,2026-03-08T23:59:59Z
naver-SYNTH-001-2026-03-08-C06,synthetic-advertiser-001,naver,SYNTH-001,2026-03-08,C06,Shopping Long Tail,Naver,403135.86,44220,1927.0,81.35,3268460.51,4.357757,209.20387,4.221588,4955.57292,810.759065,2026-03-08T23:59:59Z
naver-SYNTH-001-2026-03-08-C07,synthetic-advertiser-001,naver,SYNTH-001,2026-03-08,C07,Retargeting,Naver,276363.34,51562,4037.0,398.92,3108091.67,7.829409,68.457602,9.881595,692.778849,1124.639646,2026-03-08T23:59:59Z
naver-SYNTH-001-2026-03-08-C08,synthetic-advertiser-001,naver,SYNTH-001,2026-03-08,C08,Competitor,Naver,279994.19,30230,1029.0,40.1,1862209.69,3.403903,272.103196,3.896987,6982.398721,665.088693,2026-03-08T23:59:59Z
naver-SYNTH-001-2026-03-08-C09,synthetic-advertiser-001,naver,SYNTH-001,2026-03-08,C09,Prospecting,Naver,553153.8,59744,1409.0,34.82,3823085.38,2.358396,392.586087,2.471256,15886.094108,691.143295,2026-03-08T23:59:59Z
naver-SYNTH-001-2026-03-08-C10,synthetic-advertiser-001,naver,SYNTH-001,2026-03-08,C10,Seasonal,Naver,303074.5,39837,1941.0,73.51,2154159.34,4.872355,156.143484,3.787223,4122.901672,710.768913,2026-03-08T23:59:59Z
naver-SYNTH-001-2026-03-08-C11,synthetic-advertiser-001,naver,SYNTH-001,2026-03-08,C11,New Product Launch,Naver,416519.89,48434,1722.0,56.17,2327246.07,3.555354,241.88147,3.261905,7415.344339,558.735877,2026-03-08T23:59:59Z
naver-SYNTH-001-2026-03-08-C12,synthetic-advertiser-001,naver,SYNTH-001,2026-03-08,C12,Low Efficiency Legacy,Naver,266837.88,26803,562.0,14.14,702564.14,2.09678,474.800494,2.516014,18871.137035,263.292509,2026-03-08T23:59:59Z
naver-SYNTH-001-2026-03-09-C01,synthetic-advertiser-001,naver,SYNTH-001,2026-03-09,C01,Brand Search Core,Naver,554700.84,84723,6592.0,539.58,4872128.21,7.78065,84.147579,8.185376,1028.023352,878.334384,2026-03-09T23:59:59Z
naver-SYNTH-001-2026-03-09-C02,synthetic-advertiser-001,naver,SYNTH-001,2026-03-09,C02,Brand Search Expansion,Naver,365060.64,52154,3308.0,212.0,2551108.75,6.342754,110.356903,6.408706,1721.984133,698.817811,2026-03-09T23:59:59Z
naver-SYNTH-001-2026-03-09-C03,synthetic-advertiser-001,naver,SYNTH-001,2026-03-09,C03,Generic Search High Intent,Naver,729933.59,89182,4553.0,132.61,7212460.08,5.10529,160.319259,2.912585,5504.363059,988.098126,2026-03-09T23:59:59Z
naver-SYNTH-001-2026-03-09-C04,synthetic-advertiser-001,naver,SYNTH-001,2026-03-09,C04,Generic Search Mid Intent,Naver,594486.14,78553,2813.0,135.51,3668757.4,3.581022,211.33528,4.817277,4387.027851,617.130851,2026-03-09T23:59:59Z
naver-SYNTH-001-2026-03-09-C05,synthetic-advertiser-001,naver,SYNTH-001,2026-03-09,C05,Shopping Best Seller,Naver,831140.91,116894,6557.0,0.0,6467179.86,5.609355,126.756277,0.0,0,778.108719,2026-03-09T23:59:59Z
naver-SYNTH-001-2026-03-09-C06,synthetic-advertiser-001,naver,SYNTH-001,2026-03-09,C06,Shopping Long Tail,Naver,412877.0,44674,1296.0,47.15,2455078.22,2.901016,318.577934,3.638117,8756.670266,594.627021,2026-03-09T23:59:59Z
naver-SYNTH-001-2026-03-09-C07,synthetic-advertiser-001,naver,SYNTH-001,2026-03-09,C07,Retargeting,Naver,289627.93,50081,4385.0,476.13,3092619.37,8.755816,66.049698,10.858153,608.295899,1067.790462,2026-03-09T23:59:59Z
naver-SYNTH-001-2026-03-09-C08,synthetic-advertiser-001,naver,SYNTH-001,2026-03-09,C08,Competitor,Naver,345250.56,36743,1157.0,46.55,3131360.25,3.148899,298.401525,4.023336,7416.768309,906.981933,2026-03-09T23:59:59Z
naver-SYNTH-001-2026-03-09-C09,synthetic-advertiser-001,naver,SYNTH-001,2026-03-09,C09,Prospecting,Naver,576720.64,54482,1421.0,41.45,4925070.06,2.608201,405.855485,2.91696,13913.646419,853.978457,2026-03-09T23:59:59Z
naver-SYNTH-001-2026-03-09-C10,synthetic-advertiser-001,naver,SYNTH-001,2026-03-09,C10,Seasonal,Naver,351353.58,46558,1662.0,107.59,3153516.68,3.569741,211.404078,6.473526,3265.671323,897.533676,2026-03-09T23:59:59Z
naver-SYNTH-001-2026-03-09-C11,synthetic-advertiser-001,naver,SYNTH-001,2026-03-09,C11,New Product Launch,Naver,442269.76,48223,1735.0,61.73,3621507.82,3.597868,254.910527,3.557925,7164.583898,818.845898,2026-03-09T23:59:59Z
naver-SYNTH-001-2026-03-09-C12,synthetic-advertiser-001,naver,SYNTH-001,2026-03-09,C12,Low Efficiency Legacy,Naver,284618.47,25223,638.0,12.8,728421.86,2.529437,446.110453,2.00627,22235.817901,255.929232,2026-03-09T23:59:59Z
naver-SYNTH-001-2026-03-10-C01,synthetic-advertiser-001,naver,SYNTH-001,2026-03-10,C01,Brand Search Core,Naver,592847.85,86021,7423.0,550.15,4559723.84,8.629288,79.86634,7.411424,1077.61128,769.122107,2026-03-10T23:59:59Z
naver-SYNTH-001-2026-03-10-C02,synthetic-advertiser-001,naver,SYNTH-001,2026-03-10,C02,Brand Search Expansion,Naver,424706.81,61536,3838.0,248.38,2907767.28,6.236999,110.658366,6.4716,1709.907433,684.652854,2026-03-10T23:59:59Z
naver-SYNTH-001-2026-03-10-C03,synthetic-advertiser-001,naver,SYNTH-001,2026-03-10,C03,Generic Search High Intent,Naver,577186.46,69900,3631.0,186.83,5834202.06,5.194564,158.960744,5.145414,3089.36714,1010.800224,2026-03-10T23:59:59Z
naver-SYNTH-001-2026-03-10-C04,synthetic-advertiser-001,naver,SYNTH-001,2026-03-10,C04,Generic Search Mid Intent,Naver,610544.45,71656,2627.0,144.5,3859822.6,3.666127,232.411288,5.500571,4225.221124,632.193542,2026-03-10T23:59:59Z
naver-SYNTH-001-2026-03-10-C05,synthetic-advertiser-001,naver,SYNTH-001,2026-03-10,C05,Shopping Best Seller,Naver,867979.21,116002,5229.0,367.06,8583996.6,4.507681,165.993347,7.019698,2364.679374,988.963386,2026-03-10T23:59:59Z
naver-SYNTH-001-2026-03-10-C06,synthetic-advertiser-001,naver,SYNTH-001,2026-03-10,C06,Shopping Long Tail,Naver,488874.04,52968,1879.0,77.04,3015181.67,3.547425,260.177774,4.100053,6345.716993,616.760441,2026-03-10T23:59:59Z
naver-SYNTH-001-2026-03-10-C07,synthetic-advertiser-001,naver,SYNTH-001,2026-03-10,C07,Retargeting,Naver,295935.07,52290,4988.0,540.84,2849261.01,9.539109,59.329404,10.842823,547.176735,962.79939,2026-03-10T23:59:59Z
naver-SYNTH-001-2026-03-10-C08,synthetic-advertiser-001,naver,SYNTH-001,2026-03-10,C08,Competitor,Naver,393276.31,41724,1258.0,38.82,2724787.51,3.015051,312.620277,3.085851,10130.76528,692.843035,2026-03-10T23:59:59Z
naver-SYNTH-001-2026-03-10-C09,synthetic-advertiser-001,naver,SYNTH-001,2026-03-10,C09,Prospecting,Naver,591430.64,57189,1598.0,42.75,4373672.62,2.794244,370.106782,2.675219,13834.634784,739.50728,2026-03-10T23:59:59Z
naver-SYNTH-001-2026-03-10-C10,synthetic-advertiser-001,naver,SYNTH-001,2026-03-10,C10,Seasonal,Naver,391190.3,52070,2039.0,98.07,2486550.54,3.915882,191.853997,4.809711,3988.888542,635.637066,2026-03-10T23:59:59Z
naver-SYNTH-001-2026-03-10-C11,synthetic-advertiser-001,naver,SYNTH-001,2026-03-10,C11,New Product Launch,Naver,496810.06,57050,1754.0,72.81,2704515.24,3.074496,283.244045,4.151083,6823.376671,544.376107,2026-03-10T23:59:59Z
naver-SYNTH-001-2026-03-10-C12,synthetic-advertiser-001,naver,SYNTH-001,2026-03-10,C12,Low Efficiency Legacy,Naver,285232.63,27663,575.0,12.46,651795.17,2.078589,496.056743,2.166957,22891.864131,228.513538,2026-03-10T23:59:59Z
naver-SYNTH-001-2026-03-11-C01,synthetic-advertiser-001,naver,SYNTH-001,2026-03-11,C01,Brand Search Core,Naver,555191.0,78874,5724.0,501.13,4931570.21,7.257144,96.993535,8.754892,1107.878188,888.265522,2026-03-11T23:59:59Z
naver-SYNTH-001-2026-03-11-C02,synthetic-advertiser-001,naver,SYNTH-001,2026-03-11,C02,Brand Search Expansion,Naver,332018.94,48057,3166.0,211.48,2349309.06,6.58801,104.870165,6.679722,1569.977977,707.582838,2026-03-11T23:59:59Z
naver-SYNTH-001-2026-03-11-C03,synthetic-advertiser-001,naver,SYNTH-001,2026-03-11,C03,Generic Search High Intent,Naver,682902.19,84838,3946.0,158.44,5465994.43,4.651218,173.061884,4.015205,4310.162798,800.406629,2026-03-11T23:59:59Z
naver-SYNTH-001-2026-03-11-C04,synthetic-advertiser-001,naver,SYNTH-001,2026-03-11,C04,Generic Search Mid Intent,Naver,554390.91,68902,2294.0,78.18,3334255.86,3.329366,241.66997,3.408021,7091.211464,601.426861,2026-03-11T23:59:59Z
naver-SYNTH-001-2026-03-11-C05,synthetic-advertiser-001,naver,SYNTH-001,2026-03-11,C05,Shopping Best Seller,Naver,835989.76,117920,6691.0,400.08,7664194.77,5.674186,124.942423,5.979375,2089.556477,916.780945,2026-03-11T23:59:59Z
naver-SYNTH-001-2026-03-11-C06,synthetic-advertiser-001,naver,SYNTH-001,2026-03-11,C06,Shopping Long Tail,Naver,490128.46,55024,2102.0,127.13,2823474.86,3.820151,233.172436,6.048049,3855.33282,576.068333,2026-03-11T23:59:59Z
naver-SYNTH-001-2026-03-11-C07,synthetic-advertiser-001,naver,SYNTH-001,2026-03-11,C07,Retargeting,Naver,281863.83,45912,4085.0,376.34,3176957.41,8.897456,68.999712,9.212729,748.960581,1127.12492,2026-03-11T23:59:59Z
naver-SYNTH-001-2026-03-11-C08,synthetic-advertiser-001,naver,SYNTH-001,2026-03-11,C08,Competitor,Naver,319795.48,34766,783.0,25.74,1522643.93,2.2522,408.42334,3.287356,12424.066635,476.130541,2026-03-11T23:59:59Z
naver-SYNTH-001-2026-03-11-C09,synthetic-advertiser-001,naver,SYNTH-001,2026-03-11,C09,Prospecting,Naver,761626.73,78100,2254.0,65.92,3831828.96,2.886044,337.900059,2.924579,11553.803607,503.111142,2026-03-11T23:59:59Z
naver-SYNTH-001-2026-03-11-C10,synthetic-advertiser-001,naver,SYNTH-001,2026-03-11,C10,Seasonal,Naver,326701.72,39804,1916.0,90.51,2925925.04,4.813587,170.512379,4.723904,3609.5649,895.595239,2026-03-11T23:59:59Z
naver-SYNTH-001-2026-03-11-C11,synthetic-advertiser-001,naver,SYNTH-001,2026-03-11,C11,New Product Launch,Naver,506471.84,56352,2024.0,82.81,2989112.07,3.591709,250.233123,4.091403,6116.071016,590.183269,2026-03-11T23:59:59Z
naver-SYNTH-001-2026-03-11-C12,synthetic-advertiser-001,naver,SYNTH-001,2026-03-11,C12,Low Efficiency Legacy,Naver,270823.62,22225,469.0,9.84,660397.17,2.110236,577.449088,2.098081,27522.725853,243.847699,2026-03-11T23:59:59Z
naver-SYNTH-001-2026-03-12-C01,synthetic-advertiser-001,naver,SYNTH-001,2026-03-12,C01,Brand Search Core,Naver,450513.53,72599,5939.0,411.03,4312623.66,8.180553,75.856799,6.920862,1096.059964,957.268406,2026-03-12T23:59:59Z
naver-SYNTH-001-2026-03-12-C02,synthetic-advertiser-001,naver,SYNTH-001,2026-03-12,C02,Brand Search Expansion,Naver,353428.56,50066,3039.0,224.73,2279738.58,6.069988,116.29765,7.394867,1572.680805,645.035195,2026-03-12T23:59:59Z
naver-SYNTH-001-2026-03-12-C03,synthetic-advertiser-001,naver,SYNTH-001,2026-03-12,C03,Generic Search High Intent,Naver,660567.91,83594,3098.0,165.3,6466815.41,3.706008,213.223987,5.3357,3996.176118,978.978132,2026-03-12T23:59:59Z
naver-SYNTH-001-2026-03-12-C04,synthetic-advertiser-001,naver,SYNTH-001,2026-03-12,C04,Generic Search Mid Intent,Naver,590618.81,62806,2509.0,114.06,3560218.28,3.994841,235.400083,4.546034,5178.14141,602.794599,2026-03-12T23:59:59Z
naver-SYNTH-001-2026-03-12-C05,synthetic-advertiser-001,naver,SYNTH-001,2026-03-12,C05,Shopping Best Seller,Naver,740285.51,95929,5097.0,307.07,6887124.56,5.313305,145.239457,6.024524,2410.803767,930.33356,2026-03-12T23:59:59Z
naver-SYNTH-001-2026-03-12-C06,synthetic-advertiser-001,naver,SYNTH-001,2026-03-12,C06,Shopping Long Tail,Naver,482114.2,53716,2181.0,88.0,3515481.58,4.060243,221.051902,4.034846,5478.570447,729.180261,2026-03-12T23:59:59Z
naver-SYNTH-001-2026-03-12-C07,synthetic-advertiser-001,naver,SYNTH-001,2026-03-12,C07,Retargeting,Naver,254459.89,49231,4221.0,439.91,2982970.78,8.573866,60.284267,10.421938,578.436254,1172.275424,2026-03-12T23:59:59Z
naver-SYNTH-001-2026-03-12-C08,synthetic-advertiser-001,naver,SYNTH-001,2026-03-12,C08,Competitor,Naver,345540.37,34926,1144.0,39.64,2029260.24,3.275497,302.045779,3.465035,8716.961931,587.271535,2026-03-12T23:59:59Z
naver-SYNTH-001-2026-03-12-C09,synthetic-advertiser-001,naver,SYNTH-001,2026-03-12,C09,Prospecting,Naver,563489.38,59353,1509.0,43.48,3148763.32,2.542416,373.419072,2.881378,12959.737351,558.797279,2026-03-12T23:59:59Z
naver-SYNTH-001-2026-03-12-C10,synthetic-advertiser-001,naver,SYNTH-001,2026-03-12,C10,Seasonal,Naver,348643.73,42718,1851.0,103.83,1849812.75,4.333068,188.354256,5.6094,3357.832303,530.573936,2026-03-12T23:59:59Z
naver-SYNTH-001-2026-03-12-C11,synthetic-advertiser-001,naver,SYNTH-001,2026-03-12,C11,New Product Launch,Naver,477648.58,59324,2164.0,95.57,3028826.9,3.647765,220.724854,4.416359,4997.892468,634.111983,2026-03-12T23:59:59Z
naver-SYNTH-001-2026-03-12-C12,synthetic-advertiser-001,naver,SYNTH-001,2026-03-12,C12,Low Efficiency Legacy,Naver,265149.44,23262,478.0,8.85,569863.76,2.054853,554.705937,1.851464,29960.388443,214.921731,2026-03-12T23:59:59Z
naver-SYNTH-001-2026-03-13-C01,synthetic-advertiser-001,naver,SYNTH-001,2026-03-13,C01,Brand Search Core,Naver,506965.96,75399,5541.0,511.19,5048994.09,7.348904,91.493585,9.225591,991.73684,995.923699,2026-03-13T23:59:59Z
naver-SYNTH-001-2026-03-13-C02,synthetic-advertiser-001,naver,SYNTH-001,2026-03-13,C02,Brand Search Expansion,Naver,368219.93,52960,3428.0,236.46,2443244.46,6.47281,107.415381,6.8979,1557.218672,663.528582,2026-03-13T23:59:59Z
naver-SYNTH-001-2026-03-13-C03,synthetic-advertiser-001,naver,SYNTH-001,2026-03-13,C03,Generic Search High Intent,Naver,814582.4,110759,6303.0,308.48,6245268.78,5.690734,129.237252,4.894177,2640.632781,766.68349,2026-03-13T23:59:59Z
naver-SYNTH-001-2026-03-13-C04,synthetic-advertiser-001,naver,SYNTH-001,2026-03-13,C04,Generic Search Mid Intent,Naver,608213.04,74463,2775.0,119.93,4186982.78,3.726683,219.175872,4.321802,5071.400356,688.407264,2026-03-13T23:59:59Z
naver-SYNTH-001-2026-03-13-C05,synthetic-advertiser-001,naver,SYNTH-001,2026-03-13,C05,Shopping Best Seller,Naver,867927.01,127513,6176.0,289.17,6521290.92,4.843428,140.532224,4.682157,3001.442107,751.363976,2026-03-13T23:59:59Z
naver-SYNTH-001-2026-03-13-C06,synthetic-advertiser-001,naver,SYNTH-001,2026-03-13,C06,Shopping Long Tail,Naver,434560.58,50696,1853.0,113.28,2678910.54,3.655121,234.517314,6.11333,3836.163335,616.464227,2026-03-13T23:59:59Z
naver-SYNTH-001-2026-03-13-C07,synthetic-advertiser-001,naver,SYNTH-001,2026-03-13,C07,Retargeting,Naver,273224.88,43627,4283.0,404.11,3065502.6,9.817315,63.792875,9.435209,676.115128,1121.970499,2026-03-13T23:59:59Z
naver-SYNTH-001-2026-03-13-C08,synthetic-advertiser-001,naver,SYNTH-001,2026-03-13,C08,Competitor,Naver,373965.59,36608,1190.0,38.66,2256188.32,3.250656,314.256797,3.248739,9673.191616,603.31442,2026-03-13T23:59:59Z
naver-SYNTH-001-2026-03-13-C09,synthetic-advertiser-001,naver,SYNTH-001,2026-03-13,C09,Prospecting,Naver,592662.33,62801,1517.0,40.47,2850993.93,2.415567,390.680506,2.667765,14644.485487,481.048617,2026-03-13T23:59:59Z
naver-SYNTH-001-2026-03-13-C10,synthetic-advertiser-001,naver,SYNTH-001,2026-03-13,C10,Seasonal,Naver,341673.68,41785,1848.0,62.74,2255115.21,4.42264,184.888356,3.395022,5445.866786,660.020167,2026-03-13T23:59:59Z
naver-SYNTH-001-2026-03-13-C11,synthetic-advertiser-001,naver,SYNTH-001,2026-03-13,C11,New Product Launch,Naver,485371.21,61898,2012.0,82.93,2964202.52,3.250509,241.238176,4.121769,5852.781978,610.708352,2026-03-13T23:59:59Z
naver-SYNTH-001-2026-03-13-C12,synthetic-advertiser-001,naver,SYNTH-001,2026-03-13,C12,Low Efficiency Legacy,Naver,317466.95,29096,659.0,14.37,684294.82,2.264916,481.740433,2.180577,22092.341345,215.548367,2026-03-13T23:59:59Z
naver-SYNTH-001-2026-03-14-C01,synthetic-advertiser-001,naver,SYNTH-001,2026-03-14,C01,Brand Search Core,Naver,454377.67,71992,5148.0,423.4,4833762.82,7.150795,88.26295,8.224553,1073.164067,1063.820513,2026-03-14T23:59:59Z
naver-SYNTH-001-2026-03-14-C02,synthetic-advertiser-001,naver,SYNTH-001,2026-03-14,C02,Brand Search Expansion,Naver,319299.18,43580,2597.0,186.16,2358788.2,5.959156,122.949241,7.168271,1715.186819,738.739201,2026-03-14T23:59:59Z
naver-SYNTH-001-2026-03-14-C03,synthetic-advertiser-001,naver,SYNTH-001,2026-03-14,C03,Generic Search High Intent,Naver,533088.83,62633,2913.0,162.32,5745612.03,4.650903,183.003374,5.572262,3284.184507,1077.796366,2026-03-14T23:59:59Z
naver-SYNTH-001-2026-03-14-C04,synthetic-advertiser-001,naver,SYNTH-001,2026-03-14,C04,Generic Search Mid Intent,Naver,542537.1,63131,2790.0,113.26,3693386.04,4.419382,194.457741,4.059498,4790.191574,680.761935,2026-03-14T23:59:59Z
naver-SYNTH-001-2026-03-14-C05,synthetic-advertiser-001,naver,SYNTH-001,2026-03-14,C05,Shopping Best Seller,Naver,780988.73,96078,5539.0,319.45,6655843.25,5.765108,140.998146,5.767287,2444.791769,852.232944,2026-03-14T23:59:59Z
naver-SYNTH-001-2026-03-14-C06,synthetic-advertiser-001,naver,SYNTH-001,2026-03-14,C06,Shopping Long Tail,Naver,424456.23,44642,1955.0,90.58,3205268.24,4.379284,217.113163,4.633248,4685.981823,755.146935,2026-03-14T23:59:59Z
naver-SYNTH-001-2026-03-14-C07,synthetic-advertiser-001,naver,SYNTH-001,2026-03-14,C07,Retargeting,Naver,295099.5,48935,4084.0,430.81,3386980.24,8.345765,72.257468,10.548727,684.987582,1147.741774,2026-03-14T23:59:59Z
naver-SYNTH-001-2026-03-14-C08,synthetic-advertiser-001,naver,SYNTH-001,2026-03-14,C08,Competitor,Naver,327075.56,36256,1163.0,37.37,1644441.81,3.207745,281.234356,3.213242,8752.356318,502.771233,2026-03-14T23:59:59Z
naver-SYNTH-001-2026-03-14-C09,synthetic-advertiser-001,naver,SYNTH-001,2026-03-14,C09,Prospecting,Naver,588381.16,55950,1663.0,53.29,3829062.85,2.972297,353.807073,3.20445,11041.117696,650.779308,2026-03-14T23:59:59Z
naver-SYNTH-001-2026-03-14-C10,synthetic-advertiser-001,naver,SYNTH-001,2026-03-14,C10,Seasonal,Naver,375371.32,46900,2115.0,92.66,2778745.01,4.509595,177.480531,4.381087,4051.061127,740.265661,2026-03-14T23:59:59Z
naver-SYNTH-001-2026-03-14-C11,synthetic-advertiser-001,naver,SYNTH-001,2026-03-14,C11,New Product Launch,Naver,478310.83,53906,1765.0,75.94,3023791.49,3.274218,270.997636,4.30255,6298.53605,632.181276,2026-03-14T23:59:59Z
naver-SYNTH-001-2026-03-14-C12,synthetic-advertiser-001,naver,SYNTH-001,2026-03-14,C12,Low Efficiency Legacy,Naver,246849.62,21270,446.0,8.87,507080.87,2.09685,553.474483,1.988789,27829.720356,205.420964,2026-03-14T23:59:59Z
naver-SYNTH-001-2026-03-15-C01,synthetic-advertiser-001,naver,SYNTH-001,2026-03-15,C01,Brand Search Core,Naver,529361.59,79901,5822.0,358.3,4582787.06,7.286517,90.924354,6.154243,1477.425588,865.719607,2026-03-15T23:59:59Z
naver-SYNTH-001-2026-03-15-C02,synthetic-advertiser-001,naver,SYNTH-001,2026-03-15,C02,Brand Search Expansion,Naver,301797.57,41972,2718.0,183.66,2265197.9,6.475746,111.036635,6.757174,1643.240624,750.568626,2026-03-15T23:59:59Z
naver-SYNTH-001-2026-03-15-C03,synthetic-advertiser-001,naver,SYNTH-001,2026-03-15,C03,Generic Search High Intent,Naver,548027.4,70534,3127.0,140.89,5011285.99,4.433323,175.256603,4.505596,3889.753698,914.422528,2026-03-15T23:59:59Z
naver-SYNTH-001-2026-03-15-C04,synthetic-advertiser-001,naver,SYNTH-001,2026-03-15,C04,Generic Search Mid Intent,Naver,501398.58,49969,1726.0,77.83,3010458.72,3.454142,290.49744,4.50927,6442.227691,600.412293,2026-03-15T23:59:59Z
naver-SYNTH-001-2026-03-15-C05,synthetic-advertiser-001,naver,SYNTH-001,2026-03-15,C05,Shopping Best Seller,Naver,671396.27,90344,4029.0,256.38,7329850.09,4.459621,166.640922,6.363366,2618.75448,1091.732317,2026-03-15T23:59:59Z
naver-SYNTH-001-2026-03-15-C06,synthetic-advertiser-001,naver,SYNTH-001,2026-03-15,C06,Shopping Long Tail,Naver,443133.74,46683,1829.0,91.17,3007444.9,3.917914,242.281981,4.984691,4860.521489,678.67657,2026-03-15T23:59:59Z
naver-SYNTH-001-2026-03-15-C07,synthetic-advertiser-001,naver,SYNTH-001,2026-03-15,C07,Retargeting,Naver,249078.67,41501,3594.0,397.46,3013553.03,8.660032,69.304026,11.058987,626.676067,1209.880008,2026-03-15T23:59:59Z
naver-SYNTH-001-2026-03-15-C08,synthetic-advertiser-001,naver,SYNTH-001,2026-03-15,C08,Competitor,Naver,325043.19,33154,1014.0,40.37,2176843.52,3.058454,320.555418,3.981262,8051.602531,669.709,2026-03-15T23:59:59Z
naver-SYNTH-001-2026-03-15-C09,synthetic-advertiser-001,naver,SYNTH-001,2026-03-15,C09,Prospecting,Naver,550421.69,58732,1718.0,52.42,4038447.05,2.925152,320.385152,3.051222,10500.223044,733.700562,2026-03-15T23:59:59Z
naver-SYNTH-001-2026-03-15-C10,synthetic-advertiser-001,naver,SYNTH-001,2026-03-15,C10,Seasonal,Naver,366077.74,49259,1928.0,67.11,2312370.7,3.914006,189.874346,3.480809,5454.891066,631.661105,2026-03-15T23:59:59Z
naver-SYNTH-001-2026-03-15-C11,synthetic-advertiser-001,naver,SYNTH-001,2026-03-15,C11,New Product Launch,Naver,443059.13,57647,1649.0,63.91,2781200.47,2.860513,268.683522,3.875682,6932.54776,627.726708,2026-03-15T23:59:59Z
naver-SYNTH-001-2026-03-15-C12,synthetic-advertiser-001,naver,SYNTH-001,2026-03-15,C12,Low Efficiency Legacy,Naver,258806.45,21334,376.0,7.07,521630.05,1.762445,688.315014,1.880319,36606.286485,201.552186,2026-03-15T23:59:59Z
naver-SYNTH-001-2026-03-16-C01,synthetic-advertiser-001,naver,SYNTH-001,2026-03-16,C01,Brand Search Core,Naver,543458.73,84439,6287.0,545.42,4381974.42,7.445612,86.441662,8.675362,996.404111,806.312269,2026-03-16T23:59:59Z
naver-SYNTH-001-2026-03-16-C02,synthetic-advertiser-001,naver,SYNTH-001,2026-03-16,C02,Brand Search Expansion,Naver,371558.57,53914,2914.0,175.17,2367226.27,5.404904,127.508088,6.011325,2121.13129,637.107168,2026-03-16T23:59:59Z
naver-SYNTH-001-2026-03-16-C03,synthetic-advertiser-001,naver,SYNTH-001,2026-03-16,C03,Generic Search High Intent,Naver,733003.73,90575,4149.0,249.42,5029291.44,4.580734,176.669977,6.011569,2938.833031,686.120849,2026-03-16T23:59:59Z
naver-SYNTH-001-2026-03-16-C04,synthetic-advertiser-001,naver,SYNTH-001,2026-03-16,C04,Generic Search Mid Intent,Naver,622762.66,70156,2141.0,91.93,4269650.02,3.05177,290.874664,4.293788,6774.313673,685.598274,2026-03-16T23:59:59Z
naver-SYNTH-001-2026-03-16-C05,synthetic-advertiser-001,naver,SYNTH-001,2026-03-16,C05,Shopping Best Seller,Naver,832383.87,127934,6532.0,378.92,7569190.94,5.105758,127.431701,5.80098,2196.727204,909.338971,2026-03-16T23:59:59Z
naver-SYNTH-001-2026-03-16-C06,synthetic-advertiser-001,naver,SYNTH-001,2026-03-16,C06,Shopping Long Tail,Naver,403444.27,48167,2028.0,77.8,2458733.66,4.210351,198.937015,3.836292,5185.658954,609.435767,2026-03-16T23:59:59Z
naver-SYNTH-001-2026-03-16-C07,synthetic-advertiser-001,naver,SYNTH-001,2026-03-16,C07,Retargeting,Naver,304524.68,48779,3994.0,402.22,3222936.7,8.18795,76.245538,10.070606,757.109742,1058.349916,2026-03-16T23:59:59Z
naver-SYNTH-001-2026-03-16-C08,synthetic-advertiser-001,naver,SYNTH-001,2026-03-16,C08,Competitor,Naver,387094.35,41910,1188.0,45.2,1471473.03,2.834646,325.836992,3.804714,8564.034214,380.132916,2026-03-16T23:59:59Z
naver-SYNTH-001-2026-03-16-C09,synthetic-advertiser-001,naver,SYNTH-001,2026-03-16,C09,Prospecting,Naver,536636.73,51251,1758.0,51.38,3371558.57,3.430177,305.254112,2.922639,10444.467295,628.275775,2026-03-16T23:59:59Z
naver-SYNTH-001-2026-03-16-C10,synthetic-advertiser-001,naver,SYNTH-001,2026-03-16,C10,Seasonal,Naver,322532.32,46127,1712.0,65.08,2062952.63,3.711492,188.395048,3.801402,4955.936102,639.611131,2026-03-16T23:59:59Z
naver-SYNTH-001-2026-03-16-C11,synthetic-advertiser-001,naver,SYNTH-001,2026-03-16,C11,New Product Launch,Naver,479097.01,62002,2411.0,119.42,3037888.44,3.888584,198.712987,4.953131,4011.865774,634.086285,2026-03-16T23:59:59Z
naver-SYNTH-001-2026-03-16-C12,synthetic-advertiser-001,naver,SYNTH-001,2026-03-16,C12,Low Efficiency Legacy,Naver,269100.85,23639,601.0,11.05,567790.64,2.542409,447.755164,1.838602,24353.018395,210.99548,2026-03-16T23:59:59Z
naver-SYNTH-001-2026-03-17-C01,synthetic-advertiser-001,naver,SYNTH-001,2026-03-17,C01,Brand Search Core,Naver,476446.77,79623,5468.0,441.0,4692014.79,6.867362,87.133645,8.065106,1080.378167,984.79307,2026-03-17T23:59:59Z
naver-SYNTH-001-2026-03-17-C02,synthetic-advertiser-001,naver,SYNTH-001,2026-03-17,C02,Brand Search Expansion,Naver,385191.4,57687,3565.0,220.84,2669190.28,6.179902,108.04808,6.19467,1744.210309,692.951671,2026-03-17T23:59:59Z
naver-SYNTH-001-2026-03-17-C03,synthetic-advertiser-001,naver,SYNTH-001,2026-03-17,C03,Generic Search High Intent,Naver,680147.47,84849,4031.0,170.18,5100978.99,4.750793,168.729216,4.221781,3996.63574,749.981322,2026-03-17T23:59:59Z
naver-SYNTH-001-2026-03-17-C04,synthetic-advertiser-001,naver,SYNTH-001,2026-03-17,C04,Generic Search Mid Intent,Naver,570141.25,65299,2519.0,103.03,3808097.28,3.857639,226.336345,4.090115,5533.740211,667.921721,2026-03-17T23:59:59Z
naver-SYNTH-001-2026-03-17-C05,synthetic-advertiser-001,naver,SYNTH-001,2026-03-17,C05,Shopping Best Seller,Naver,831155.14,127887,5872.0,368.33,7310575.22,4.591553,141.545494,6.27265,2256.550215,879.568069,2026-03-17T23:59:59Z
naver-SYNTH-001-2026-03-17-C06,synthetic-advertiser-001,naver,SYNTH-001,2026-03-17,C06,Shopping Long Tail,Naver,466923.08,54170,2010.0,82.04,3080551.14,3.710541,232.300039,4.081592,5691.407589,659.755596,2026-03-17T23:59:59Z
naver-SYNTH-001-2026-03-17-C07,synthetic-advertiser-001,naver,SYNTH-001,2026-03-17,C07,Retargeting,Naver,323521.71,52403,4787.0,539.97,3396524.9,9.134973,67.583395,11.279925,599.147567,1049.859954,2026-03-17T23:59:59Z
naver-SYNTH-001-2026-03-17-C08,synthetic-advertiser-001,naver,SYNTH-001,2026-03-17,C08,Competitor,Naver,339318.75,33055,1097.0,41.28,1998646.11,3.318711,309.315178,3.76299,8219.930968,589.017291,2026-03-17T23:59:59Z
naver-SYNTH-001-2026-03-17-C09,synthetic-advertiser-001,naver,SYNTH-001,2026-03-17,C09,Prospecting,Naver,616627.39,61065,1674.0,36.96,4339287.06,2.741341,368.355671,2.207885,16683.641606,703.712988,2026-03-17T23:59:59Z
naver-SYNTH-001-2026-03-17-C10,synthetic-advertiser-001,naver,SYNTH-001,2026-03-17,C10,Seasonal,Naver,339718.47,44162,2186.0,103.18,2389465.79,4.949957,155.406436,4.720037,3292.483704,703.366466,2026-03-17T23:59:59Z
naver-SYNTH-001-2026-03-17-C11,synthetic-advertiser-001,naver,SYNTH-001,2026-03-17,C11,New Product Launch,Naver,440019.66,49640,1494.0,50.59,3354907.76,3.00967,294.524537,3.386212,8697.759609,762.44497,2026-03-17T23:59:59Z
naver-SYNTH-001-2026-03-17-C12,synthetic-advertiser-001,naver,SYNTH-001,2026-03-17,C12,Low Efficiency Legacy,Naver,307981.03,26748,629.0,13.42,657242.85,2.351578,489.635971,2.133545,22949.405791,213.403684,2026-03-17T23:59:59Z
naver-SYNTH-001-2026-03-18-C01,synthetic-advertiser-001,naver,SYNTH-001,2026-03-18,C01,Brand Search Core,Naver,527238.14,86896,6763.0,481.31,4495203.88,7.782867,77.95921,7.116812,1095.4232,852.594594,2026-03-18T23:59:59Z
naver-SYNTH-001-2026-03-18-C02,synthetic-advertiser-001,naver,SYNTH-001,2026-03-18,C02,Brand Search Expansion,Naver,389067.29,53024,3415.0,214.12,2612307.65,6.44048,113.928928,6.269985,1817.052542,671.428237,2026-03-18T23:59:59Z
naver-SYNTH-001-2026-03-18-C03,synthetic-advertiser-001,naver,SYNTH-001,2026-03-18,C03,Generic Search High Intent,Naver,713255.83,85452,3872.0,254.72,5846162.83,4.531199,184.208634,6.578512,2800.156367,819.644592,2026-03-18T23:59:59Z
naver-SYNTH-001-2026-03-18-C04,synthetic-advertiser-001,naver,SYNTH-001,2026-03-18,C04,Generic Search Mid Intent,Naver,588010.17,69903,3114.0,126.89,3373218.05,4.454744,188.827928,4.074823,4634.015037,573.666618,2026-03-18T23:59:59Z
naver-SYNTH-001-2026-03-18-C05,synthetic-advertiser-001,naver,SYNTH-001,2026-03-18,C05,Shopping Best Seller,Naver,816566.62,112109,5705.0,274.84,7048784.62,5.088798,143.131748,4.817528,2971.061787,863.222233,2026-03-18T23:59:59Z
naver-SYNTH-001-2026-03-18-C06,synthetic-advertiser-001,naver,SYNTH-001,2026-03-18,C06,Shopping Long Tail,Naver,405160.58,42479,1661.0,65.5,2536855.58,3.910167,243.925696,3.943408,6185.657728,626.135834,2026-03-18T23:59:59Z
naver-SYNTH-001-2026-03-18-C07,synthetic-advertiser-001,naver,SYNTH-001,2026-03-18,C07,Retargeting,Naver,344386.23,53653,4104.0,370.29,3423147.86,7.649153,83.914775,9.022661,930.044654,993.985099,2026-03-18T23:59:59Z
naver-SYNTH-001-2026-03-18-C08,synthetic-advertiser-001,naver,SYNTH-001,2026-03-18,C08,Competitor,Naver,343492.03,36709,1250.0,49.78,1637690.44,3.405159,274.793624,3.9824,6900.201494,476.776838,2026-03-18T23:59:59Z
naver-SYNTH-001-2026-03-18-C09,synthetic-advertiser-001,naver,SYNTH-001,2026-03-18,C09,Prospecting,Naver,538556.51,57381,1700.0,47.26,4159398.49,2.962653,316.797945,2.78,11395.609526,772.323506,2026-03-18T23:59:59Z
naver-SYNTH-001-2026-03-18-C10,synthetic-advertiser-001,naver,SYNTH-001,2026-03-18,C10,Seasonal,Naver,313174.11,39434,1974.0,106.47,2444922.95,5.005833,158.649498,5.393617,2941.43053,780.691279,2026-03-18T23:59:59Z
naver-SYNTH-001-2026-03-18-C11,synthetic-advertiser-001,naver,SYNTH-001,2026-03-18,C11,New Product Launch,Naver,444393.6,51396,1818.0,75.76,3071466.87,3.53724,244.440922,4.167217,5865.807767,691.159119,2026-03-18T23:59:59Z
naver-SYNTH-001-2026-03-18-C12,synthetic-advertiser-001,naver,SYNTH-001,2026-03-18,C12,Low Efficiency Legacy,Naver,298159.8,25201,599.0,12.44,601317.3,2.37689,497.762612,2.076795,23967.829936,201.676177,2026-03-18T23:59:59Z
naver-SYNTH-001-2026-03-19-C01,synthetic-advertiser-001,naver,SYNTH-001,2026-03-19,C01,Brand Search Core,Naver,512193.61,73356,5692.0,422.12,4966323.34,7.75942,89.984822,7.416022,1213.383885,969.61838,2026-03-19T23:59:59Z
naver-SYNTH-001-2026-03-19-C02,synthetic-advertiser-001,naver,SYNTH-001,2026-03-19,C02,Brand Search Expansion,Naver,349256.56,47636,2929.0,192.49,2742199.08,6.148711,119.240889,6.571868,1814.414063,785.153199,2026-03-19T23:59:59Z
naver-SYNTH-001-2026-03-19-C03,synthetic-advertiser-001,naver,SYNTH-001,2026-03-19,C03,Generic Search High Intent,Naver,704140.51,82957,3976.0,200.75,5516096.66,4.792844,177.097715,5.049044,3507.549256,783.3801,2026-03-19T23:59:59Z
naver-SYNTH-001-2026-03-19-C04,synthetic-advertiser-001,naver,SYNTH-001,2026-03-19,C04,Generic Search Mid Intent,Naver,542865.79,66027,2806.0,119.35,3600370.04,4.249777,193.46607,4.253386,4548.519421,663.215493,2026-03-19T23:59:59Z
naver-SYNTH-001-2026-03-19-C05,synthetic-advertiser-001,naver,SYNTH-001,2026-03-19,C05,Shopping Best Seller,Naver,886315.28,116502,6543.0,471.22,6823719.68,5.616213,135.460076,7.201895,1880.894865,769.897557,2026-03-19T23:59:59Z
naver-SYNTH-001-2026-03-19-C06,synthetic-advertiser-001,naver,SYNTH-001,2026-03-19,C06,Shopping Long Tail,Naver,446573.53,45996,1655.0,78.23,2590246.08,3.598139,269.832952,4.726888,5708.469062,580.026776,2026-03-19T23:59:59Z
naver-SYNTH-001-2026-03-19-C07,synthetic-advertiser-001,naver,SYNTH-001,2026-03-19,C07,Retargeting,Naver,341669.48,65307,5511.0,551.09,3187255.9,8.438605,61.997729,9.999819,619.988537,932.847696,2026-03-19T23:59:59Z
naver-SYNTH-001-2026-03-19-C08,synthetic-advertiser-001,naver,SYNTH-001,2026-03-19,C08,Competitor,Naver,371923.62,38556,1024.0,41.25,2485224.43,2.655877,363.206661,4.02832,9016.330204,668.20828,2026-03-19T23:59:59Z
naver-SYNTH-001-2026-03-19-C09,synthetic-advertiser-001,naver,SYNTH-001,2026-03-19,C09,Prospecting,Naver,547265.77,56718,1297.0,40.77,3694081.41,2.286752,421.947393,3.143408,13423.246703,675.006848,2026-03-19T23:59:59Z
naver-SYNTH-001-2026-03-19-C10,synthetic-advertiser-001,naver,SYNTH-001,2026-03-19,C10,Seasonal,Naver,393874.95,49176,2559.0,135.29,2149631.45,5.203758,153.917526,5.286831,2911.338221,545.76496,2026-03-19T23:59:59Z
naver-SYNTH-001-2026-03-19-C11,synthetic-advertiser-001,naver,SYNTH-001,2026-03-19,C11,New Product Launch,Naver,550282.73,60641,2472.0,81.76,3250611.04,4.07645,222.606283,3.307443,6730.463925,590.716527,2026-03-19T23:59:59Z
naver-SYNTH-001-2026-03-19-C12,synthetic-advertiser-001,naver,SYNTH-001,2026-03-19,C12,Low Efficiency Legacy,Naver,302354.56,25542,595.0,12.78,684371.77,2.329497,508.158929,2.147899,23658.416485,226.347427,2026-03-19T23:59:59Z
naver-SYNTH-001-2026-03-20-C01,synthetic-advertiser-001,naver,SYNTH-001,2026-03-20,C01,Brand Search Core,Naver,537608.95,80395,6871.0,542.63,4977566.42,8.546551,78.243189,7.897395,990.746824,925.871198,2026-03-20T23:59:59Z
naver-SYNTH-001-2026-03-20-C02,synthetic-advertiser-001,naver,SYNTH-001,2026-03-20,C02,Brand Search Expansion,Naver,392656.79,54746,3415.0,251.94,2809940.95,6.237899,114.980026,7.377452,1558.532944,715.622655,2026-03-20T23:59:59Z
naver-SYNTH-001-2026-03-20-C03,synthetic-advertiser-001,naver,SYNTH-001,2026-03-20,C03,Generic Search High Intent,Naver,727693.4,90556,5491.0,328.19,5863300.38,6.063651,132.524749,5.976871,2217.293021,805.737747,2026-03-20T23:59:59Z
naver-SYNTH-001-2026-03-20-C04,synthetic-advertiser-001,naver,SYNTH-001,2026-03-20,C04,Generic Search Mid Intent,Naver,562797.82,61548,2615.0,116.09,4060833.51,4.248716,215.21905,4.439388,4847.943967,721.543936,2026-03-20T23:59:59Z
naver-SYNTH-001-2026-03-20-C05,synthetic-advertiser-001,naver,SYNTH-001,2026-03-20,C05,Shopping Best Seller,Naver,854568.77,115727,5306.0,280.96,7094126.69,4.584928,161.057062,5.295138,3041.602965,830.141113,2026-03-20T23:59:59Z
naver-SYNTH-001-2026-03-20-C06,synthetic-advertiser-001,naver,SYNTH-001,2026-03-20,C06,Shopping Long Tail,Naver,446296.31,52913,2173.0,91.26,2260999.1,4.106741,205.382565,4.199724,4890.382584,506.613885,2026-03-20T23:59:59Z
naver-SYNTH-001-2026-03-20-C07,synthetic-advertiser-001,naver,SYNTH-001,2026-03-20,C07,Retargeting,Naver,329626.81,56944,5294.0,576.72,3577155.12,9.296853,62.264226,10.893842,571.554332,1085.213631,2026-03-20T23:59:59Z
naver-SYNTH-001-2026-03-20-C08,synthetic-advertiser-001,naver,SYNTH-001,2026-03-20,C08,Competitor,Naver,319696.21,31744,841.0,33.51,2170616.83,2.64932,380.138181,3.984542,9540.322602,678.962326,2026-03-20T23:59:59Z
naver-SYNTH-001-2026-03-20-C09,synthetic-advertiser-001,naver,SYNTH-001,2026-03-20,C09,Prospecting,Naver,629327.42,62555,1371.0,33.08,4433357.87,2.191671,459.028023,2.412837,19024.408097,704.45967,2026-03-20T23:59:59Z
naver-SYNTH-001-2026-03-20-C10,synthetic-advertiser-001,naver,SYNTH-001,2026-03-20,C10,Seasonal,Naver,404951.38,49839,2328.0,141.15,3467867.07,4.671041,173.948187,6.063144,2868.94353,856.366283,2026-03-20T23:59:59Z
naver-SYNTH-001-2026-03-20-C11,synthetic-advertiser-001,naver,SYNTH-001,2026-03-20,C11,New Product Launch,Naver,494454.07,57724,1722.0,74.56,3712391.99,2.983161,287.139413,4.329849,6631.626468,750.806236,2026-03-20T23:59:59Z
naver-SYNTH-001-2026-03-20-C12,synthetic-advertiser-001,naver,SYNTH-001,2026-03-20,C12,Low Efficiency Legacy,Naver,281982.36,24055,577.0,11.91,635151.82,2.39867,488.704262,2.064125,23676.100682,225.245231,2026-03-20T23:59:59Z
naver-SYNTH-001-2026-03-21-C01,synthetic-advertiser-001,naver,SYNTH-001,2026-03-21,C01,Brand Search Core,Naver,513615.76,75753,5848.0,504.31,4786876.5,7.719826,87.827592,8.623632,1018.452453,931.995648,2026-03-21T23:59:59Z
naver-SYNTH-001-2026-03-21-C02,synthetic-advertiser-001,naver,SYNTH-001,2026-03-21,C02,Brand Search Expansion,Naver,378760.18,54050,2858.0,214.02,2667848.76,5.287697,132.526303,7.488453,1769.741965,704.363588,2026-03-21T23:59:59Z
naver-SYNTH-001-2026-03-21-C03,synthetic-advertiser-001,naver,SYNTH-001,2026-03-21,C03,Generic Search High Intent,Naver,575897.59,75497,3367.0,196.02,4702167.33,4.45978,171.041754,5.8218,2937.953197,816.493669,2026-03-21T23:59:59Z
naver-SYNTH-001-2026-03-21-C04,synthetic-advertiser-001,naver,SYNTH-001,2026-03-21,C04,Generic Search Mid Intent,Naver,585455.61,79002,3052.0,149.15,4003080.09,3.863193,191.826872,4.886959,3925.280683,683.754669,2026-03-21T23:59:59Z
naver-SYNTH-001-2026-03-21-C05,synthetic-advertiser-001,naver,SYNTH-001,2026-03-21,C05,Shopping Best Seller,Naver,774331.66,102705,5391.0,358.41,6130054.31,5.249014,143.634141,6.648303,2160.463315,791.657459,2026-03-21T23:59:59Z
naver-SYNTH-001-2026-03-21-C06,synthetic-advertiser-001,naver,SYNTH-001,2026-03-21,C06,Shopping Long Tail,Naver,420468.01,48459,1763.0,98.59,2755873.57,3.638127,238.495752,5.592172,4264.813979,655.430022,2026-03-21T23:59:59Z
naver-SYNTH-001-2026-03-21-C07,synthetic-advertiser-001,naver,SYNTH-001,2026-03-21,C07,Retargeting,Naver,288299.14,41639,3584.0,376.77,3052172.83,8.607315,80.440607,10.512556,765.186016,1058.682618,2026-03-21T23:59:59Z
naver-SYNTH-001-2026-03-21-C08,synthetic-advertiser-001,naver,SYNTH-001,2026-03-21,C08,Competitor,Naver,356187.03,39719,1197.0,49.54,1901451.68,3.013671,297.566439,4.13868,7189.887512,533.835187,2026-03-21T23:59:59Z
naver-SYNTH-001-2026-03-21-C09,synthetic-advertiser-001,naver,SYNTH-001,2026-03-21,C09,Prospecting,Naver,564309.56,53925,1603.0,48.8,3331083.83,2.972647,352.033413,3.044292,11563.720502,590.293708,2026-03-21T23:59:59Z
naver-SYNTH-001-2026-03-21-C10,synthetic-advertiser-001,naver,SYNTH-001,2026-03-21,C10,Seasonal,Naver,300358.5,36430,1487.0,63.71,2114428.26,4.081801,201.989573,4.284465,4714.463903,703.96819,2026-03-21T23:59:59Z
naver-SYNTH-001-2026-03-21-C11,synthetic-advertiser-001,naver,SYNTH-001,2026-03-21,C11,New Product Launch,Naver,529829.81,62641,2294.0,120.5,3634514.3,3.662138,230.963298,5.252833,4396.927854,685.977696,2026-03-21T23:59:59Z
naver-SYNTH-001-2026-03-21-C12,synthetic-advertiser-001,naver,SYNTH-001,2026-03-21,C12,Low Efficiency Legacy,Naver,242695.94,23224,444.0,10.3,543595.3,1.911815,546.612469,2.31982,23562.71225,223.982035,2026-03-21T23:59:59Z
naver-SYNTH-001-2026-03-22-C01,synthetic-advertiser-001,naver,SYNTH-001,2026-03-22,C01,Brand Search Core,Naver,433060.72,70046,5232.0,413.97,4447204.74,7.469377,82.771544,7.912271,1046.11619,1026.924064,2026-03-22T23:59:59Z
naver-SYNTH-001-2026-03-22-C02,synthetic-advertiser-001,naver,SYNTH-001,2026-03-22,C02,Brand Search Expansion,Naver,333481.41,48194,2849.0,188.42,2290955.09,5.911524,117.052091,6.613549,1769.883274,686.981356,2026-03-22T23:59:59Z
naver-SYNTH-001-2026-03-22-C03,synthetic-advertiser-001,naver,SYNTH-001,2026-03-22,C03,Generic Search High Intent,Naver,640241.44,71728,3696.0,226.58,6964710.61,5.152799,173.225498,6.130411,2825.674993,1087.825651,2026-03-22T23:59:59Z
naver-SYNTH-001-2026-03-22-C04,synthetic-advertiser-001,naver,SYNTH-001,2026-03-22,C04,Generic Search Mid Intent,Naver,534482.71,60562,2789.0,127.79,3482506.54,4.605198,191.639552,4.581929,4182.508103,651.565799,2026-03-22T23:59:59Z
naver-SYNTH-001-2026-03-22-C05,synthetic-advertiser-001,naver,SYNTH-001,2026-03-22,C05,Shopping Best Seller,Naver,763911.91,111180,5329.0,348.08,7504706.5,4.793128,143.349955,6.531807,2194.644657,982.404696,2026-03-22T23:59:59Z
naver-SYNTH-001-2026-03-22-C06,synthetic-advertiser-001,naver,SYNTH-001,2026-03-22,C06,Shopping Long Tail,Naver,365709.21,44079,1534.0,56.34,2559720.58,3.480115,238.402352,3.672751,6491.111256,699.933315,2026-03-22T23:59:59Z
naver-SYNTH-001-2026-03-22-C07,synthetic-advertiser-001,naver,SYNTH-001,2026-03-22,C07,Retargeting,Naver,236453.35,37823,3222.0,277.87,2990247.5,8.518626,73.387136,8.624146,850.949552,1264.624704,2026-03-22T23:59:59Z
naver-SYNTH-001-2026-03-22-C08,synthetic-advertiser-001,naver,SYNTH-001,2026-03-22,C08,Competitor,Naver,295037.81,30170,1010.0,35.02,1354540.11,3.347696,292.116646,3.467327,8424.837604,459.107292,2026-03-22T23:59:59Z
naver-SYNTH-001-2026-03-22-C09,synthetic-advertiser-001,naver,SYNTH-001,2026-03-22,C09,Prospecting,Naver,546808.4,54819,1496.0,52.98,5411330.26,2.728981,365.513636,3.541444,10321.034351,989.62091,2026-03-22T23:59:59Z
naver-SYNTH-001-2026-03-22-C10,synthetic-advertiser-001,naver,SYNTH-001,2026-03-22,C10,Seasonal,Naver,335478.4,40259,1989.0,110.36,3631841.87,4.94051,168.666868,5.548517,3039.855026,1082.585902,2026-03-22T23:59:59Z
naver-SYNTH-001-2026-03-22-C11,synthetic-advertiser-001,naver,SYNTH-001,2026-03-22,C11,New Product Launch,Naver,376794.9,38872,1322.0,54.2,2604689.26,3.400906,285.018834,4.099849,6951.935396,691.275087,2026-03-22T23:59:59Z
naver-SYNTH-001-2026-03-22-C12,synthetic-advertiser-001,naver,SYNTH-001,2026-03-22,C12,Low Efficiency Legacy,Naver,231428.49,19802,430.0,8.61,583428.17,2.171498,538.205794,2.002326,26879.035002,252.098679,2026-03-22T23:59:59Z
naver-SYNTH-001-2026-03-23-C01,synthetic-advertiser-001,naver,SYNTH-001,2026-03-23,C01,Brand Search Core,Naver,505299.89,72993,5361.0,442.4,4392998.04,7.34454,94.254782,8.252192,1142.178767,869.384331,2026-03-23T23:59:59Z
naver-SYNTH-001-2026-03-23-C02,synthetic-advertiser-001,naver,SYNTH-001,2026-03-23,C02,Brand Search Expansion,Naver,333606.3,49791,3028.0,190.13,2648110.71,6.08142,110.17381,6.279062,1754.622087,793.783189,2026-03-23T23:59:59Z
naver-SYNTH-001-2026-03-23-C03,synthetic-advertiser-001,naver,SYNTH-001,2026-03-23,C03,Generic Search High Intent,Naver,640135.82,77409,3247.0,178.82,4717465.38,4.194603,197.146849,5.507237,3579.777529,736.947575,2026-03-23T23:59:59Z
naver-SYNTH-001-2026-03-23-C04,synthetic-advertiser-001,naver,SYNTH-001,2026-03-23,C04,Generic Search Mid Intent,Naver,606153.86,71639,2404.0,95.58,4062206.93,3.355714,252.14387,3.975874,6341.848319,670.161024,2026-03-23T23:59:59Z
naver-SYNTH-001-2026-03-23-C05,synthetic-advertiser-001,naver,SYNTH-001,2026-03-23,C05,Shopping Best Seller,Naver,746969.95,107224,4771.0,274.59,5787338.53,4.449564,156.564651,5.755397,2720.310102,774.775281,2026-03-23T23:59:59Z
naver-SYNTH-001-2026-03-23-C06,synthetic-advertiser-001,naver,SYNTH-001,2026-03-23,C06,Shopping Long Tail,Naver,443248.6,48766,1785.0,85.55,2587858.25,3.660337,248.318546,4.792717,5181.164278,583.839007,2026-03-23T23:59:59Z
naver-SYNTH-001-2026-03-23-C07,synthetic-advertiser-001,naver,SYNTH-001,2026-03-23,C07,Retargeting,Naver,284058.6,44029,3829.0,302.74,2915223.34,8.696541,74.186105,7.906503,938.292251,1026.275345,2026-03-23T23:59:59Z
naver-SYNTH-001-2026-03-23-C08,synthetic-advertiser-001,naver,SYNTH-001,2026-03-23,C08,Competitor,Naver,329712.74,36972,1090.0,34.4,2358051.99,2.948177,302.48875,3.155963,9584.672591,715.183773,2026-03-23T23:59:59Z
naver-SYNTH-001-2026-03-23-C09,synthetic-advertiser-001,naver,SYNTH-001,2026-03-23,C09,Prospecting,Naver,644979.11,60566,1365.0,36.65,4395356.53,2.25374,472.512166,2.684982,17598.338506,681.472699,2026-03-23T23:59:59Z
naver-SYNTH-001-2026-03-23-C10,synthetic-advertiser-001,naver,SYNTH-001,2026-03-23,C10,Seasonal,Naver,367688.44,44522,2205.0,100.83,2038390.39,4.952608,166.752128,4.572789,3646.617501,554.379784,2026-03-23T23:59:59Z
naver-SYNTH-001-2026-03-23-C11,synthetic-advertiser-001,naver,SYNTH-001,2026-03-23,C11,New Product Launch,Naver,548968.95,67409,2604.0,110.81,4088763.89,3.862986,210.817569,4.255376,4954.146294,744.807859,2026-03-23T23:59:59Z
naver-SYNTH-001-2026-03-23-C12,synthetic-advertiser-001,naver,SYNTH-001,2026-03-23,C12,Low Efficiency Legacy,Naver,232976.12,18944,420.0,8.43,550260.98,2.217061,554.705041,2.007143,27636.550108,236.18772,2026-03-23T23:59:59Z
naver-SYNTH-001-2026-03-24-C01,synthetic-advertiser-001,naver,SYNTH-001,2026-03-24,C01,Brand Search Core,Naver,503165.19,83163,5785.0,446.77,5025846.78,6.956219,86.977561,7.722904,1126.228681,998.846283,2026-03-24T23:59:59Z
naver-SYNTH-001-2026-03-24-C02,synthetic-advertiser-001,naver,SYNTH-001,2026-03-24,C02,Brand Search Expansion,Naver,314030.72,44993,2811.0,205.49,2445971.19,6.247639,111.714949,7.31021,1528.204402,778.895508,2026-03-24T23:59:59Z
naver-SYNTH-001-2026-03-24-C03,synthetic-advertiser-001,naver,SYNTH-001,2026-03-24,C03,Generic Search High Intent,Naver,662606.88,80166,3960.0,199.77,6215256.62,4.93975,167.324969,5.044697,3316.848765,938.00062,2026-03-24T23:59:59Z
naver-SYNTH-001-2026-03-24-C04,synthetic-advertiser-001,naver,SYNTH-001,2026-03-24,C04,Generic Search Mid Intent,Naver,615472.09,77021,3099.0,113.82,3595565.25,4.023578,198.603448,3.672798,5407.41598,584.196314,2026-03-24T23:59:59Z
naver-SYNTH-001-2026-03-24-C05,synthetic-advertiser-001,naver,SYNTH-001,2026-03-24,C05,Shopping Best Seller,Naver,784549.61,106266,4972.0,321.97,6104214.11,4.678825,157.793566,6.475664,2436.7165,778.053296,2026-03-24T23:59:59Z
naver-SYNTH-001-2026-03-24-C06,synthetic-advertiser-001,naver,SYNTH-001,2026-03-24,C06,Shopping Long Tail,Naver,428870.87,49653,2008.0,124.58,2816518.27,4.044066,213.581108,6.204183,3442.533837,656.728749,2026-03-24T23:59:59Z
naver-SYNTH-001-2026-03-24-C07,synthetic-advertiser-001,naver,SYNTH-001,2026-03-24,C07,Retargeting,Naver,287814.2,48946,4054.0,355.26,3018267.67,8.282597,70.995115,8.763197,810.150869,1048.686163,2026-03-24T23:59:59Z
naver-SYNTH-001-2026-03-24-C08,synthetic-advertiser-001,naver,SYNTH-001,2026-03-24,C08,Competitor,Naver,357344.2,38172,1286.0,56.71,1544035.8,3.368962,277.872628,4.409798,6301.25551,432.08643,2026-03-24T23:59:59Z
naver-SYNTH-001-2026-03-24-C09,synthetic-advertiser-001,naver,SYNTH-001,2026-03-24,C09,Prospecting,Naver,604227.95,58954,1426.0,39.91,4060848.38,2.418835,423.722265,2.798738,15139.763203,672.072251,2026-03-24T23:59:59Z
naver-SYNTH-001-2026-03-24-C10,synthetic-advertiser-001,naver,SYNTH-001,2026-03-24,C10,Seasonal,Naver,395998.43,49296,1978.0,92.23,3176563.54,4.012496,200.201433,4.662791,4293.596818,802.165682,2026-03-24T23:59:59Z
naver-SYNTH-001-2026-03-24-C11,synthetic-advertiser-001,naver,SYNTH-001,2026-03-24,C11,New Product Launch,Naver,508756.99,57164,1987.0,66.87,2858787.34,3.475964,256.042772,3.365375,7608.149952,561.916085,2026-03-24T23:59:59Z
naver-SYNTH-001-2026-03-24-C12,synthetic-advertiser-001,naver,SYNTH-001,2026-03-24,C12,Low Efficiency Legacy,Naver,251639.33,21664,553.0,10.18,696449.98,2.552622,455.043989,1.840868,24718.990781,276.765159,2026-03-24T23:59:59Z
naver-SYNTH-001-2026-03-25-C01,synthetic-advertiser-001,naver,SYNTH-001,2026-03-25,C01,Brand Search Core,Naver,548876.14,80944,5720.0,451.53,4739812.19,7.066614,95.957367,7.893881,1215.591743,863.548595,2026-03-25T23:59:59Z
naver-SYNTH-001-2026-03-25-C02,synthetic-advertiser-001,naver,SYNTH-001,2026-03-25,C02,Brand Search Expansion,Naver,381469.71,50562,3175.0,207.96,2748549.82,6.279419,120.147939,6.549921,1834.341725,720.515884,2026-03-25T23:59:59Z
naver-SYNTH-001-2026-03-25-C03,synthetic-advertiser-001,naver,SYNTH-001,2026-03-25,C03,Generic Search High Intent,Naver,683205.36,84815,3884.0,136.08,6301714.19,4.579379,175.902512,3.503605,5020.615504,922.37482,2026-03-25T23:59:59Z
naver-SYNTH-001-2026-03-25-C04,synthetic-advertiser-001,naver,SYNTH-001,2026-03-25,C04,Generic Search Mid Intent,Naver,618200.41,72684,2682.0,108.16,4074494.16,3.689946,230.49978,4.032811,5715.610288,659.089529,2026-03-25T23:59:59Z
naver-SYNTH-001-2026-03-25-C05,synthetic-advertiser-001,naver,SYNTH-001,2026-03-25,C05,Shopping Best Seller,Naver,837579.66,121983,6569.0,382.43,7211825.32,5.385177,127.504895,5.821738,2190.15155,861.031575,2026-03-25T23:59:59Z
naver-SYNTH-001-2026-03-25-C06,synthetic-advertiser-001,naver,SYNTH-001,2026-03-25,C06,Shopping Long Tail,Naver,433331.27,49226,2070.0,116.98,2213327.93,4.205095,209.338776,5.651208,3704.319254,510.770419,2026-03-25T23:59:59Z
naver-SYNTH-001-2026-03-25-C07,synthetic-advertiser-001,naver,SYNTH-001,2026-03-25,C07,Retargeting,Naver,230921.52,33737,2804.0,297.82,3024145.13,8.31135,82.354323,10.621255,775.372783,1309.598648,2026-03-25T23:59:59Z
naver-SYNTH-001-2026-03-25-C08,synthetic-advertiser-001,naver,SYNTH-001,2026-03-25,C08,Competitor,Naver,308714.73,31269,996.0,43.87,2571070.03,3.185263,309.954545,4.404618,7037.035032,832.830379,2026-03-25T23:59:59Z
naver-SYNTH-001-2026-03-25-C09,synthetic-advertiser-001,naver,SYNTH-001,2026-03-25,C09,Prospecting,Naver,577307.35,52999,1268.0,40.14,3348224.7,2.392498,455.289708,3.165615,14382.345547,579.972643,2026-03-25T23:59:59Z
naver-SYNTH-001-2026-03-25-C10,synthetic-advertiser-001,naver,SYNTH-001,2026-03-25,C10,Seasonal,Naver,328145.66,37567,1652.0,71.63,1194755.09,4.397477,198.635387,4.335956,4581.12046,364.092915,2026-03-25T23:59:59Z
naver-SYNTH-001-2026-03-25-C11,synthetic-advertiser-001,naver,SYNTH-001,2026-03-25,C11,New Product Launch,Naver,502241.76,56139,2065.0,97.72,2830482.61,3.67837,243.216348,4.732203,5139.600469,563.569749,2026-03-25T23:59:59Z
naver-SYNTH-001-2026-03-25-C12,synthetic-advertiser-001,naver,SYNTH-001,2026-03-25,C12,Low Efficiency Legacy,Naver,300559.21,27811,555.0,11.15,582146.1,1.995613,541.548123,2.009009,26955.9828,193.687661,2026-03-25T23:59:59Z
naver-SYNTH-001-2026-03-26-C01,synthetic-advertiser-001,naver,SYNTH-001,2026-03-26,C01,Brand Search Core,Naver,482884.81,77813,5165.0,392.63,4584756.91,6.637708,93.491736,7.601742,1229.872435,949.451459,2026-03-26T23:59:59Z
naver-SYNTH-001-2026-03-26-C02,synthetic-advertiser-001,naver,SYNTH-001,2026-03-26,C02,Brand Search Expansion,Naver,395789.61,56244,3727.0,291.68,2692882.12,6.626485,106.195227,7.826134,1356.930924,680.382214,2026-03-26T23:59:59Z
naver-SYNTH-001-2026-03-26-C03,synthetic-advertiser-001,naver,SYNTH-001,2026-03-26,C03,Generic Search High Intent,Naver,714997.57,86219,4336.0,180.19,6240041.94,5.029054,164.897963,4.155673,3968.020245,872.736107,2026-03-26T23:59:59Z
naver-SYNTH-001-2026-03-26-C04,synthetic-advertiser-001,naver,SYNTH-001,2026-03-26,C04,Generic Search Mid Intent,Naver,590007.77,68734,2465.0,101.41,4376358.16,3.586289,239.354064,4.113996,5818.04327,741.745855,2026-03-26T23:59:59Z
naver-SYNTH-001-2026-03-26-C05,synthetic-advertiser-001,naver,SYNTH-001,2026-03-26,C05,Shopping Best Seller,Naver,850224.09,118450,5083.0,0.0,6636283.57,4.291262,167.268166,0.0,0,780.533467,2026-03-26T23:59:59Z
naver-SYNTH-001-2026-03-26-C06,synthetic-advertiser-001,naver,SYNTH-001,2026-03-26,C06,Shopping Long Tail,Naver,437578.78,47460,1847.0,96.24,2415441.86,3.891698,236.913255,5.210612,4546.745442,552.001596,2026-03-26T23:59:59Z
naver-SYNTH-001-2026-03-26-C07,synthetic-advertiser-001,naver,SYNTH-001,2026-03-26,C07,Retargeting,Naver,259021.67,39619,3458.0,335.57,2808342.35,8.728135,74.905052,9.704164,771.885659,1084.211348,2026-03-26T23:59:59Z
naver-SYNTH-001-2026-03-26-C08,synthetic-advertiser-001,naver,SYNTH-001,2026-03-26,C08,Competitor,Naver,362542.24,36419,1056.0,37.06,1922384.1,2.899585,343.316515,3.50947,9782.575282,530.251069,2026-03-26T23:59:59Z
naver-SYNTH-001-2026-03-26-C09,synthetic-advertiser-001,naver,SYNTH-001,2026-03-26,C09,Prospecting,Naver,745042.63,74060,1927.0,50.12,3967037.76,2.601944,386.633437,2.600934,14865.176246,532.457819,2026-03-26T23:59:59Z
naver-SYNTH-001-2026-03-26-C10,synthetic-advertiser-001,naver,SYNTH-001,2026-03-26,C10,Seasonal,Naver,360754.37,45293,2131.0,113.57,2213090.26,4.704921,169.288772,5.329423,3176.493553,613.461796,2026-03-26T23:59:59Z
naver-SYNTH-001-2026-03-26-C11,synthetic-advertiser-001,naver,SYNTH-001,2026-03-26,C11,New Product Launch,Naver,559273.44,66001,2060.0,106.66,2721486.53,3.121165,271.491961,5.17767,5243.516207,486.611082,2026-03-26T23:59:59Z
naver-SYNTH-001-2026-03-26-C12,synthetic-advertiser-001,naver,SYNTH-001,2026-03-26,C12,Low Efficiency Legacy,Naver,302697.7,31455,611.0,12.22,625983.96,1.942457,495.413588,2.0,24770.679425,206.80169,2026-03-26T23:59:59Z
naver-SYNTH-001-2026-03-27-C01,synthetic-advertiser-001,naver,SYNTH-001,2026-03-27,C01,Brand Search Core,Naver,529251.1,79998,6034.0,477.31,4580163.5,7.542689,87.711485,7.910341,1108.820479,865.40462,2026-03-27T23:59:59Z
naver-SYNTH-001-2026-03-27-C02,synthetic-advertiser-001,naver,SYNTH-001,2026-03-27,C02,Brand Search Expansion,Naver,373997.17,55931,3532.0,234.34,2551734.41,6.314924,105.888213,6.634768,1595.959579,682.287093,2026-03-27T23:59:59Z
naver-SYNTH-001-2026-03-27-C03,synthetic-advertiser-001,naver,SYNTH-001,2026-03-27,C03,Generic Search High Intent,Naver,694547.25,95236,5165.0,284.75,5698101.52,5.423369,134.471878,5.513069,2439.147498,820.405166,2026-03-27T23:59:59Z
naver-SYNTH-001-2026-03-27-C04,synthetic-advertiser-001,naver,SYNTH-001,2026-03-27,C04,Generic Search Mid Intent,Naver,587719.33,67046,2660.0,115.64,2913442.45,3.967425,220.947118,4.347368,5082.3187,495.720029,2026-03-27T23:59:59Z
naver-SYNTH-001-2026-03-27-C05,synthetic-advertiser-001,naver,SYNTH-001,2026-03-27,C05,Shopping Best Seller,Naver,796022.24,96157,5732.0,331.73,8749661.18,5.961084,138.873384,5.787334,2399.608838,1099.172956,2026-03-27T23:59:59Z
naver-SYNTH-001-2026-03-27-C06,synthetic-advertiser-001,naver,SYNTH-001,2026-03-27,C06,Shopping Long Tail,Naver,443320.29,49437,1776.0,74.51,2673652.64,3.592451,249.617282,4.195383,5949.809317,603.097284,2026-03-27T23:59:59Z
naver-SYNTH-001-2026-03-27-C07,synthetic-advertiser-001,naver,SYNTH-001,2026-03-27,C07,Retargeting,Naver,295877.43,50644,4116.0,345.24,3139918.04,8.12732,71.884702,8.387755,857.019566,1061.222543,2026-03-27T23:59:59Z
naver-SYNTH-001-2026-03-27-C08,synthetic-advertiser-001,naver,SYNTH-001,2026-03-27,C08,Competitor,Naver,333261.16,35415,1311.0,34.64,1669002.57,3.701821,254.203786,2.642258,9620.703335,500.809202,2026-03-27T23:59:59Z
naver-SYNTH-001-2026-03-27-C09,synthetic-advertiser-001,naver,SYNTH-001,2026-03-27,C09,Prospecting,Naver,581520.72,62448,1666.0,31.41,5744786.16,2.66782,349.052054,1.885354,18513.872052,987.890191,2026-03-27T23:59:59Z
naver-SYNTH-001-2026-03-27-C10,synthetic-advertiser-001,naver,SYNTH-001,2026-03-27,C10,Seasonal,Naver,392892.68,51974,2082.0,89.85,2370965.95,4.005849,188.709262,4.315562,4372.762198,603.464011,2026-03-27T23:59:59Z
naver-SYNTH-001-2026-03-27-C11,synthetic-advertiser-001,naver,SYNTH-001,2026-03-27,C11,New Product Launch,Naver,591286.03,72451,2495.0,100.39,3280100.6,3.443707,236.988391,4.023647,5889.889776,554.740077,2026-03-27T23:59:59Z
naver-SYNTH-001-2026-03-27-C12,synthetic-advertiser-001,naver,SYNTH-001,2026-03-27,C12,Low Efficiency Legacy,Naver,279768.3,27896,483.0,9.02,619983.44,1.731431,579.230426,1.867495,31016.440787,221.60604,2026-03-27T23:59:59Z
naver-SYNTH-001-2026-03-28-C01,synthetic-advertiser-001,naver,SYNTH-001,2026-03-28,C01,Brand Search Core,Naver,534549.14,74993,6331.0,416.6,4809251.99,8.442121,84.433603,6.580319,1283.123231,899.683799,2026-03-28T23:59:59Z
naver-SYNTH-001-2026-03-28-C02,synthetic-advertiser-001,naver,SYNTH-001,2026-03-28,C02,Brand Search Expansion,Naver,295756.26,46753,3137.0,207.41,2341800.15,6.70973,94.279969,6.611731,1425.949866,791.8007,2026-03-28T23:59:59Z
naver-SYNTH-001-2026-03-28-C03,synthetic-advertiser-001,naver,SYNTH-001,2026-03-28,C03,Generic Search High Intent,Naver,745389.17,112376,6504.0,363.73,5519808.5,5.787713,114.604732,5.592405,2049.292537,740.527054,2026-03-28T23:59:59Z
naver-SYNTH-001-2026-03-28-C04,synthetic-advertiser-001,naver,SYNTH-001,2026-03-28,C04,Generic Search Mid Intent,Naver,532492.73,58867,2076.0,100.58,3253377.57,3.526594,256.499387,4.844894,5294.220802,610.971266,2026-03-28T23:59:59Z
naver-SYNTH-001-2026-03-28-C05,synthetic-advertiser-001,naver,SYNTH-001,2026-03-28,C05,Shopping Best Seller,Naver,792674.4,121448,5966.0,281.18,7165213.91,4.91239,132.865303,4.713041,2819.099492,903.929023,2026-03-28T23:59:59Z
naver-SYNTH-001-2026-03-28-C06,synthetic-advertiser-001,naver,SYNTH-001,2026-03-28,C06,Shopping Long Tail,Naver,410466.32,48114,2104.0,102.29,2764468.07,4.372948,195.088557,4.861692,4012.770789,673.494489,2026-03-28T23:59:59Z
naver-SYNTH-001-2026-03-28-C07,synthetic-advertiser-001,naver,SYNTH-001,2026-03-28,C07,Retargeting,Naver,323483.46,54634,4581.0,505.59,3244189.38,8.384889,70.614159,11.036673,639.81381,1002.891875,2026-03-28T23:59:59Z
naver-SYNTH-001-2026-03-28-C08,synthetic-advertiser-001,naver,SYNTH-001,2026-03-28,C08,Competitor,Naver,295425.47,30510,1044.0,41.97,1520351.2,3.421829,282.97459,4.020115,7038.967652,514.631045,2026-03-28T23:59:59Z
naver-SYNTH-001-2026-03-28-C09,synthetic-advertiser-001,naver,SYNTH-001,2026-03-28,C09,Prospecting,Naver,571355.43,58005,1914.0,49.27,4200458.59,3.299716,298.513809,2.57419,11596.416269,735.174354,2026-03-28T23:59:59Z
naver-SYNTH-001-2026-03-28-C10,synthetic-advertiser-001,naver,SYNTH-001,2026-03-28,C10,Seasonal,Naver,317165.93,37248,1830.0,99.41,2381946.43,4.913015,173.314716,5.43224,3190.483157,751.00955,2026-03-28T23:59:59Z
naver-SYNTH-001-2026-03-28-C11,synthetic-advertiser-001,naver,SYNTH-001,2026-03-28,C11,New Product Launch,Naver,461376.77,51033,2380.0,72.91,3154817.23,4.663649,193.855786,3.063445,6328.031427,683.783283,2026-03-28T23:59:59Z
naver-SYNTH-001-2026-03-28-C12,synthetic-advertiser-001,naver,SYNTH-001,2026-03-28,C12,Low Efficiency Legacy,Naver,259249.5,21224,507.0,14.13,682271.05,2.388805,511.340241,2.786982,18347.452399,263.171595,2026-03-28T23:59:59Z
naver-SYNTH-001-2026-03-29-C01,synthetic-advertiser-001,naver,SYNTH-001,2026-03-29,C01,Brand Search Core,Naver,498422.93,89043,6179.0,484.39,4766187.24,6.939344,80.664012,7.839294,1028.970318,956.253601,2026-03-29T23:59:59Z
naver-SYNTH-001-2026-03-29-C02,synthetic-advertiser-001,naver,SYNTH-001,2026-03-29,C02,Brand Search Expansion,Naver,362371.01,54586,3086.0,189.56,2588674.07,5.653464,117.424178,6.142579,1911.642824,714.371176,2026-03-29T23:59:59Z
naver-SYNTH-001-2026-03-29-C03,synthetic-advertiser-001,naver,SYNTH-001,2026-03-29,C03,Generic Search High Intent,Naver,561159.62,64259,3248.0,156.27,6645589.9,5.054545,172.770818,4.811268,3590.961915,1184.260178,2026-03-29T23:59:59Z
naver-SYNTH-001-2026-03-29-C04,synthetic-advertiser-001,naver,SYNTH-001,2026-03-29,C04,Generic Search Mid Intent,Naver,498103.41,59043,1684.0,97.09,3801612.35,2.852159,295.785872,5.765439,5130.326582,763.217494,2026-03-29T23:59:59Z
naver-SYNTH-001-2026-03-29-C05,synthetic-advertiser-001,naver,SYNTH-001,2026-03-29,C05,Shopping Best Seller,Naver,696607.11,91904,4081.0,232.0,7285596.78,4.440503,170.695199,5.684881,3002.616837,1045.868858,2026-03-29T23:59:59Z
naver-SYNTH-001-2026-03-29-C06,synthetic-advertiser-001,naver,SYNTH-001,2026-03-29,C06,Shopping Long Tail,Naver,381202.74,42328,1626.0,81.74,2021919.98,3.841429,234.44203,5.02706,4663.60094,530.405415,2026-03-29T23:59:59Z
naver-SYNTH-001-2026-03-29-C07,synthetic-advertiser-001,naver,SYNTH-001,2026-03-29,C07,Retargeting,Naver,246361.14,45429,3852.0,418.09,2534299.59,8.479165,63.956682,10.853842,589.253841,1028.692921,2026-03-29T23:59:59Z
naver-SYNTH-001-2026-03-29-C08,synthetic-advertiser-001,naver,SYNTH-001,2026-03-29,C08,Competitor,Naver,310657.49,27712,910.0,28.92,2732926.39,3.283776,341.381855,3.178022,10741.960156,879.723329,2026-03-29T23:59:59Z
naver-SYNTH-001-2026-03-29-C09,synthetic-advertiser-001,naver,SYNTH-001,2026-03-29,C09,Prospecting,Naver,584158.52,51100,1600.0,49.93,2716117.19,3.131115,365.099073,3.120625,11699.549715,464.962354,2026-03-29T23:59:59Z
naver-SYNTH-001-2026-03-29-C10,synthetic-advertiser-001,naver,SYNTH-001,2026-03-29,C10,Seasonal,Naver,321287.47,39419,1668.0,98.84,2462513.36,4.231462,192.618387,5.925659,3250.581447,766.451724,2026-03-29T23:59:59Z
naver-SYNTH-001-2026-03-29-C11,synthetic-advertiser-001,naver,SYNTH-001,2026-03-29,C11,New Product Launch,Naver,505694.77,57071,1874.0,83.91,2445414.26,3.283629,269.847798,4.477588,6026.632974,483.575151,2026-03-29T23:59:59Z
naver-SYNTH-001-2026-03-29-C12,synthetic-advertiser-001,naver,SYNTH-001,2026-03-29,C12,Low Efficiency Legacy,Naver,241832.33,23208,499.0,9.9,582912.42,2.150121,484.633924,1.983968,24427.507888,241.039909,2026-03-29T23:59:59Z
naver-SYNTH-001-2026-03-30-C01,synthetic-advertiser-001,naver,SYNTH-001,2026-03-30,C01,Brand Search Core,Naver,596323.03,91667,7231.0,623.33,4765719.87,7.888335,82.467574,8.620246,956.673076,799.184274,2026-03-30T23:59:59Z
naver-SYNTH-001-2026-03-30-C02,synthetic-advertiser-001,naver,SYNTH-001,2026-03-30,C02,Brand Search Expansion,Naver,349177.68,48544,2928.0,191.83,2694635.6,6.031641,119.254671,6.551571,1820.245413,771.709011,2026-03-30T23:59:59Z
naver-SYNTH-001-2026-03-30-C03,synthetic-advertiser-001,naver,SYNTH-001,2026-03-30,C03,Generic Search High Intent,Naver,800558.83,96276,4000.0,248.76,6872552.86,4.154722,200.139708,6.219,3218.197583,858.469434,2026-03-30T23:59:59Z
naver-SYNTH-001-2026-03-30-C04,synthetic-advertiser-001,naver,SYNTH-001,2026-03-30,C04,Generic Search Mid Intent,Naver,520022.1,61213,2409.0,107.8,3665358.36,3.935439,215.866374,4.474886,4823.952654,704.846657,2026-03-30T23:59:59Z
naver-SYNTH-001-2026-03-30-C05,synthetic-advertiser-001,naver,SYNTH-001,2026-03-30,C05,Shopping Best Seller,Naver,618934.27,93325,3778.0,188.01,7379205.45,4.048219,163.825906,4.976443,3292.028463,1192.243796,2026-03-30T23:59:59Z
naver-SYNTH-001-2026-03-30-C06,synthetic-advertiser-001,naver,SYNTH-001,2026-03-30,C06,Shopping Long Tail,Naver,453150.96,47334,1808.0,94.24,2670526.82,3.819665,250.636593,5.212389,4808.477924,589.323882,2026-03-30T23:59:59Z
naver-SYNTH-001-2026-03-30-C07,synthetic-advertiser-001,naver,SYNTH-001,2026-03-30,C07,Retargeting,Naver,286068.07,47606,4289.0,355.29,3176085.62,9.009369,66.698081,8.283749,805.167799,1110.255208,2026-03-30T23:59:59Z
naver-SYNTH-001-2026-03-30-C08,synthetic-advertiser-001,naver,SYNTH-001,2026-03-30,C08,Competitor,Naver,312179.32,31172,1010.0,41.42,2298031.81,3.240087,309.088433,4.10099,7536.922189,736.125581,2026-03-30T23:59:59Z
naver-SYNTH-001-2026-03-30-C09,synthetic-advertiser-001,naver,SYNTH-001,2026-03-30,C09,Prospecting,Naver,686543.61,68587,1474.0,45.72,4687896.26,2.149095,465.769071,3.101764,15016.264451,682.825707,2026-03-30T23:59:59Z
naver-SYNTH-001-2026-03-30-C10,synthetic-advertiser-001,naver,SYNTH-001,2026-03-30,C10,Seasonal,Naver,338406.61,41565,1796.0,83.76,2654613.43,4.320943,188.422388,4.663697,4040.193509,784.444915,2026-03-30T23:59:59Z
naver-SYNTH-001-2026-03-30-C11,synthetic-advertiser-001,naver,SYNTH-001,2026-03-30,C11,New Product Launch,Naver,475952.24,47602,1751.0,73.22,3426325.23,3.678417,271.817382,4.181611,6500.303681,719.888462,2026-03-30T23:59:59Z
naver-SYNTH-001-2026-03-30-C12,synthetic-advertiser-001,naver,SYNTH-001,2026-03-30,C12,Low Efficiency Legacy,Naver,282692.8,24921,596.0,13.55,690922.79,2.391557,474.316779,2.27349,20862.937274,244.407636,2026-03-30T23:59:59Z
naver-SYNTH-001-2026-03-31-C01,synthetic-advertiser-001,naver,SYNTH-001,2026-03-31,C01,Brand Search Core,Naver,479864.37,65701,4740.0,380.39,4322741.01,7.214502,101.237209,8.025105,1261.506273,900.82558,2026-03-31T23:59:59Z
naver-SYNTH-001-2026-03-31-C02,synthetic-advertiser-001,naver,SYNTH-001,2026-03-31,C02,Brand Search Expansion,Naver,381999.72,53481,3523.0,237.87,2671589.27,6.587386,108.430237,6.751916,1605.918038,699.369425,2026-03-31T23:59:59Z
naver-SYNTH-001-2026-03-31-C03,synthetic-advertiser-001,naver,SYNTH-001,2026-03-31,C03,Generic Search High Intent,Naver,691233.16,87983,4513.0,304.21,5741175.56,5.1294,153.164892,6.740749,2272.22366,830.570045,2026-03-31T23:59:59Z
naver-SYNTH-001-2026-03-31-C04,synthetic-advertiser-001,naver,SYNTH-001,2026-03-31,C04,Generic Search Mid Intent,Naver,511235.74,63222,2536.0,94.55,3530193.43,4.011262,201.591382,3.728312,5407.041184,690.521638,2026-03-31T23:59:59Z
naver-SYNTH-001-2026-03-31-C05,synthetic-advertiser-001,naver,SYNTH-001,2026-03-31,C05,Shopping Best Seller,Naver,825364.24,108781,6295.0,425.22,6364399.61,5.786856,131.114255,6.754885,1941.028729,771.101936,2026-03-31T23:59:59Z
naver-SYNTH-001-2026-03-31-C06,synthetic-advertiser-001,naver,SYNTH-001,2026-03-31,C06,Shopping Long Tail,Naver,469340.98,48390,1822.0,89.77,2690937.49,3.765241,257.596585,4.927003,5228.260868,573.343819,2026-03-31T23:59:59Z
naver-SYNTH-001-2026-03-31-C07,synthetic-advertiser-001,naver,SYNTH-001,2026-03-31,C07,Retargeting,Naver,258766.86,42117,3706.0,380.19,3173852.77,8.799297,69.82376,10.25877,680.625097,1226.529866,2026-03-31T23:59:59Z
naver-SYNTH-001-2026-03-31-C08,synthetic-advertiser-001,naver,SYNTH-001,2026-03-31,C08,Competitor,Naver,379917.75,44950,1633.0,38.4,2225367.86,3.632925,232.650184,2.3515,9893.691434,585.749904,2026-03-31T23:59:59Z
naver-SYNTH-001-2026-03-31-C09,synthetic-advertiser-001,naver,SYNTH-001,2026-03-31,C09,Prospecting,Naver,665747.62,68596,1581.0,36.15,4256385.74,2.304799,421.092736,2.286528,18416.254925,639.339239,2026-03-31T23:59:59Z
naver-SYNTH-001-2026-03-31-C10,synthetic-advertiser-001,naver,SYNTH-001,2026-03-31,C10,Seasonal,Naver,310049.57,37199,1882.0,111.12,2097725.22,5.059276,164.744724,5.904357,2790.222923,676.577364,2026-03-31T23:59:59Z
naver-SYNTH-001-2026-03-31-C11,synthetic-advertiser-001,naver,SYNTH-001,2026-03-31,C11,New Product Launch,Naver,507091.7,54581,1534.0,77.17,2231518.52,2.810502,330.568252,5.030639,6571.098851,440.062129,2026-03-31T23:59:59Z
naver-SYNTH-001-2026-03-31-C12,synthetic-advertiser-001,naver,SYNTH-001,2026-03-31,C12,Low Efficiency Legacy,Naver,303380.65,29672,709.0,15.65,787622.62,2.389458,427.899372,2.207334,19385.345332,259.615307,2026-03-31T23:59:59Z
naver-SYNTH-001-2026-04-01-C01,synthetic-advertiser-001,naver,SYNTH-001,2026-04-01,C01,Brand Search Core,Naver,490746.18,79502,6242.0,546.19,4013152.89,7.851375,78.620023,8.75024,898.489872,817.765483,2026-04-01T23:59:59Z
naver-SYNTH-001-2026-04-01-C02,synthetic-advertiser-001,naver,SYNTH-001,2026-04-01,C02,Brand Search Expansion,Naver,392202.39,55590,3378.0,197.78,2434372.17,6.076632,116.104911,5.854944,1983.02351,620.692845,2026-04-01T23:59:59Z
naver-SYNTH-001-2026-04-01-C03,synthetic-advertiser-001,naver,SYNTH-001,2026-04-01,C03,Generic Search High Intent,Naver,732535.12,87027,4146.0,263.65,6301575.26,4.764039,176.684785,6.359141,2778.437779,860.242067,2026-04-01T23:59:59Z
naver-SYNTH-001-2026-04-01-C04,synthetic-advertiser-001,naver,SYNTH-001,2026-04-01,C04,Generic Search Mid Intent,Naver,612242.71,68561,2638.0,119.0,4317756.41,3.847668,232.085939,4.510993,5144.8967,705.236071,2026-04-01T23:59:59Z
naver-SYNTH-001-2026-04-01-C05,synthetic-advertiser-001,naver,SYNTH-001,2026-04-01,C05,Shopping Best Seller,Naver,774787.21,100544,5602.0,356.32,5678022.33,5.57169,138.305464,6.360586,2174.414036,732.849261,2026-04-01T23:59:59Z
naver-SYNTH-001-2026-04-01-C06,synthetic-advertiser-001,naver,SYNTH-001,2026-04-01,C06,Shopping Long Tail,Naver,415080.86,52738,2141.0,86.33,2811825.51,4.059691,193.872426,4.032228,4808.072094,677.416319,2026-04-01T23:59:59Z
naver-SYNTH-001-2026-04-01-C07,synthetic-advertiser-001,naver,SYNTH-001,2026-04-01,C07,Retargeting,Naver,282472.44,45211,3585.0,368.3,3301302.87,7.929486,78.792871,10.273361,766.962914,1168.7168,2026-04-01T23:59:59Z
naver-SYNTH-001-2026-04-01-C08,synthetic-advertiser-001,naver,SYNTH-001,2026-04-01,C08,Competitor,Naver,353855.3,36504,1155.0,42.16,1765301.2,3.164037,306.368225,3.650216,8393.152285,498.876574,2026-04-01T23:59:59Z
naver-SYNTH-001-2026-04-01-C09,synthetic-advertiser-001,naver,SYNTH-001,2026-04-01,C09,Prospecting,Naver,627310.42,58861,1630.0,47.2,3948498.05,2.769236,384.853018,2.895706,13290.474984,629.432882,2026-04-01T23:59:59Z
naver-SYNTH-001-2026-04-01-C10,synthetic-advertiser-001,naver,SYNTH-001,2026-04-01,C10,Seasonal,Naver,363618.82,47269,2187.0,118.84,3111830.87,4.626711,166.263748,5.433928,3059.734247,855.794781,2026-04-01T23:59:59Z
naver-SYNTH-001-2026-04-01-C11,synthetic-advertiser-001,naver,SYNTH-001,2026-04-01,C11,New Product Launch,Naver,538131.06,63903,2422.0,93.67,3818148.58,3.790119,222.184584,3.867465,5744.967041,709.520198,2026-04-01T23:59:59Z
naver-SYNTH-001-2026-04-01-C12,synthetic-advertiser-001,naver,SYNTH-001,2026-04-01,C12,Low Efficiency Legacy,Naver,305943.92,28516,625.0,10.89,734616.25,2.191752,489.510277,1.7424,28094.024157,240.114674,2026-04-01T23:59:59Z
naver-SYNTH-001-2026-04-02-C01,synthetic-advertiser-001,naver,SYNTH-001,2026-04-02,C01,Brand Search Core,Naver,581175.5,82008,6256.0,477.23,4368013.23,7.628524,92.898897,7.628357,1217.810072,751.582478,2026-04-02T23:59:59Z
naver-SYNTH-001-2026-04-02-C02,synthetic-advertiser-001,naver,SYNTH-001,2026-04-02,C02,Brand Search Expansion,Naver,372170.38,55742,3552.0,250.49,2696505.75,6.372215,104.777697,7.052083,1485.769411,724.535294,2026-04-02T23:59:59Z
naver-SYNTH-001-2026-04-02-C03,synthetic-advertiser-001,naver,SYNTH-001,2026-04-02,C03,Generic Search High Intent,Naver,618642.5,82554,4406.0,207.6,5204731.42,5.337113,140.409102,4.711757,2979.973519,841.314878,2026-04-02T23:59:59Z
naver-SYNTH-001-2026-04-02-C04,synthetic-advertiser-001,naver,SYNTH-001,2026-04-02,C04,Generic Search Mid Intent,Naver,666702.79,69682,2661.0,126.28,4066057.23,3.818777,250.545957,4.745584,5279.55964,609.875538,2026-04-02T23:59:59Z
naver-SYNTH-001-2026-04-02-C05,synthetic-advertiser-001,naver,SYNTH-001,2026-04-02,C05,Shopping Best Seller,Naver,825083.19,120993,7311.0,402.98,7183182.78,6.042498,112.855038,5.511968,2047.454428,870.601039,2026-04-02T23:59:59Z
naver-SYNTH-001-2026-04-02-C06,synthetic-advertiser-001,naver,SYNTH-001,2026-04-02,C06,Shopping Long Tail,Naver,454280.78,50308,1987.0,122.36,2958190.68,3.94967,228.626462,6.158027,3712.657562,651.181123,2026-04-02T23:59:59Z
naver-SYNTH-001-2026-04-02-C07,synthetic-advertiser-001,naver,SYNTH-001,2026-04-02,C07,Retargeting,Naver,267073.7,44287,3769.0,393.96,2921836.3,8.510398,70.860625,10.45264,677.920847,1094.018743,2026-04-02T23:59:59Z
naver-SYNTH-001-2026-04-02-C08,synthetic-advertiser-001,naver,SYNTH-001,2026-04-02,C08,Competitor,Naver,352320.3,34396,1004.0,33.57,2601127.4,2.918944,350.916631,3.343625,10495.093758,738.284855,2026-04-02T23:59:59Z
naver-SYNTH-001-2026-04-02-C09,synthetic-advertiser-001,naver,SYNTH-001,2026-04-02,C09,Prospecting,Naver,616331.81,58186,1387.0,36.66,3174794.78,2.383735,444.363238,2.643115,16812.106141,515.111296,2026-04-02T23:59:59Z
naver-SYNTH-001-2026-04-02-C10,synthetic-advertiser-001,naver,SYNTH-001,2026-04-02,C10,Seasonal,Naver,319146.1,38332,1889.0,105.62,1952890.92,4.927997,168.949763,5.591318,3021.644597,611.911255,2026-04-02T23:59:59Z
naver-SYNTH-001-2026-04-02-C11,synthetic-advertiser-001,naver,SYNTH-001,2026-04-02,C11,New Product Launch,Naver,478545.9,54208,1282.0,48.19,2699188.99,2.364965,373.280732,3.75897,9930.398393,564.039728,2026-04-02T23:59:59Z
naver-SYNTH-001-2026-04-02-C12,synthetic-advertiser-001,naver,SYNTH-001,2026-04-02,C12,Low Efficiency Legacy,Naver,313316.26,28389,625.0,15.36,636870.88,2.201557,501.306008,2.4576,20398.193698,203.267744,2026-04-02T23:59:59Z
naver-SYNTH-001-2026-04-03-C01,synthetic-advertiser-001,naver,SYNTH-001,2026-04-03,C01,Brand Search Core,Naver,482815.49,79345,6171.0,541.13,4249278.86,7.777428,78.239424,8.768919,892.23567,880.104091,2026-04-03T23:59:59Z
naver-SYNTH-001-2026-04-03-C02,synthetic-advertiser-001,naver,SYNTH-001,2026-04-03,C02,Brand Search Expansion,Naver,388758.07,55649,3515.0,226.99,2631142.23,6.316376,110.599734,6.457752,1712.666045,676.80711,2026-04-03T23:59:59Z
naver-SYNTH-001-2026-04-03-C03,synthetic-advertiser-001,naver,SYNTH-001,2026-04-03,C03,Generic Search High Intent,Naver,724849.16,98403,4888.0,215.11,5830952.96,4.967328,148.291564,4.400777,3369.667437,804.436738,2026-04-03T23:59:59Z
naver-SYNTH-001-2026-04-03-C04,synthetic-advertiser-001,naver,SYNTH-001,2026-04-03,C04,Generic Search Mid Intent,Naver,548790.65,61738,2532.0,103.65,3278498.49,4.101202,216.741962,4.093602,5294.651683,597.40422,2026-04-03T23:59:59Z
naver-SYNTH-001-2026-04-03-C05,synthetic-advertiser-001,naver,SYNTH-001,2026-04-03,C05,Shopping Best Seller,Naver,757152.25,103902,4492.0,267.48,7957931.88,4.323305,168.55571,5.954586,2830.687335,1051.034571,2026-04-03T23:59:59Z
naver-SYNTH-001-2026-04-03-C06,synthetic-advertiser-001,naver,SYNTH-001,2026-04-03,C06,Shopping Long Tail,Naver,460144.97,54049,2113.0,107.4,2111299.89,3.909416,217.768562,5.082821,4284.403837,458.833632,2026-04-03T23:59:59Z
naver-SYNTH-001-2026-04-03-C07,synthetic-advertiser-001,naver,SYNTH-001,2026-04-03,C07,Retargeting,Naver,318470.35,50653,4015.0,385.53,3313498.12,7.92648,79.320136,9.602242,826.058534,1040.441646,2026-04-03T23:59:59Z
naver-SYNTH-001-2026-04-03-C08,synthetic-advertiser-001,naver,SYNTH-001,2026-04-03,C08,Competitor,Naver,345097.96,35642,1246.0,42.32,1859880.92,3.495876,276.964651,3.396469,8154.488556,538.942898,2026-04-03T23:59:59Z
naver-SYNTH-001-2026-04-03-C09,synthetic-advertiser-001,naver,SYNTH-001,2026-04-03,C09,Prospecting,Naver,631460.93,58361,1594.0,40.6,4255103.51,2.731276,396.14864,2.547051,15553.224915,673.850637,2026-04-03T23:59:59Z
naver-SYNTH-001-2026-04-03-C10,synthetic-advertiser-001,naver,SYNTH-001,2026-04-03,C10,Seasonal,Naver,324359.08,36772,1382.0,66.78,3178525.49,3.758294,234.702665,4.832127,4857.129116,979.94034,2026-04-03T23:59:59Z
naver-SYNTH-001-2026-04-03-C11,synthetic-advertiser-001,naver,SYNTH-001,2026-04-03,C11,New Product Launch,Naver,501563.03,58569,2135.0,97.94,3606991.46,3.645273,234.924137,4.587354,5121.125519,719.150181,2026-04-03T23:59:59Z
naver-SYNTH-001-2026-04-03-C12,synthetic-advertiser-001,naver,SYNTH-001,2026-04-03,C12,Low Efficiency Legacy,Naver,267753.48,22131,485.0,8.56,675859.9,2.191496,552.069028,1.764948,31279.611989,252.418719,2026-04-03T23:59:59Z
naver-SYNTH-001-2026-04-04-C01,synthetic-advertiser-001,naver,SYNTH-001,2026-04-04,C01,Brand Search Core,Naver,420008.22,64512,5080.0,370.88,4394979.77,7.874504,82.678783,7.300787,1132.463919,1046.40328,2026-04-04T23:59:59Z
naver-SYNTH-001-2026-04-04-C02,synthetic-advertiser-001,naver,SYNTH-001,2026-04-04,C02,Brand Search Expansion,Naver,350429.21,50178,3139.0,240.53,2555456.22,6.25573,111.637212,7.662631,1456.904376,729.236077,2026-04-04T23:59:59Z
naver-SYNTH-001-2026-04-04-C03,synthetic-advertiser-001,naver,SYNTH-001,2026-04-04,C03,Generic Search High Intent,Naver,552010.39,69912,3665.0,209.69,5208651.64,5.242305,150.61675,5.721419,2632.506982,943.578552,2026-04-04T23:59:59Z
naver-SYNTH-001-2026-04-04-C04,synthetic-advertiser-001,naver,SYNTH-001,2026-04-04,C04,Generic Search Mid Intent,Naver,541852.86,66946,2923.0,141.79,3585665.38,4.366206,185.375593,4.850838,3821.516731,661.741529,2026-04-04T23:59:59Z
naver-SYNTH-001-2026-04-04-C05,synthetic-advertiser-001,naver,SYNTH-001,2026-04-04,C05,Shopping Best Seller,Naver,770339.46,111829,6193.0,369.91,7422930.28,5.53792,124.388739,5.973034,2082.505097,963.592112,2026-04-04T23:59:59Z
naver-SYNTH-001-2026-04-04-C06,synthetic-advertiser-001,naver,SYNTH-001,2026-04-04,C06,Shopping Long Tail,Naver,401603.5,42271,1419.0,74.86,2470416.76,3.356911,283.018677,5.275546,5364.727532,615.13825,2026-04-04T23:59:59Z
naver-SYNTH-001-2026-04-04-C07,synthetic-advertiser-001,naver,SYNTH-001,2026-04-04,C07,Retargeting,Naver,272038.77,45518,4156.0,439.56,3043674.55,9.130454,65.456873,10.576516,618.888811,1118.838538,2026-04-04T23:59:59Z
naver-SYNTH-001-2026-04-04-C08,synthetic-advertiser-001,naver,SYNTH-001,2026-04-04,C08,Competitor,Naver,305627.91,31167,1058.0,38.38,1485875.22,3.394616,288.87326,3.627599,7963.207633,486.171315,2026-04-04T23:59:59Z
naver-SYNTH-001-2026-04-04-C09,synthetic-advertiser-001,naver,SYNTH-001,2026-04-04,C09,Prospecting,Naver,661703.66,63476,2143.0,55.89,3243029.52,3.376079,308.774456,2.608026,11839.392705,490.103006,2026-04-04T23:59:59Z
naver-SYNTH-001-2026-04-04-C10,synthetic-advertiser-001,naver,SYNTH-001,2026-04-04,C10,Seasonal,Naver,276159.57,32317,1422.0,58.5,2022650.0,4.400161,194.205041,4.113924,4720.67637,732.42076,2026-04-04T23:59:59Z
naver-SYNTH-001-2026-04-04-C11,synthetic-advertiser-001,naver,SYNTH-001,2026-04-04,C11,New Product Launch,Naver,470128.13,51187,1919.0,68.65,2728052.1,3.748999,244.985996,3.577384,6848.188299,580.278427,2026-04-04T23:59:59Z
naver-SYNTH-001-2026-04-04-C12,synthetic-advertiser-001,naver,SYNTH-001,2026-04-04,C12,Low Efficiency Legacy,Naver,253775.05,20877,519.0,12.11,529036.42,2.485989,488.969276,2.333333,20955.826098,208.466676,2026-04-04T23:59:59Z
naver-SYNTH-001-2026-04-05-C01,synthetic-advertiser-001,naver,SYNTH-001,2026-04-05,C01,Brand Search Core,Naver,446496.31,69612,4887.0,441.47,4293251.1,7.020341,91.36409,9.033558,1011.385387,961.542354,2026-04-05T23:59:59Z
naver-SYNTH-001-2026-04-05-C02,synthetic-advertiser-001,naver,SYNTH-001,2026-04-05,C02,Brand Search Expansion,Naver,312731.59,46648,2876.0,151.83,2559235.12,6.165323,108.738382,5.279207,2059.748313,818.348779,2026-04-05T23:59:59Z
naver-SYNTH-001-2026-04-05-C03,synthetic-advertiser-001,naver,SYNTH-001,2026-04-05,C03,Generic Search High Intent,Naver,663263.21,85955,4426.0,214.37,5488504.21,5.149206,149.856126,4.843425,3094.011352,827.500169,2026-04-05T23:59:59Z
naver-SYNTH-001-2026-04-05-C04,synthetic-advertiser-001,naver,SYNTH-001,2026-04-05,C04,Generic Search Mid Intent,Naver,521679.57,67345,2966.0,131.58,3693754.72,4.404187,175.886572,4.436278,3964.733035,708.05048,2026-04-05T23:59:59Z
naver-SYNTH-001-2026-04-05-C05,synthetic-advertiser-001,naver,SYNTH-001,2026-04-05,C05,Shopping Best Seller,Naver,705638.58,102188,4479.0,271.52,6630213.1,4.383098,157.543778,6.062067,2598.845685,939.604676,2026-04-05T23:59:59Z
naver-SYNTH-001-2026-04-05-C06,synthetic-advertiser-001,naver,SYNTH-001,2026-04-05,C06,Shopping Long Tail,Naver,382923.06,42771,1576.0,63.35,1907890.42,3.68474,242.971484,4.01967,6044.562879,498.243806,2026-04-05T23:59:59Z
naver-SYNTH-001-2026-04-05-C07,synthetic-advertiser-001,naver,SYNTH-001,2026-04-05,C07,Retargeting,Naver,231953.77,36611,3324.0,318.84,2713150.87,9.079238,69.781519,9.592058,727.492694,1169.69466,2026-04-05T23:59:59Z
naver-SYNTH-001-2026-04-05-C08,synthetic-advertiser-001,naver,SYNTH-001,2026-04-05,C08,Competitor,Naver,340805.81,39315,1279.0,51.52,1682618.46,3.253211,266.46271,4.028147,6615.019523,493.717662,2026-04-05T23:59:59Z
naver-SYNTH-001-2026-04-05-C09,synthetic-advertiser-001,naver,SYNTH-001,2026-04-05,C09,Prospecting,Naver,469427.07,52236,1314.0,28.06,3016188.29,2.515507,357.250433,2.135464,16729.403758,642.525429,2026-04-05T23:59:59Z
naver-SYNTH-001-2026-04-05-C10,synthetic-advertiser-001,naver,SYNTH-001,2026-04-05,C10,Seasonal,Naver,290365.38,35032,1702.0,84.55,2184223.21,4.858415,170.602459,4.967685,3434.244646,752.232642,2026-04-05T23:59:59Z
naver-SYNTH-001-2026-04-05-C11,synthetic-advertiser-001,naver,SYNTH-001,2026-04-05,C11,New Product Launch,Naver,388206.72,42034,1264.0,59.48,2713336.21,3.007089,307.125569,4.705696,6526.676521,698.941072,2026-04-05T23:59:59Z
naver-SYNTH-001-2026-04-05-C12,synthetic-advertiser-001,naver,SYNTH-001,2026-04-05,C12,Low Efficiency Legacy,Naver,221206.31,21822,544.0,9.48,614402.4,2.492897,406.629253,1.742647,23333.999311,277.750842,2026-04-05T23:59:59Z
naver-SYNTH-001-2026-04-06-C01,synthetic-advertiser-001,naver,SYNTH-001,2026-04-06,C01,Brand Search Core,Naver,539771.25,90173,6883.0,580.66,4904372.78,7.633105,78.420928,8.436147,929.582278,908.602083,2026-04-06T23:59:59Z
naver-SYNTH-001-2026-04-06-C02,synthetic-advertiser-001,naver,SYNTH-001,2026-04-06,C02,Brand Search Expansion,Naver,410932.13,61401,3561.0,224.57,2413365.96,5.79958,115.397957,6.306375,1829.86207,587.290652,2026-04-06T23:59:59Z
naver-SYNTH-001-2026-04-06-C03,synthetic-advertiser-001,naver,SYNTH-001,2026-04-06,C03,Generic Search High Intent,Naver,655752.43,82634,3703.0,228.54,5318130.56,4.481206,177.086803,6.171753,2869.311413,810.996698,2026-04-06T23:59:59Z
naver-SYNTH-001-2026-04-06-C04,synthetic-advertiser-001,naver,SYNTH-001,2026-04-06,C04,Generic Search Mid Intent,Naver,576151.39,62858,2274.0,104.82,4328007.3,3.617678,253.364729,4.609499,5496.578835,751.192717,2026-04-06T23:59:59Z
naver-SYNTH-001-2026-04-06-C05,synthetic-advertiser-001,naver,SYNTH-001,2026-04-06,C05,Shopping Best Seller,Naver,853163.69,119193,6944.0,397.81,7614926.28,5.825845,122.863435,5.728831,2144.651193,892.551613,2026-04-06T23:59:59Z
naver-SYNTH-001-2026-04-06-C06,synthetic-advertiser-001,naver,SYNTH-001,2026-04-06,C06,Shopping Long Tail,Naver,463491.2,56794,1512.0,80.47,2971296.92,2.662253,306.5418,5.32209,5759.801192,641.068677,2026-04-06T23:59:59Z
naver-SYNTH-001-2026-04-06-C07,synthetic-advertiser-001,naver,SYNTH-001,2026-04-06,C07,Retargeting,Naver,318412.35,51004,3886.0,411.41,3177520.83,7.61901,81.93833,10.586979,773.953844,997.926375,2026-04-06T23:59:59Z
naver-SYNTH-001-2026-04-06-C08,synthetic-advertiser-001,naver,SYNTH-001,2026-04-06,C08,Competitor,Naver,381966.57,43142,1598.0,71.02,2625951.15,3.704047,239.027892,4.444305,5378.29585,687.48193,2026-04-06T23:59:59Z
naver-SYNTH-001-2026-04-06-C09,synthetic-advertiser-001,naver,SYNTH-001,2026-04-06,C09,Prospecting,Naver,550796.14,54949,1332.0,42.22,3194038.12,2.424066,413.510618,3.16967,13045.858444,579.894787,2026-04-06T23:59:59Z
naver-SYNTH-001-2026-04-06-C10,synthetic-advertiser-001,naver,SYNTH-001,2026-04-06,C10,Seasonal,Naver,340790.46,40649,1481.0,61.96,2575303.84,3.643386,230.108348,4.18366,5500.168867,755.685419,2026-04-06T23:59:59Z
naver-SYNTH-001-2026-04-06-C11,synthetic-advertiser-001,naver,SYNTH-001,2026-04-06,C11,New Product Launch,Naver,523621.01,57620,1897.0,66.65,2426395.56,3.29226,276.025837,3.513442,7856.27925,463.387737,2026-04-06T23:59:59Z
naver-SYNTH-001-2026-04-06-C12,synthetic-advertiser-001,naver,SYNTH-001,2026-04-06,C12,Low Efficiency Legacy,Naver,298074.15,26722,579.0,11.34,745777.66,2.166754,514.808544,1.958549,26285.198123,250.198705,2026-04-06T23:59:59Z
naver-SYNTH-001-2026-04-07-C01,synthetic-advertiser-001,naver,SYNTH-001,2026-04-07,C01,Brand Search Core,Naver,495760.69,78024,6300.0,530.19,3958923.97,8.074439,78.692173,8.415714,935.062312,798.555447,2026-04-07T23:59:59Z
naver-SYNTH-001-2026-04-07-C02,synthetic-advertiser-001,naver,SYNTH-001,2026-04-07,C02,Brand Search Expansion,Naver,410802.87,55071,3555.0,224.43,2844465.59,6.455303,115.556363,6.31308,1830.427614,692.416193,2026-04-07T23:59:59Z
naver-SYNTH-001-2026-04-07-C03,synthetic-advertiser-001,naver,SYNTH-001,2026-04-07,C03,Generic Search High Intent,Naver,693759.39,86989,4549.0,269.32,5839034.93,5.229397,152.50811,5.920422,2575.966847,841.6513,2026-04-07T23:59:59Z
naver-SYNTH-001-2026-04-07-C04,synthetic-advertiser-001,naver,SYNTH-001,2026-04-07,C04,Generic Search Mid Intent,Naver,616076.47,71357,2754.0,125.75,4074526.48,3.859467,223.702422,4.566086,4899.216468,661.367001,2026-04-07T23:59:59Z
naver-SYNTH-001-2026-04-07-C05,synthetic-advertiser-001,naver,SYNTH-001,2026-04-07,C05,Shopping Best Seller,Naver,782536.29,109049,6358.0,425.09,6678887.57,5.830407,123.079002,6.685908,1840.872038,853.492371,2026-04-07T23:59:59Z
naver-SYNTH-001-2026-04-07-C06,synthetic-advertiser-001,naver,SYNTH-001,2026-04-07,C06,Shopping Long Tail,Naver,385716.3,44376,1914.0,100.54,2587002.95,4.313142,201.52367,5.252874,3836.44623,670.700959,2026-04-07T23:59:59Z
naver-SYNTH-001-2026-04-07-C07,synthetic-advertiser-001,naver,SYNTH-001,2026-04-07,C07,Retargeting,Naver,297408.53,49763,3996.0,379.77,2950201.62,8.030062,74.426559,9.503754,783.128025,991.969401,2026-04-07T23:59:59Z
naver-SYNTH-001-2026-04-07-C08,synthetic-advertiser-001,naver,SYNTH-001,2026-04-07,C08,Competitor,Naver,340241.03,38901,1171.0,45.87,2338705.9,3.010205,290.555958,3.917165,7417.50659,687.367399,2026-04-07T23:59:59Z
naver-SYNTH-001-2026-04-07-C09,synthetic-advertiser-001,naver,SYNTH-001,2026-04-07,C09,Prospecting,Naver,675812.23,68927,2154.0,75.31,4157130.95,3.125045,313.747555,3.496286,8973.738318,615.13106,2026-04-07T23:59:59Z
naver-SYNTH-001-2026-04-07-C10,synthetic-advertiser-001,naver,SYNTH-001,2026-04-07,C10,Seasonal,Naver,379283.0,53803,2436.0,151.63,2594640.12,4.527629,155.699096,6.224548,2501.371745,684.090808,2026-04-07T23:59:59Z
naver-SYNTH-001-2026-04-07-C11,synthetic-advertiser-001,naver,SYNTH-001,2026-04-07,C11,New Product Launch,Naver,483627.67,47548,1739.0,71.74,3111252.78,3.657357,278.106771,4.125359,6741.394956,643.315705,2026-04-07T23:59:59Z
naver-SYNTH-001-2026-04-07-C12,synthetic-advertiser-001,naver,SYNTH-001,2026-04-07,C12,Low Efficiency Legacy,Naver,269064.62,25961,624.0,14.16,541787.47,2.403605,431.193302,2.269231,19001.738735,201.359608,2026-04-07T23:59:59Z
naver-SYNTH-001-2026-04-08-C01,synthetic-advertiser-001,naver,SYNTH-001,2026-04-08,C01,Brand Search Core,Naver,576745.09,87121,6974.0,444.16,4515099.88,8.004959,82.699324,6.368798,1298.507493,782.858836,2026-04-08T23:59:59Z
naver-SYNTH-001-2026-04-08-C02,synthetic-advertiser-001,naver,SYNTH-001,2026-04-08,C02,Brand Search Expansion,Naver,316966.97,46056,2705.0,196.29,2530517.62,5.873285,117.178176,7.256562,1614.78917,798.353739,2026-04-08T23:59:59Z
naver-SYNTH-001-2026-04-08-C03,synthetic-advertiser-001,naver,SYNTH-001,2026-04-08,C03,Generic Search High Intent,Naver,723948.86,91450,4633.0,264.11,5229657.12,5.066156,156.259198,5.700626,2741.088426,722.379352,2026-04-08T23:59:59Z
naver-SYNTH-001-2026-04-08-C04,synthetic-advertiser-001,naver,SYNTH-001,2026-04-08,C04,Generic Search Mid Intent,Naver,591988.1,68039,2643.0,117.53,4336868.23,3.884537,223.983391,4.446841,5036.910601,732.593815,2026-04-08T23:59:59Z
naver-SYNTH-001-2026-04-08-C05,synthetic-advertiser-001,naver,SYNTH-001,2026-04-08,C05,Shopping Best Seller,Naver,818889.25,119552,5327.0,330.66,6555076.05,4.455802,153.724281,6.207246,2476.529506,800.483836,2026-04-08T23:59:59Z
naver-SYNTH-001-2026-04-08-C06,synthetic-advertiser-001,naver,SYNTH-001,2026-04-08,C06,Shopping Long Tail,Naver,419698.01,45811,1824.0,62.66,2795101.77,3.981576,230.097591,3.435307,6698.021156,665.979283,2026-04-08T23:59:59Z
naver-SYNTH-001-2026-04-08-C07,synthetic-advertiser-001,naver,SYNTH-001,2026-04-08,C07,Retargeting,Naver,242715.16,44407,3562.0,378.2,3051639.9,8.021258,68.140133,10.617631,641.764027,1257.292688,2026-04-08T23:59:59Z
naver-SYNTH-001-2026-04-08-C08,synthetic-advertiser-001,naver,SYNTH-001,2026-04-08,C08,Competitor,Naver,347579.21,34610,1004.0,30.51,2542092.3,2.900896,346.194436,3.038845,11392.304627,731.370634,2026-04-08T23:59:59Z
naver-SYNTH-001-2026-04-08-C09,synthetic-advertiser-001,naver,SYNTH-001,2026-04-08,C09,Prospecting,Naver,591241.15,58179,1756.0,52.21,3858642.95,3.018271,336.697695,2.973235,11324.289451,652.634366,2026-04-08T23:59:59Z
naver-SYNTH-001-2026-04-08-C10,synthetic-advertiser-001,naver,SYNTH-001,2026-04-08,C10,Seasonal,Naver,377068.69,43337,1747.0,85.78,2551969.22,4.031197,215.837831,4.910132,4395.764638,676.791599,2026-04-08T23:59:59Z
naver-SYNTH-001-2026-04-08-C11,synthetic-advertiser-001,naver,SYNTH-001,2026-04-08,C11,New Product Launch,Naver,520163.53,53546,1927.0,71.67,3517105.77,3.598775,269.934371,3.719253,7257.758243,676.153852,2026-04-08T23:59:59Z
naver-SYNTH-001-2026-04-08-C12,synthetic-advertiser-001,naver,SYNTH-001,2026-04-08,C12,Low Efficiency Legacy,Naver,282190.27,24890,500.0,12.08,708103.2,2.008839,564.380536,2.416,23360.121516,250.93112,2026-04-08T23:59:59Z
naver-SYNTH-001-2026-04-09-C01,synthetic-advertiser-001,naver,SYNTH-001,2026-04-09,C01,Brand Search Core,Naver,481042.05,69295,4896.0,434.77,4386750.89,7.065445,98.252052,8.880106,1106.428796,911.926705,2026-04-09T23:59:59Z
naver-SYNTH-001-2026-04-09-C02,synthetic-advertiser-001,naver,SYNTH-001,2026-04-09,C02,Brand Search Expansion,Naver,380572.38,53167,3471.0,239.62,2675745.77,6.528486,109.643441,6.903486,1588.232965,703.084589,2026-04-09T23:59:59Z
naver-SYNTH-001-2026-04-09-C03,synthetic-advertiser-001,naver,SYNTH-001,2026-04-09,C03,Generic Search High Intent,Naver,626697.72,72619,3910.0,174.72,5113106.08,5.384266,160.280746,4.468542,3586.868811,815.880755,2026-04-09T23:59:59Z
naver-SYNTH-001-2026-04-09-C04,synthetic-advertiser-001,naver,SYNTH-001,2026-04-09,C04,Generic Search Mid Intent,Naver,613780.63,69894,2716.0,109.62,4444632.47,3.885884,225.986979,4.036082,5599.166518,724.140227,2026-04-09T23:59:59Z
naver-SYNTH-001-2026-04-09-C05,synthetic-advertiser-001,naver,SYNTH-001,2026-04-09,C05,Shopping Best Seller,Naver,769365.38,101988,5398.0,351.1,7376238.02,5.29278,142.527859,6.504261,2191.299866,958.743165,2026-04-09T23:59:59Z
naver-SYNTH-001-2026-04-09-C06,synthetic-advertiser-001,naver,SYNTH-001,2026-04-09,C06,Shopping Long Tail,Naver,484752.06,51428,1928.0,81.0,2983028.51,3.748931,251.427417,4.201245,5984.593332,615.372013,2026-04-09T23:59:59Z
naver-SYNTH-001-2026-04-09-C07,synthetic-advertiser-001,naver,SYNTH-001,2026-04-09,C07,Retargeting,Naver,289212.53,47029,4025.0,374.53,3155188.88,8.558549,71.854044,9.305093,772.201231,1090.958579,2026-04-09T23:59:59Z
naver-SYNTH-001-2026-04-09-C08,synthetic-advertiser-001,naver,SYNTH-001,2026-04-09,C08,Competitor,Naver,396939.69,40804,1356.0,55.06,2323762.49,3.323204,292.728386,4.060472,7209.220683,585.419535,2026-04-09T23:59:59Z
naver-SYNTH-001-2026-04-09-C09,synthetic-advertiser-001,naver,SYNTH-001,2026-04-09,C09,Prospecting,Naver,652746.23,64897,1961.0,55.23,3646714.13,3.021711,332.86396,2.81642,11818.689589,558.672572,2026-04-09T23:59:59Z
naver-SYNTH-001-2026-04-09-C10,synthetic-advertiser-001,naver,SYNTH-001,2026-04-09,C10,Seasonal,Naver,342481.24,44812,2024.0,105.11,2423777.59,4.516647,169.210096,5.193182,3258.312579,707.711063,2026-04-09T23:59:59Z
naver-SYNTH-001-2026-04-09-C11,synthetic-advertiser-001,naver,SYNTH-001,2026-04-09,C11,New Product Launch,Naver,533928.28,62192,2146.0,64.15,2944284.18,3.450605,248.801623,2.989282,8323.122101,551.438137,2026-04-09T23:59:59Z
naver-SYNTH-001-2026-04-09-C12,synthetic-advertiser-001,naver,SYNTH-001,2026-04-09,C12,Low Efficiency Legacy,Naver,255126.62,23382,484.0,7.95,578905.83,2.069968,527.12112,1.642562,32091.399031,226.909221,2026-04-09T23:59:59Z
naver-SYNTH-001-2026-04-10-C01,synthetic-advertiser-001,naver,SYNTH-001,2026-04-10,C01,Brand Search Core,Naver,591646.75,84383,6184.0,503.35,4724913.38,7.32849,95.673796,8.139554,1175.418206,798.603786,2026-04-10T23:59:59Z
naver-SYNTH-001-2026-04-10-C02,synthetic-advertiser-001,naver,SYNTH-001,2026-04-10,C02,Brand Search Expansion,Naver,308099.85,42819,2709.0,161.23,2466456.34,6.326631,113.73195,5.951643,1910.933776,800.53798,2026-04-10T23:59:59Z
naver-SYNTH-001-2026-04-10-C03,synthetic-advertiser-001,naver,SYNTH-001,2026-04-10,C03,Generic Search High Intent,Naver,733846.6,96372,4748.0,240.15,5590935.93,4.926742,154.559098,5.057919,3055.784289,761.867119,2026-04-10T23:59:59Z
naver-SYNTH-001-2026-04-10-C04,synthetic-advertiser-001,naver,SYNTH-001,2026-04-10,C04,Generic Search Mid Intent,Naver,595057.14,70153,2781.0,137.75,3538791.06,3.964193,213.972364,4.953254,4319.834076,594.697685,2026-04-10T23:59:59Z
naver-SYNTH-001-2026-04-10-C05,synthetic-advertiser-001,naver,SYNTH-001,2026-04-10,C05,Shopping Best Seller,Naver,809977.83,109959,6867.0,411.55,6899661.94,6.245055,117.952211,5.993156,1968.115247,851.833431,2026-04-10T23:59:59Z
naver-SYNTH-001-2026-04-10-C06,synthetic-advertiser-001,naver,SYNTH-001,2026-04-10,C06,Shopping Long Tail,Naver,384743.13,42445,1567.0,59.83,2623268.8,3.691836,245.528482,3.818124,6430.605571,681.823425,2026-04-10T23:59:59Z
naver-SYNTH-001-2026-04-10-C07,synthetic-advertiser-001,naver,SYNTH-001,2026-04-10,C07,Retargeting,Naver,299486.6,49556,4040.0,399.15,3259558.9,8.152393,74.130347,9.87995,750.310918,1088.382207,2026-04-10T23:59:59Z
naver-SYNTH-001-2026-04-10-C08,synthetic-advertiser-001,naver,SYNTH-001,2026-04-10,C08,Competitor,Naver,294224.99,33186,1194.0,40.22,1699125.93,3.597903,246.419589,3.368509,7315.390083,577.492052,2026-04-10T23:59:59Z
naver-SYNTH-001-2026-04-10-C09,synthetic-advertiser-001,naver,SYNTH-001,2026-04-10,C09,Prospecting,Naver,526082.81,46245,1183.0,36.21,2601657.57,2.558114,444.702292,3.060862,14528.660903,494.533847,2026-04-10T23:59:59Z
naver-SYNTH-001-2026-04-10-C10,synthetic-advertiser-001,naver,SYNTH-001,2026-04-10,C10,Seasonal,Naver,308456.03,39613,1443.0,76.4,2707027.28,3.642744,213.760241,5.294525,4037.382568,877.605568,2026-04-10T23:59:59Z
naver-SYNTH-001-2026-04-10-C11,synthetic-advertiser-001,naver,SYNTH-001,2026-04-10,C11,New Product Launch,Naver,495801.27,56727,1724.0,64.88,3594997.51,3.039117,287.587746,3.763341,7641.819878,725.088397,2026-04-10T23:59:59Z
naver-SYNTH-001-2026-04-10-C12,synthetic-advertiser-001,naver,SYNTH-001,2026-04-10,C12,Low Efficiency Legacy,Naver,273290.57,26000,719.0,12.89,732171.39,2.765385,380.098145,1.792768,21201.750655,267.909499,2026-04-10T23:59:59Z
naver-SYNTH-001-2026-04-11-C01,synthetic-advertiser-001,naver,SYNTH-001,2026-04-11,C01,Brand Search Core,Naver,480724.91,72419,5275.0,435.71,4727380.58,7.284,91.132685,8.259905,1103.31393,983.385812,2026-04-11T23:59:59Z
naver-SYNTH-001-2026-04-11-C02,synthetic-advertiser-001,naver,SYNTH-001,2026-04-11,C02,Brand Search Expansion,Naver,299722.7,42093,2552.0,170.57,2404154.27,6.062766,117.4462,6.683777,1757.182995,802.126178,2026-04-11T23:59:59Z
naver-SYNTH-001-2026-04-11-C03,synthetic-advertiser-001,naver,SYNTH-001,2026-04-11,C03,Generic Search High Intent,Naver,658778.14,89751,4588.0,263.24,4927947.82,5.111921,143.587215,5.737576,2502.576135,748.043614,2026-04-11T23:59:59Z
naver-SYNTH-001-2026-04-11-C04,synthetic-advertiser-001,naver,SYNTH-001,2026-04-11,C04,Generic Search Mid Intent,Naver,495735.55,55246,1808.0,71.93,3606753.63,3.272635,274.190016,3.978429,6891.916438,727.555979,2026-04-11T23:59:59Z
naver-SYNTH-001-2026-04-11-C05,synthetic-advertiser-001,naver,SYNTH-001,2026-04-11,C05,Shopping Best Seller,Naver,717701.07,96343,4132.0,226.14,5232784.72,4.288843,173.693385,5.472894,3173.702436,729.103654,2026-04-11T23:59:59Z
naver-SYNTH-001-2026-04-11-C06,synthetic-advertiser-001,naver,SYNTH-001,2026-04-11,C06,Shopping Long Tail,Naver,355612.95,39947,1423.0,82.64,2391076.05,3.56222,249.903689,5.807449,4303.157659,672.381604,2026-04-11T23:59:59Z
naver-SYNTH-001-2026-04-11-C07,synthetic-advertiser-001,naver,SYNTH-001,2026-04-11,C07,Retargeting,Naver,276802.02,46975,4126.0,494.95,3176266.23,8.783395,67.087256,11.99588,559.252489,1147.486653,2026-04-11T23:59:59Z
naver-SYNTH-001-2026-04-11-C08,synthetic-advertiser-001,naver,SYNTH-001,2026-04-11,C08,Competitor,Naver,328442.05,37197,1488.0,58.75,2088721.0,4.000323,220.727184,3.948253,5590.502978,635.948107,2026-04-11T23:59:59Z
naver-SYNTH-001-2026-04-11-C09,synthetic-advertiser-001,naver,SYNTH-001,2026-04-11,C09,Prospecting,Naver,513137.36,59359,1626.0,56.05,4255126.61,2.739264,315.582632,3.447109,9154.993042,829.237342,2026-04-11T23:59:59Z
naver-SYNTH-001-2026-04-11-C10,synthetic-advertiser-001,naver,SYNTH-001,2026-04-11,C10,Seasonal,Naver,299225.88,35627,1595.0,68.21,1748146.33,4.476942,187.602435,4.276489,4386.833079,584.222965,2026-04-11T23:59:59Z
naver-SYNTH-001-2026-04-11-C11,synthetic-advertiser-001,naver,SYNTH-001,2026-04-11,C11,New Product Launch,Naver,431700.51,53849,1533.0,66.36,2834476.59,2.84685,281.60503,4.328767,6505.432654,656.584026,2026-04-11T23:59:59Z
naver-SYNTH-001-2026-04-11-C12,synthetic-advertiser-001,naver,SYNTH-001,2026-04-11,C12,Low Efficiency Legacy,Naver,286351.3,28740,668.0,12.93,679896.83,2.324287,428.669605,1.935629,22146.271925,237.434522,2026-04-11T23:59:59Z
naver-SYNTH-001-2026-04-12-C01,synthetic-advertiser-001,naver,SYNTH-001,2026-04-12,C01,Brand Search Core,Naver,519680.12,78710,4887.0,431.36,4735058.06,6.208868,106.339291,8.826683,1204.748046,911.148591,2026-04-12T23:59:59Z
naver-SYNTH-001-2026-04-12-C02,synthetic-advertiser-001,naver,SYNTH-001,2026-04-12,C02,Brand Search Expansion,Naver,305658.97,44883,2666.0,183.12,2574415.98,5.939888,114.650778,6.868717,1669.173083,842.251066,2026-04-12T23:59:59Z
naver-SYNTH-001-2026-04-12-C03,synthetic-advertiser-001,naver,SYNTH-001,2026-04-12,C03,Generic Search High Intent,Naver,529548.04,61868,2585.0,144.78,5333888.41,4.17825,204.854176,5.600774,3657.604947,1007.252971,2026-04-12T23:59:59Z
naver-SYNTH-001-2026-04-12-C04,synthetic-advertiser-001,naver,SYNTH-001,2026-04-12,C04,Generic Search Mid Intent,Naver,418357.17,52448,1697.0,58.95,3443349.37,3.235586,246.527504,3.473777,7096.813807,823.064497,2026-04-12T23:59:59Z
naver-SYNTH-001-2026-04-12-C05,synthetic-advertiser-001,naver,SYNTH-001,2026-04-12,C05,Shopping Best Seller,Naver,698001.49,97620,6643.0,455.04,5744357.37,6.804958,105.073233,6.849917,1533.93435,822.972083,2026-04-12T23:59:59Z
naver-SYNTH-001-2026-04-12-C06,synthetic-advertiser-001,naver,SYNTH-001,2026-04-12,C06,Shopping Long Tail,Naver,352761.66,40385,1414.0,66.45,2825283.55,3.5013,249.477835,4.699434,5308.678087,800.904373,2026-04-12T23:59:59Z
naver-SYNTH-001-2026-04-12-C07,synthetic-advertiser-001,naver,SYNTH-001,2026-04-12,C07,Retargeting,Naver,244138.37,46497,4022.0,442.47,2960073.57,8.65002,60.700739,11.001243,551.762543,1212.457321,2026-04-12T23:59:59Z
naver-SYNTH-001-2026-04-12-C08,synthetic-advertiser-001,naver,SYNTH-001,2026-04-12,C08,Competitor,Naver,298777.41,32989,1069.0,40.4,1972576.1,3.240474,279.492429,3.779233,7395.480371,660.21595,2026-04-12T23:59:59Z
naver-SYNTH-001-2026-04-12-C09,synthetic-advertiser-001,naver,SYNTH-001,2026-04-12,C09,Prospecting,Naver,514311.85,58149,1628.0,53.55,2396721.14,2.799704,315.916367,3.289312,9604.329519,466.005432,2026-04-12T23:59:59Z
naver-SYNTH-001-2026-04-12-C10,synthetic-advertiser-001,naver,SYNTH-001,2026-04-12,C10,Seasonal,Naver,315352.81,38566,1901.0,108.74,3008105.9,4.929212,165.887852,5.720147,2900.062604,953.885879,2026-04-12T23:59:59Z
naver-SYNTH-001-2026-04-12-C11,synthetic-advertiser-001,naver,SYNTH-001,2026-04-12,C11,New Product Launch,Naver,459799.85,57464,1804.0,93.02,2636806.26,3.139357,254.877966,5.156319,4943.021394,573.468274,2026-04-12T23:59:59Z
naver-SYNTH-001-2026-04-12-C12,synthetic-advertiser-001,naver,SYNTH-001,2026-04-12,C12,Low Efficiency Legacy,Naver,238803.4,20434,416.0,10.31,593580.38,2.035823,574.046638,2.478365,23162.308562,248.564459,2026-04-12T23:59:59Z
naver-SYNTH-001-2026-04-13-C01,synthetic-advertiser-001,naver,SYNTH-001,2026-04-13,C01,Brand Search Core,Naver,542071.74,88088,7536.0,622.28,4511012.07,8.555081,71.930963,8.257431,871.10583,832.179907,2026-04-13T23:59:59Z
naver-SYNTH-001-2026-04-13-C02,synthetic-advertiser-001,naver,SYNTH-001,2026-04-13,C02,Brand Search Expansion,Naver,379647.15,55499,3873.0,268.5,2476425.46,6.978504,98.024052,6.93261,1413.955878,652.296595,2026-04-13T23:59:59Z
naver-SYNTH-001-2026-04-13-C03,synthetic-advertiser-001,naver,SYNTH-001,2026-04-13,C03,Generic Search High Intent,Naver,555902.56,69767,3467.0,161.01,4862374.61,4.969398,160.341091,4.644073,3452.596503,874.681092,2026-04-13T23:59:59Z
naver-SYNTH-001-2026-04-13-C04,synthetic-advertiser-001,naver,SYNTH-001,2026-04-13,C04,Generic Search Mid Intent,Naver,612539.83,66398,2761.0,120.01,4338162.09,4.158258,221.854339,4.346614,5104.073243,708.225307,2026-04-13T23:59:59Z
naver-SYNTH-001-2026-04-13-C05,synthetic-advertiser-001,naver,SYNTH-001,2026-04-13,C05,Shopping Best Seller,Naver,722561.08,84733,5624.0,339.56,6047074.83,6.63732,128.478143,6.037696,2127.933433,836.894628,2026-04-13T23:59:59Z
naver-SYNTH-001-2026-04-13-C06,synthetic-advertiser-001,naver,SYNTH-001,2026-04-13,C06,Shopping Long Tail,Naver,505016.52,53753,1954.0,82.64,2799249.86,3.635146,258.452672,4.229273,6111.042135,554.288768,2026-04-13T23:59:59Z
naver-SYNTH-001-2026-04-13-C07,synthetic-advertiser-001,naver,SYNTH-001,2026-04-13,C07,Retargeting,Naver,278285.63,47653,3930.0,399.16,2947250.33,8.24712,70.810593,10.156743,697.178154,1059.073842,2026-04-13T23:59:59Z
naver-SYNTH-001-2026-04-13-C08,synthetic-advertiser-001,naver,SYNTH-001,2026-04-13,C08,Competitor,Naver,380132.23,37510,1334.0,54.9,2255918.3,3.556385,284.956691,4.115442,6924.084268,593.456209,2026-04-13T23:59:59Z
naver-SYNTH-001-2026-04-13-C09,synthetic-advertiser-001,naver,SYNTH-001,2026-04-13,C09,Prospecting,Naver,638929.74,64888,1777.0,46.45,2720107.14,2.738565,359.555284,2.613956,13755.21507,425.728678,2026-04-13T23:59:59Z
naver-SYNTH-001-2026-04-13-C10,synthetic-advertiser-001,naver,SYNTH-001,2026-04-13,C10,Seasonal,Naver,377907.09,48307,1836.0,83.08,2196777.58,3.800691,205.83175,4.525054,4548.71321,581.300966,2026-04-13T23:59:59Z
naver-SYNTH-001-2026-04-13-C11,synthetic-advertiser-001,naver,SYNTH-001,2026-04-13,C11,New Product Launch,Naver,523654.94,57374,2551.0,106.56,3328889.56,4.446265,205.274378,4.177185,4914.179214,635.702888,2026-04-13T23:59:59Z
naver-SYNTH-001-2026-04-13-C12,synthetic-advertiser-001,naver,SYNTH-001,2026-04-13,C12,Low Efficiency Legacy,Naver,271611.84,23973,458.0,9.13,603022.31,1.910483,593.038962,1.99345,29749.38056,222.016204,2026-04-13T23:59:59Z
naver-SYNTH-001-2026-04-14-C01,synthetic-advertiser-001,naver,SYNTH-001,2026-04-14,C01,Brand Search Core,Naver,540184.46,76723,6547.0,518.13,4989267.9,8.533295,82.5087,7.914006,1042.565497,923.622996,2026-04-14T23:59:59Z
naver-SYNTH-001-2026-04-14-C02,synthetic-advertiser-001,naver,SYNTH-001,2026-04-14,C02,Brand Search Expansion,Naver,359583.53,49916,2951.0,180.08,2441843.0,5.911932,121.851418,6.102338,1996.798835,679.07531,2026-04-14T23:59:59Z
naver-SYNTH-001-2026-04-14-C03,synthetic-advertiser-001,naver,SYNTH-001,2026-04-14,C03,Generic Search High Intent,Naver,747961.14,119256,5971.0,327.92,6334712.17,5.006876,125.265641,5.491877,2280.925667,846.930648,2026-04-14T23:59:59Z
naver-SYNTH-001-2026-04-14-C04,synthetic-advertiser-001,naver,SYNTH-001,2026-04-14,C04,Generic Search Mid Intent,Naver,473776.45,51235,2465.0,97.04,2377525.49,4.811164,192.201401,3.936714,4882.280024,501.824325,2026-04-14T23:59:59Z
naver-SYNTH-001-2026-04-14-C05,synthetic-advertiser-001,naver,SYNTH-001,2026-04-14,C05,Shopping Best Seller,Naver,854178.43,104066,5544.0,314.96,7149727.08,5.327388,154.072589,5.681097,2712.021954,837.029687,2026-04-14T23:59:59Z
naver-SYNTH-001-2026-04-14-C06,synthetic-advertiser-001,naver,SYNTH-001,2026-04-14,C06,Shopping Long Tail,Naver,424720.0,53040,2104.0,102.12,2930692.27,3.966817,201.863119,4.853612,4159.028618,690.029256,2026-04-14T23:59:59Z
naver-SYNTH-001-2026-04-14-C07,synthetic-advertiser-001,naver,SYNTH-001,2026-04-14,C07,Retargeting,Naver,251450.83,42728,3257.0,314.24,3035084.05,7.622636,77.203201,9.648142,800.187205,1207.028861,2026-04-14T23:59:59Z
naver-SYNTH-001-2026-04-14-C08,synthetic-advertiser-001,naver,SYNTH-001,2026-04-14,C08,Competitor,Naver,370600.26,35416,1146.0,41.12,2507279.72,3.235826,323.385914,3.588133,9012.652186,676.545595,2026-04-14T23:59:59Z
naver-SYNTH-001-2026-04-14-C09,synthetic-advertiser-001,naver,SYNTH-001,2026-04-14,C09,Prospecting,Naver,536478.24,50397,1630.0,43.99,3982796.05,3.23432,329.127752,2.698773,12195.458861,742.396577,2026-04-14T23:59:59Z
naver-SYNTH-001-2026-04-14-C10,synthetic-advertiser-001,naver,SYNTH-001,2026-04-14,C10,Seasonal,Naver,391362.26,45900,2075.0,92.4,2730908.07,4.520697,188.608319,4.453012,4235.522326,697.795451,2026-04-14T23:59:59Z
naver-SYNTH-001-2026-04-14-C11,synthetic-advertiser-001,naver,SYNTH-001,2026-04-14,C11,New Product Launch,Naver,493499.79,53029,2132.0,103.63,3695398.51,4.020442,231.472697,4.860694,4762.132497,748.814606,2026-04-14T23:59:59Z
naver-SYNTH-001-2026-04-14-C12,synthetic-advertiser-001,naver,SYNTH-001,2026-04-14,C12,Low Efficiency Legacy,Naver,253219.7,23241,538.0,13.02,580445.01,2.314875,470.668593,2.420074,19448.5179,229.225847,2026-04-14T23:59:59Z
naver-SYNTH-001-2026-04-15-C01,synthetic-advertiser-001,naver,SYNTH-001,2026-04-15,C01,Brand Search Core,Naver,470351.01,78232,5911.0,457.93,4504536.09,7.555732,79.572156,7.747082,1027.124264,957.696689,2026-04-15T23:59:59Z
naver-SYNTH-001-2026-04-15-C02,synthetic-advertiser-001,naver,SYNTH-001,2026-04-15,C02,Brand Search Expansion,Naver,352464.8,50535,3063.0,211.04,2511667.89,6.061146,115.07176,6.889977,1670.132673,712.601059,2026-04-15T23:59:59Z
naver-SYNTH-001-2026-04-15-C03,synthetic-advertiser-001,naver,SYNTH-001,2026-04-15,C03,Generic Search High Intent,Naver,604139.8,71119,3524.0,157.93,5226128.06,4.955075,171.435811,4.481555,3825.364381,865.052773,2026-04-15T23:59:59Z
naver-SYNTH-001-2026-04-15-C04,synthetic-advertiser-001,naver,SYNTH-001,2026-04-15,C04,Generic Search Mid Intent,Naver,534545.03,67546,2909.0,129.91,3523411.61,4.306695,183.755596,4.465796,4114.733495,659.142153,2026-04-15T23:59:59Z
naver-SYNTH-001-2026-04-15-C05,synthetic-advertiser-001,naver,SYNTH-001,2026-04-15,C05,Shopping Best Seller,Naver,773558.37,91588,5200.0,277.92,6797315.01,5.6776,148.761225,5.344615,2783.385042,878.707447,2026-04-15T23:59:59Z
naver-SYNTH-001-2026-04-15-C06,synthetic-advertiser-001,naver,SYNTH-001,2026-04-15,C06,Shopping Long Tail,Naver,445318.18,48668,1736.0,77.0,3013689.11,3.567026,256.519689,4.435484,5783.35298,676.749625,2026-04-15T23:59:59Z
naver-SYNTH-001-2026-04-15-C07,synthetic-advertiser-001,naver,SYNTH-001,2026-04-15,C07,Retargeting,Naver,290639.53,49832,3968.0,377.57,3145514.51,7.962755,73.24585,9.515373,769.763306,1082.273459,2026-04-15T23:59:59Z
naver-SYNTH-001-2026-04-15-C08,synthetic-advertiser-001,naver,SYNTH-001,2026-04-15,C08,Competitor,Naver,367067.51,39918,1177.0,48.25,2337211.74,2.948545,311.867044,4.099405,7607.616796,636.725309,2026-04-15T23:59:59Z
naver-SYNTH-001-2026-04-15-C09,synthetic-advertiser-001,naver,SYNTH-001,2026-04-15,C09,Prospecting,Naver,664748.58,82058,2246.0,66.59,4848530.12,2.737088,295.969984,2.964826,9982.70889,729.378028,2026-04-15T23:59:59Z
naver-SYNTH-001-2026-04-15-C10,synthetic-advertiser-001,naver,SYNTH-001,2026-04-15,C10,Seasonal,Naver,339547.84,43781,1991.0,111.15,2497511.08,4.547635,170.541356,5.582622,3054.861357,735.540265,2026-04-15T23:59:59Z
naver-SYNTH-001-2026-04-15-C11,synthetic-advertiser-001,naver,SYNTH-001,2026-04-15,C11,New Product Launch,Naver,530177.56,56521,2236.0,67.65,4151120.62,3.956052,237.109821,3.025492,7837.066654,782.967998,2026-04-15T23:59:59Z
naver-SYNTH-001-2026-04-15-C12,synthetic-advertiser-001,naver,SYNTH-001,2026-04-15,C12,Low Efficiency Legacy,Naver,280624.53,27699,630.0,12.06,584116.84,2.27445,445.435759,1.914286,23269.032179,208.148889,2026-04-15T23:59:59Z
naver-SYNTH-001-2026-04-16-C01,synthetic-advertiser-001,naver,SYNTH-001,2026-04-16,C01,Brand Search Core,Naver,548018.0,76823,6115.0,471.26,4727638.69,7.959856,89.618642,7.706623,1162.878236,862.679458,2026-04-16T23:59:59Z
naver-SYNTH-001-2026-04-16-C02,synthetic-advertiser-001,naver,SYNTH-001,2026-04-16,C02,Brand Search Expansion,Naver,343681.24,50793,3415.0,255.32,2605922.41,6.723367,100.638722,7.476428,1346.080351,758.2382,2026-04-16T23:59:59Z
naver-SYNTH-001-2026-04-16-C03,synthetic-advertiser-001,naver,SYNTH-001,2026-04-16,C03,Generic Search High Intent,Naver,667818.45,81719,4013.0,289.57,5737549.31,4.910731,166.413768,7.215799,2306.241842,859.148067,2026-04-16T23:59:59Z
naver-SYNTH-001-2026-04-16-C04,synthetic-advertiser-001,naver,SYNTH-001,2026-04-16,C04,Generic Search Mid Intent,Naver,581613.87,68451,2418.0,102.02,4439901.6,3.532454,240.535099,4.219189,5700.978912,763.376157,2026-04-16T23:59:59Z
naver-SYNTH-001-2026-04-16-C05,synthetic-advertiser-001,naver,SYNTH-001,2026-04-16,C05,Shopping Best Seller,Naver,786159.49,108646,6065.0,374.62,7601766.86,5.58235,129.62234,6.176752,2098.551842,966.949702,2026-04-16T23:59:59Z
naver-SYNTH-001-2026-04-16-C06,synthetic-advertiser-001,naver,SYNTH-001,2026-04-16,C06,Shopping Long Tail,Naver,409600.93,43600,1659.0,69.53,2285824.19,3.805046,246.896278,4.191079,5890.995622,558.061286,2026-04-16T23:59:59Z
naver-SYNTH-001-2026-04-16-C07,synthetic-advertiser-001,naver,SYNTH-001,2026-04-16,C07,Retargeting,Naver,279151.23,46253,4072.0,424.22,2996868.28,8.803753,68.553839,10.417976,658.034112,1073.564414,2026-04-16T23:59:59Z
naver-SYNTH-001-2026-04-16-C08,synthetic-advertiser-001,naver,SYNTH-001,2026-04-16,C08,Competitor,Naver,358426.64,37250,1305.0,50.43,1984217.33,3.503356,274.656427,3.864368,7107.409019,553.590923,2026-04-16T23:59:59Z
naver-SYNTH-001-2026-04-16-C09,synthetic-advertiser-001,naver,SYNTH-001,2026-04-16,C09,Prospecting,Naver,631094.18,62981,1702.0,45.14,4487921.49,2.702402,370.795642,2.652174,13980.819296,711.133395,2026-04-16T23:59:59Z
naver-SYNTH-001-2026-04-16-C10,synthetic-advertiser-001,naver,SYNTH-001,2026-04-16,C10,Seasonal,Naver,373589.53,44938,2100.0,115.54,2983699.47,4.673105,177.899774,5.501905,3233.421552,798.657152,2026-04-16T23:59:59Z
naver-SYNTH-001-2026-04-16-C11,synthetic-advertiser-001,naver,SYNTH-001,2026-04-16,C11,New Product Launch,Naver,520421.23,54595,1575.0,60.6,3535090.46,2.88488,330.426176,3.847619,8587.809037,679.274839,2026-04-16T23:59:59Z
naver-SYNTH-001-2026-04-16-C12,synthetic-advertiser-001,naver,SYNTH-001,2026-04-16,C12,Low Efficiency Legacy,Naver,284240.56,27231,660.0,12.49,779279.92,2.423708,430.667512,1.892424,22757.450608,274.162115,2026-04-16T23:59:59Z
naver-SYNTH-001-2026-04-17-C01,synthetic-advertiser-001,naver,SYNTH-001,2026-04-17,C01,Brand Search Core,Naver,545049.43,86185,6615.0,629.13,4827448.85,7.67535,82.395983,9.510658,866.354217,885.690105,2026-04-17T23:59:59Z
naver-SYNTH-001-2026-04-17-C02,synthetic-advertiser-001,naver,SYNTH-001,2026-04-17,C02,Brand Search Expansion,Naver,369496.54,56677,3443.0,200.55,2668565.36,6.074775,107.318193,5.824862,1842.416048,722.216607,2026-04-17T23:59:59Z
naver-SYNTH-001-2026-04-17-C03,synthetic-advertiser-001,naver,SYNTH-001,2026-04-17,C03,Generic Search High Intent,Naver,573121.92,66880,3222.0,201.67,5439923.69,4.817584,177.877692,6.259156,2841.879922,949.173895,2026-04-17T23:59:59Z
naver-SYNTH-001-2026-04-17-C04,synthetic-advertiser-001,naver,SYNTH-001,2026-04-17,C04,Generic Search Mid Intent,Naver,635864.38,71573,3097.0,140.08,4233139.01,4.327051,205.316236,4.523087,4539.294559,665.729852,2026-04-17T23:59:59Z
naver-SYNTH-001-2026-04-17-C05,synthetic-advertiser-001,naver,SYNTH-001,2026-04-17,C05,Shopping Best Seller,Naver,828842.48,117021,6717.0,387.93,7531473.27,5.739995,123.394742,5.775346,2136.577427,908.673655,2026-04-17T23:59:59Z
naver-SYNTH-001-2026-04-17-C06,synthetic-advertiser-001,naver,SYNTH-001,2026-04-17,C06,Shopping Long Tail,Naver,446997.75,44641,1523.0,77.51,2608574.84,3.411662,293.498195,5.089297,5766.9688,583.576726,2026-04-17T23:59:59Z
naver-SYNTH-001-2026-04-17-C07,synthetic-advertiser-001,naver,SYNTH-001,2026-04-17,C07,Retargeting,Naver,301171.35,53385,4640.0,395.89,3372139.52,8.69158,64.907618,8.532112,760.74502,1119.674753,2026-04-17T23:59:59Z
naver-SYNTH-001-2026-04-17-C08,synthetic-advertiser-001,naver,SYNTH-001,2026-04-17,C08,Competitor,Naver,278863.24,29013,613.0,17.36,1603727.03,2.112846,454.915561,2.831974,16063.550632,575.094456,2026-04-17T23:59:59Z
naver-SYNTH-001-2026-04-17-C09,synthetic-advertiser-001,naver,SYNTH-001,2026-04-17,C09,Prospecting,Naver,541491.58,56521,1781.0,54.12,3334586.85,3.151041,304.037945,3.038742,10005.387654,615.815087,2026-04-17T23:59:59Z
naver-SYNTH-001-2026-04-17-C10,synthetic-advertiser-001,naver,SYNTH-001,2026-04-17,C10,Seasonal,Naver,364618.68,47079,2373.0,130.29,2686832.36,5.040464,153.653046,5.490518,2798.516216,736.888295,2026-04-17T23:59:59Z
naver-SYNTH-001-2026-04-17-C11,synthetic-advertiser-001,naver,SYNTH-001,2026-04-17,C11,New Product Launch,Naver,507225.65,66882,2596.0,93.56,3157754.8,3.881463,195.387383,3.604006,5421.394249,622.554246,2026-04-17T23:59:59Z
naver-SYNTH-001-2026-04-17-C12,synthetic-advertiser-001,naver,SYNTH-001,2026-04-17,C12,Low Efficiency Legacy,Naver,292656.35,26361,621.0,10.74,693936.54,2.355753,471.266264,1.729469,27249.194594,237.116516,2026-04-17T23:59:59Z
naver-SYNTH-001-2026-04-18-C01,synthetic-advertiser-001,naver,SYNTH-001,2026-04-18,C01,Brand Search Core,Naver,559520.61,79709,5380.0,384.32,4713414.42,6.749551,104.000114,7.143494,1455.871702,842.402284,2026-04-18T23:59:59Z
naver-SYNTH-001-2026-04-18-C02,synthetic-advertiser-001,naver,SYNTH-001,2026-04-18,C02,Brand Search Expansion,Naver,328408.82,48024,2740.0,170.7,2204647.39,5.705481,119.857234,6.229927,1923.89467,671.311869,2026-04-18T23:59:59Z
naver-SYNTH-001-2026-04-18-C03,synthetic-advertiser-001,naver,SYNTH-001,2026-04-18,C03,Generic Search High Intent,Naver,649955.33,77307,4284.0,221.22,5059366.09,5.541542,151.71693,5.163866,2938.04958,778.417512,2026-04-18T23:59:59Z
naver-SYNTH-001-2026-04-18-C04,synthetic-advertiser-001,naver,SYNTH-001,2026-04-18,C04,Generic Search Mid Intent,Naver,463295.58,56068,2093.0,82.95,2757278.23,3.732967,221.354792,3.963211,5585.239051,595.144515,2026-04-18T23:59:59Z
naver-SYNTH-001-2026-04-18-C05,synthetic-advertiser-001,naver,SYNTH-001,2026-04-18,C05,Shopping Best Seller,Naver,809043.06,106604,4757.0,317.98,7115840.11,4.462309,170.07422,6.684465,2544.320596,879.537868,2026-04-18T23:59:59Z
naver-SYNTH-001-2026-04-18-C06,synthetic-advertiser-001,naver,SYNTH-001,2026-04-18,C06,Shopping Long Tail,Naver,425147.2,47420,2115.0,109.53,2834809.13,4.460143,201.015223,5.178723,3881.559356,666.782978,2026-04-18T23:59:59Z
naver-SYNTH-001-2026-04-18-C07,synthetic-advertiser-001,naver,SYNTH-001,2026-04-18,C07,Retargeting,Naver,259222.06,43167,3611.0,314.84,2909923.24,8.365186,71.786779,8.718914,823.345376,1122.560041,2026-04-18T23:59:59Z
naver-SYNTH-001-2026-04-18-C08,synthetic-advertiser-001,naver,SYNTH-001,2026-04-18,C08,Competitor,Naver,310579.34,32321,1120.0,32.17,1851787.72,3.465239,277.302982,2.872321,9654.315819,596.236607,2026-04-18T23:59:59Z
naver-SYNTH-001-2026-04-18-C09,synthetic-advertiser-001,naver,SYNTH-001,2026-04-18,C09,Prospecting,Naver,572088.84,52851,1180.0,34.81,4118184.28,2.232692,484.821048,2.95,16434.611798,719.850488,2026-04-18T23:59:59Z
naver-SYNTH-001-2026-04-18-C10,synthetic-advertiser-001,naver,SYNTH-001,2026-04-18,C10,Seasonal,Naver,313061.05,39141,1797.0,115.0,1852145.32,4.591094,174.213162,6.399555,2722.270024,591.62432,2026-04-18T23:59:59Z
naver-SYNTH-001-2026-04-18-C11,synthetic-advertiser-001,naver,SYNTH-001,2026-04-18,C11,New Product Launch,Naver,450107.6,44108,1725.0,61.65,3178394.65,3.910855,260.931941,3.573913,7301.015384,706.141078,2026-04-18T23:59:59Z
naver-SYNTH-001-2026-04-18-C12,synthetic-advertiser-001,naver,SYNTH-001,2026-04-18,C12,Low Efficiency Legacy,Naver,267810.77,25460,501.0,8.86,665099.08,1.967793,534.55244,1.768463,30226.949478,248.34665,2026-04-18T23:59:59Z
naver-SYNTH-001-2026-04-19-C01,synthetic-advertiser-001,naver,SYNTH-001,2026-04-19,C01,Brand Search Core,Naver,504073.04,71641,5739.0,464.28,4427511.41,8.010776,87.832905,8.089911,1085.709142,878.347195,2026-04-19T23:59:59Z
naver-SYNTH-001-2026-04-19-C02,synthetic-advertiser-001,naver,SYNTH-001,2026-04-19,C02,Brand Search Expansion,Naver,334049.63,49926,2986.0,213.73,2454117.34,5.980852,111.871947,7.157736,1562.951547,734.656496,2026-04-19T23:59:59Z
naver-SYNTH-001-2026-04-19-C03,synthetic-advertiser-001,naver,SYNTH-001,2026-04-19,C03,Generic Search High Intent,Naver,602239.2,80675,3743.0,220.81,5670444.13,4.639603,160.897462,5.899279,2727.409086,941.560118,2026-04-19T23:59:59Z
naver-SYNTH-001-2026-04-19-C04,synthetic-advertiser-001,naver,SYNTH-001,2026-04-19,C04,Generic Search Mid Intent,Naver,429137.53,46164,2212.0,126.93,3291822.04,4.791613,194.004308,5.738246,3380.899152,767.078574,2026-04-19T23:59:59Z
naver-SYNTH-001-2026-04-19-C05,synthetic-advertiser-001,naver,SYNTH-001,2026-04-19,C05,Shopping Best Seller,Naver,632530.69,85841,4039.0,238.63,4824007.52,4.705211,156.605765,5.908146,2650.675463,762.651936,2026-04-19T23:59:59Z
naver-SYNTH-001-2026-04-19-C06,synthetic-advertiser-001,naver,SYNTH-001,2026-04-19,C06,Shopping Long Tail,Naver,327209.25,35201,1399.0,56.26,1819132.93,3.974319,233.887957,4.021444,5816.019405,555.954002,2026-04-19T23:59:59Z
naver-SYNTH-001-2026-04-19-C07,synthetic-advertiser-001,naver,SYNTH-001,2026-04-19,C07,Retargeting,Naver,228661.64,35845,2966.0,282.49,2946070.19,8.274515,77.094282,9.524275,809.450388,1288.39721,2026-04-19T23:59:59Z
naver-SYNTH-001-2026-04-19-C08,synthetic-advertiser-001,naver,SYNTH-001,2026-04-19,C08,Competitor,Naver,295191.58,29165,1143.0,37.5,1983741.45,3.919081,258.260352,3.28084,7871.775541,672.018299,2026-04-19T23:59:59Z
naver-SYNTH-001-2026-04-19-C09,synthetic-advertiser-001,naver,SYNTH-001,2026-04-19,C09,Prospecting,Naver,542125.3,55709,1627.0,44.19,3599217.37,2.920533,333.205472,2.716042,12268.053912,663.90876,2026-04-19T23:59:59Z
naver-SYNTH-001-2026-04-19-C10,synthetic-advertiser-001,naver,SYNTH-001,2026-04-19,C10,Seasonal,Naver,324541.55,42974,1595.0,82.37,2104375.15,3.711547,203.474326,5.164263,3940.045524,648.414711,2026-04-19T23:59:59Z
naver-SYNTH-001-2026-04-19-C11,synthetic-advertiser-001,naver,SYNTH-001,2026-04-19,C11,New Product Launch,Naver,438701.89,55171,1964.0,72.62,3406646.29,3.559841,223.371634,3.697556,6041.061541,776.528748,2026-04-19T23:59:59Z
naver-SYNTH-001-2026-04-19-C12,synthetic-advertiser-001,naver,SYNTH-001,2026-04-19,C12,Low Efficiency Legacy,Naver,258960.69,25480,480.0,9.42,649063.09,1.88383,539.50143,1.9625,27490.51872,250.641556,2026-04-19T23:59:59Z
naver-SYNTH-001-2026-04-20-C01,synthetic-advertiser-001,naver,SYNTH-001,2026-04-20,C01,Brand Search Core,Naver,520490.47,77145,5681.0,457.11,4766414.97,7.364055,91.619516,8.046295,1138.654744,915.754513,2026-04-20T23:59:59Z
naver-SYNTH-001-2026-04-20-C02,synthetic-advertiser-001,naver,SYNTH-001,2026-04-20,C02,Brand Search Expansion,Naver,380080.56,51596,3248.0,225.03,2550570.51,6.295062,117.019877,6.928264,1689.021733,671.0605,2026-04-20T23:59:59Z
naver-SYNTH-001-2026-04-20-C03,synthetic-advertiser-001,naver,SYNTH-001,2026-04-20,C03,Generic Search High Intent,Naver,702866.64,87970,4787.0,241.17,5518331.86,5.441628,146.82821,5.03802,2914.403291,785.117906,2026-04-20T23:59:59Z
naver-SYNTH-001-2026-04-20-C04,synthetic-advertiser-001,naver,SYNTH-001,2026-04-20,C04,Generic Search Mid Intent,Naver,491290.99,58355,2338.0,96.69,3169175.46,4.006512,210.133014,4.135586,5081.094076,645.070956,2026-04-20T23:59:59Z
naver-SYNTH-001-2026-04-20-C05,synthetic-advertiser-001,naver,SYNTH-001,2026-04-20,C05,Shopping Best Seller,Naver,740135.16,102781,5949.0,384.75,7890710.78,5.788035,124.413374,6.467474,1923.678137,1066.117538,2026-04-20T23:59:59Z
naver-SYNTH-001-2026-04-20-C06,synthetic-advertiser-001,naver,SYNTH-001,2026-04-20,C06,Shopping Long Tail,Naver,402281.05,44238,1531.0,81.14,2648581.18,3.460826,262.757053,5.299804,4957.863552,658.390743,2026-04-20T23:59:59Z
naver-SYNTH-001-2026-04-20-C07,synthetic-advertiser-001,naver,SYNTH-001,2026-04-20,C07,Retargeting,Naver,275892.04,43207,3796.0,393.38,3239494.86,8.785613,72.679673,10.363014,701.337224,1174.189329,2026-04-20T23:59:59Z
naver-SYNTH-001-2026-04-20-C08,synthetic-advertiser-001,naver,SYNTH-001,2026-04-20,C08,Competitor,Naver,369263.15,42186,1188.0,34.5,1896114.33,2.8161,310.827572,2.90404,10703.279854,513.485925,2026-04-20T23:59:59Z
naver-SYNTH-001-2026-04-20-C09,synthetic-advertiser-001,naver,SYNTH-001,2026-04-20,C09,Prospecting,Naver,579767.64,62597,1833.0,65.14,3704692.23,2.928255,316.294404,3.553737,8900.332246,638.996033,2026-04-20T23:59:59Z
naver-SYNTH-001-2026-04-20-C10,synthetic-advertiser-001,naver,SYNTH-001,2026-04-20,C10,Seasonal,Naver,372053.13,43639,2155.0,93.19,2275412.68,4.938243,172.646463,4.324362,3992.414719,611.582731,2026-04-20T23:59:59Z
naver-SYNTH-001-2026-04-20-C11,synthetic-advertiser-001,naver,SYNTH-001,2026-04-20,C11,New Product Launch,Naver,509382.26,57519,2187.0,93.59,2593347.93,3.802222,232.913698,4.279378,5442.699616,509.116267,2026-04-20T23:59:59Z
naver-SYNTH-001-2026-04-20-C12,synthetic-advertiser-001,naver,SYNTH-001,2026-04-20,C12,Low Efficiency Legacy,Naver,299937.04,27605,665.0,16.55,634813.49,2.408984,451.033145,2.488722,18123.084063,211.648914,2026-04-20T23:59:59Z
naver-SYNTH-001-2026-04-21-C01,synthetic-advertiser-001,naver,SYNTH-001,2026-04-21,C01,Brand Search Core,Naver,495977.83,83338,6239.0,552.54,4718230.83,7.486381,79.496366,8.856227,897.632442,951.298737,2026-04-21T23:59:59Z
naver-SYNTH-001-2026-04-21-C02,synthetic-advertiser-001,naver,SYNTH-001,2026-04-21,C02,Brand Search Expansion,Naver,336637.92,50122,2622.0,169.59,2382090.23,5.231236,128.38975,6.467963,1985.010456,707.611968,2026-04-21T23:59:59Z
naver-SYNTH-001-2026-04-21-C03,synthetic-advertiser-001,naver,SYNTH-001,2026-04-21,C03,Generic Search High Intent,Naver,724226.31,87724,3304.0,214.16,4912339.5,3.766358,219.196826,6.48184,3381.706735,678.287906,2026-04-21T23:59:59Z
naver-SYNTH-001-2026-04-21-C04,synthetic-advertiser-001,naver,SYNTH-001,2026-04-21,C04,Generic Search Mid Intent,Naver,516114.98,57893,2808.0,96.13,3293522.53,4.850327,183.801632,3.423433,5368.927304,638.137362,2026-04-21T23:59:59Z
naver-SYNTH-001-2026-04-21-C05,synthetic-advertiser-001,naver,SYNTH-001,2026-04-21,C05,Shopping Best Seller,Naver,826620.92,113356,4237.0,251.62,6547093.9,3.737782,195.095804,5.938636,3285.195626,792.030992,2026-04-21T23:59:59Z
naver-SYNTH-001-2026-04-21-C06,synthetic-advertiser-001,naver,SYNTH-001,2026-04-21,C06,Shopping Long Tail,Naver,438325.68,43531,1777.0,81.63,2846777.0,4.082148,246.666114,4.593697,5369.664144,649.466162,2026-04-21T23:59:59Z
naver-SYNTH-001-2026-04-21-C07,synthetic-advertiser-001,naver,SYNTH-001,2026-04-21,C07,Retargeting,Naver,264259.06,46908,3589.0,313.41,2788322.38,7.651147,73.630275,8.732516,843.173666,1055.147321,2026-04-21T23:59:59Z
naver-SYNTH-001-2026-04-21-C08,synthetic-advertiser-001,naver,SYNTH-001,2026-04-21,C08,Competitor,Naver,344904.68,37554,1284.0,56.31,1624441.38,3.419077,268.617353,4.385514,6125.105324,470.982701,2026-04-21T23:59:59Z
naver-SYNTH-001-2026-04-21-C09,synthetic-advertiser-001,naver,SYNTH-001,2026-04-21,C09,Prospecting,Naver,568267.86,51448,1333.0,37.88,3431379.13,2.590966,426.307468,2.84171,15001.79132,603.831291,2026-04-21T23:59:59Z
naver-SYNTH-001-2026-04-21-C10,synthetic-advertiser-001,naver,SYNTH-001,2026-04-21,C10,Seasonal,Naver,372834.43,48923,2033.0,89.0,2294378.45,4.15551,183.391257,4.377767,4189.150855,615.388036,2026-04-21T23:59:59Z
naver-SYNTH-001-2026-04-21-C11,synthetic-advertiser-001,naver,SYNTH-001,2026-04-21,C11,New Product Launch,Naver,556540.27,60254,2051.0,66.97,4616927.73,3.403923,271.350694,3.265236,8310.29227,829.576573,2026-04-21T23:59:59Z
naver-SYNTH-001-2026-04-21-C12,synthetic-advertiser-001,naver,SYNTH-001,2026-04-21,C12,Low Efficiency Legacy,Naver,250710.98,24218,396.0,8.94,611492.42,1.635147,633.108534,2.257576,28043.73372,243.903326,2026-04-21T23:59:59Z
naver-SYNTH-001-2026-04-22-C01,synthetic-advertiser-001,naver,SYNTH-001,2026-04-22,C01,Brand Search Core,Naver,502783.03,70546,5813.0,427.11,4689785.74,8.240014,86.492866,7.347497,1177.174574,932.765316,2026-04-22T23:59:59Z
naver-SYNTH-001-2026-04-22-C02,synthetic-advertiser-001,naver,SYNTH-001,2026-04-22,C02,Brand Search Expansion,Naver,345618.34,48695,3166.0,231.48,2345972.51,6.501694,109.165616,7.311434,1493.08078,678.775471,2026-04-22T23:59:59Z
naver-SYNTH-001-2026-04-22-C03,synthetic-advertiser-001,naver,SYNTH-001,2026-04-22,C03,Generic Search High Intent,Naver,675849.76,86162,4429.0,272.03,5754994.78,5.140317,152.596469,6.142019,2484.467745,851.519837,2026-04-22T23:59:59Z
naver-SYNTH-001-2026-04-22-C04,synthetic-advertiser-001,naver,SYNTH-001,2026-04-22,C04,Generic Search Mid Intent,Naver,621420.37,69111,2118.0,84.66,3463982.7,3.064635,293.399607,3.997167,7340.188606,557.429862,2026-04-22T23:59:59Z
naver-SYNTH-001-2026-04-22-C05,synthetic-advertiser-001,naver,SYNTH-001,2026-04-22,C05,Shopping Best Seller,Naver,796777.34,95594,5907.0,323.4,5787114.0,6.179258,134.886972,5.47486,2463.751829,726.315082,2026-04-22T23:59:59Z
naver-SYNTH-001-2026-04-22-C06,synthetic-advertiser-001,naver,SYNTH-001,2026-04-22,C06,Shopping Long Tail,Naver,386855.68,40097,1643.0,72.82,2855128.34,4.097563,235.456897,4.432136,5312.492188,738.034485,2026-04-22T23:59:59Z
naver-SYNTH-001-2026-04-22-C07,synthetic-advertiser-001,naver,SYNTH-001,2026-04-22,C07,Retargeting,Naver,299076.29,46747,3580.0,334.35,2918020.02,7.658245,83.540864,9.339385,894.50065,975.677477,2026-04-22T23:59:59Z
naver-SYNTH-001-2026-04-22-C08,synthetic-advertiser-001,naver,SYNTH-001,2026-04-22,C08,Competitor,Naver,298649.64,28630,1072.0,31.89,1505635.06,3.744324,278.591082,2.974813,9364.993396,504.147625,2026-04-22T23:59:59Z
naver-SYNTH-001-2026-04-22-C09,synthetic-advertiser-001,naver,SYNTH-001,2026-04-22,C09,Prospecting,Naver,618007.72,67594,1994.0,56.25,3958622.08,2.949966,309.933662,2.820963,10986.803946,640.545731,2026-04-22T23:59:59Z
naver-SYNTH-001-2026-04-22-C10,synthetic-advertiser-001,naver,SYNTH-001,2026-04-22,C10,Seasonal,Naver,365158.95,51251,2316.0,115.81,2596212.08,4.518936,157.667941,5.000432,3153.086524,710.981361,2026-04-22T23:59:59Z
naver-SYNTH-001-2026-04-22-C11,synthetic-advertiser-001,naver,SYNTH-001,2026-04-22,C11,New Product Launch,Naver,439877.4,46985,1406.0,43.84,2803986.14,2.992444,312.857327,3.118065,10033.699873,637.44719,2026-04-22T23:59:59Z
naver-SYNTH-001-2026-04-22-C12,synthetic-advertiser-001,naver,SYNTH-001,2026-04-22,C12,Low Efficiency Legacy,Naver,315066.88,25898,486.0,11.23,874586.62,1.876593,648.285769,2.3107,28055.822226,277.587606,2026-04-22T23:59:59Z
naver-SYNTH-001-2026-04-23-C01,synthetic-advertiser-001,naver,SYNTH-001,2026-04-23,C01,Brand Search Core,Naver,490679.35,80949,6453.0,513.2,4706021.96,7.971686,76.038951,7.95289,956.117203,959.082949,2026-04-23T23:59:59Z
naver-SYNTH-001-2026-04-23-C02,synthetic-advertiser-001,naver,SYNTH-001,2026-04-23,C02,Brand Search Expansion,Naver,384035.09,58399,3807.0,273.53,2527838.63,6.518947,100.876041,7.184923,1403.996231,658.231161,2026-04-23T23:59:59Z
naver-SYNTH-001-2026-04-23-C03,synthetic-advertiser-001,naver,SYNTH-001,2026-04-23,C03,Generic Search High Intent,Naver,674690.82,79522,4011.0,160.44,6181263.77,5.043887,168.210128,4.0,4205.253206,916.162418,2026-04-23T23:59:59Z
naver-SYNTH-001-2026-04-23-C04,synthetic-advertiser-001,naver,SYNTH-001,2026-04-23,C04,Generic Search Mid Intent,Naver,512551.32,62917,2290.0,112.6,3108069.75,3.639716,223.821538,4.917031,4551.965559,606.391909,2026-04-23T23:59:59Z
naver-SYNTH-001-2026-04-23-C05,synthetic-advertiser-001,naver,SYNTH-001,2026-04-23,C05,Shopping Best Seller,Naver,842773.18,112275,7175.0,376.31,5964504.72,6.390559,117.459677,5.244739,2239.571575,707.723604,2026-04-23T23:59:59Z
naver-SYNTH-001-2026-04-23-C06,synthetic-advertiser-001,naver,SYNTH-001,2026-04-23,C06,Shopping Long Tail,Naver,465900.13,53618,1685.0,70.01,2201757.02,3.142601,276.498596,4.154896,6654.765526,472.581324,2026-04-23T23:59:59Z
naver-SYNTH-001-2026-04-23-C07,synthetic-advertiser-001,naver,SYNTH-001,2026-04-23,C07,Retargeting,Naver,275793.77,42863,3791.0,382.81,2946966.98,8.844458,72.74961,10.097863,720.44558,1068.540075,2026-04-23T23:59:59Z
naver-SYNTH-001-2026-04-23-C08,synthetic-advertiser-001,naver,SYNTH-001,2026-04-23,C08,Competitor,Naver,315453.53,33009,924.0,32.51,1406581.32,2.799237,341.399927,3.518398,9703.276913,445.891765,2026-04-23T23:59:59Z
naver-SYNTH-001-2026-04-23-C09,synthetic-advertiser-001,naver,SYNTH-001,2026-04-23,C09,Prospecting,Naver,611248.25,69178,1522.0,45.63,4456890.3,2.200121,401.608573,2.998029,13395.753838,729.145698,2026-04-23T23:59:59Z
naver-SYNTH-001-2026-04-23-C10,synthetic-advertiser-001,naver,SYNTH-001,2026-04-23,C10,Seasonal,Naver,368758.01,50600,2529.0,160.18,2279746.89,4.998024,145.811787,6.333729,2302.14764,618.223018,2026-04-23T23:59:59Z
naver-SYNTH-001-2026-04-23-C11,synthetic-advertiser-001,naver,SYNTH-001,2026-04-23,C11,New Product Launch,Naver,531048.55,68949,2283.0,89.73,2979907.86,3.311143,232.609966,3.930355,5918.294355,561.136612,2026-04-23T23:59:59Z
naver-SYNTH-001-2026-04-23-C12,synthetic-advertiser-001,naver,SYNTH-001,2026-04-23,C12,Low Efficiency Legacy,Naver,340890.77,27569,565.0,10.94,735336.99,2.049403,603.346494,1.936283,31160.033728,215.710442,2026-04-23T23:59:59Z
naver-SYNTH-001-2026-04-24-C01,synthetic-advertiser-001,naver,SYNTH-001,2026-04-24,C01,Brand Search Core,Naver,440826.39,63706,4826.0,432.31,4000016.79,7.575425,91.344051,8.957936,1019.699729,907.390502,2026-04-24T23:59:59Z
naver-SYNTH-001-2026-04-24-C02,synthetic-advertiser-001,naver,SYNTH-001,2026-04-24,C02,Brand Search Expansion,Naver,445138.28,62757,3912.0,263.06,2778520.97,6.233568,113.787904,6.724438,1692.154945,624.192773,2026-04-24T23:59:59Z
naver-SYNTH-001-2026-04-24-C03,synthetic-advertiser-001,naver,SYNTH-001,2026-04-24,C03,Generic Search High Intent,Naver,741285.04,90286,4736.0,231.74,5462002.37,5.245553,156.521335,4.893159,3198.778992,736.828891,2026-04-24T23:59:59Z
naver-SYNTH-001-2026-04-24-C04,synthetic-advertiser-001,naver,SYNTH-001,2026-04-24,C04,Generic Search Mid Intent,Naver,627895.4,71845,2833.0,157.66,3762483.62,3.943211,221.636216,5.565125,3982.591661,599.2214,2026-04-24T23:59:59Z
naver-SYNTH-001-2026-04-24-C05,synthetic-advertiser-001,naver,SYNTH-001,2026-04-24,C05,Shopping Best Seller,Naver,876257.94,107511,6413.0,345.86,7410022.33,5.964971,136.637757,5.393108,2533.562533,845.643961,2026-04-24T23:59:59Z
naver-SYNTH-001-2026-04-24-C06,synthetic-advertiser-001,naver,SYNTH-001,2026-04-24,C06,Shopping Long Tail,Naver,356792.56,45329,1710.0,79.36,2441757.12,3.772419,208.65062,4.640936,4495.874003,684.363237,2026-04-24T23:59:59Z
naver-SYNTH-001-2026-04-24-C07,synthetic-advertiser-001,naver,SYNTH-001,2026-04-24,C07,Retargeting,Naver,287985.28,48519,4277.0,463.4,3037265.78,8.815103,67.333478,10.834697,621.461553,1054.660064,2026-04-24T23:59:59Z
naver-SYNTH-001-2026-04-24-C08,synthetic-advertiser-001,naver,SYNTH-001,2026-04-24,C08,Competitor,Naver,312487.01,32901,951.0,42.41,1724331.53,2.89049,328.587808,4.459516,7368.238757,551.809036,2026-04-24T23:59:59Z
naver-SYNTH-001-2026-04-24-C09,synthetic-advertiser-001,naver,SYNTH-001,2026-04-24,C09,Prospecting,Naver,657233.35,71614,1763.0,40.94,4290238.77,2.461809,372.792597,2.322178,16053.574692,652.772533,2026-04-24T23:59:59Z
naver-SYNTH-001-2026-04-24-C10,synthetic-advertiser-001,naver,SYNTH-001,2026-04-24,C10,Seasonal,Naver,366030.79,41370,1947.0,123.2,1746648.67,4.706309,187.997323,6.327684,2971.029128,477.186271,2026-04-24T23:59:59Z
naver-SYNTH-001-2026-04-24-C11,synthetic-advertiser-001,naver,SYNTH-001,2026-04-24,C11,New Product Launch,Naver,525929.18,58827,1941.0,66.43,3567496.75,3.299505,270.957849,3.422463,7917.04327,678.322644,2026-04-24T23:59:59Z
naver-SYNTH-001-2026-04-24-C12,synthetic-advertiser-001,naver,SYNTH-001,2026-04-24,C12,Low Efficiency Legacy,Naver,274994.27,25126,490.0,9.28,598586.79,1.950171,561.21279,1.893878,29633.002946,217.672461,2026-04-24T23:59:59Z
naver-SYNTH-001-2026-04-25-C01,synthetic-advertiser-001,naver,SYNTH-001,2026-04-25,C01,Brand Search Core,Naver,466470.42,74672,5702.0,482.48,4753806.15,7.636062,81.808212,8.461592,966.818152,1019.101304,2026-04-25T23:59:59Z
naver-SYNTH-001-2026-04-25-C02,synthetic-advertiser-001,naver,SYNTH-001,2026-04-25,C02,Brand Search Expansion,Naver,309795.16,44484,2503.0,201.66,2089483.33,5.626742,123.769542,8.056732,1536.225151,674.472546,2026-04-25T23:59:59Z
naver-SYNTH-001-2026-04-25-C03,synthetic-advertiser-001,naver,SYNTH-001,2026-04-25,C03,Generic Search High Intent,Naver,649627.98,74846,2969.0,130.82,5721591.64,3.966812,218.803629,4.406197,4965.815436,880.74896,2026-04-25T23:59:59Z
naver-SYNTH-001-2026-04-25-C04,synthetic-advertiser-001,naver,SYNTH-001,2026-04-25,C04,Generic Search Mid Intent,Naver,477675.4,58055,2082.0,85.1,3072938.48,3.586254,229.431027,4.087416,5613.106918,643.311021,2026-04-25T23:59:59Z
naver-SYNTH-001-2026-04-25-C05,synthetic-advertiser-001,naver,SYNTH-001,2026-04-25,C05,Shopping Best Seller,Naver,710314.04,98552,5252.0,336.24,7545453.6,5.329166,135.246391,6.402133,2112.52095,1062.270085,2026-04-25T23:59:59Z
naver-SYNTH-001-2026-04-25-C06,synthetic-advertiser-001,naver,SYNTH-001,2026-04-25,C06,Shopping Long Tail,Naver,449442.51,50889,2104.0,88.87,2763546.16,4.134489,213.61336,4.223859,5057.302908,614.883127,2026-04-25T23:59:59Z
naver-SYNTH-001-2026-04-25-C07,synthetic-advertiser-001,naver,SYNTH-001,2026-04-25,C07,Retargeting,Naver,291176.98,49637,3889.0,497.06,3120897.23,7.834881,74.871941,12.781178,585.798453,1071.821419,2026-04-25T23:59:59Z
naver-SYNTH-001-2026-04-25-C08,synthetic-advertiser-001,naver,SYNTH-001,2026-04-25,C08,Competitor,Naver,321726.39,34760,1279.0,46.42,1787433.03,3.679517,251.545259,3.629398,6930.770929,555.575514,2026-04-25T23:59:59Z
naver-SYNTH-001-2026-04-25-C09,synthetic-advertiser-001,naver,SYNTH-001,2026-04-25,C09,Prospecting,Naver,616887.17,61178,1455.0,32.86,3754428.27,2.378306,423.977437,2.258419,18773.1945,608.608583,2026-04-25T23:59:59Z
naver-SYNTH-001-2026-04-25-C10,synthetic-advertiser-001,naver,SYNTH-001,2026-04-25,C10,Seasonal,Naver,336019.92,40051,1673.0,98.11,2330435.48,4.177174,200.848724,5.864316,3424.930343,693.540879,2026-04-25T23:59:59Z
naver-SYNTH-001-2026-04-25-C11,synthetic-advertiser-001,naver,SYNTH-001,2026-04-25,C11,New Product Launch,Naver,481153.05,48434,1664.0,74.78,3113504.02,3.435603,289.154477,4.49399,6434.247795,647.092234,2026-04-25T23:59:59Z
naver-SYNTH-001-2026-04-25-C12,synthetic-advertiser-001,naver,SYNTH-001,2026-04-25,C12,Low Efficiency Legacy,Naver,265999.65,25655,626.0,11.71,538669.01,2.44007,424.919569,1.870607,22715.597782,202.507412,2026-04-25T23:59:59Z
naver-SYNTH-001-2026-04-26-C01,synthetic-advertiser-001,naver,SYNTH-001,2026-04-26,C01,Brand Search Core,Naver,472635.73,73174,5643.0,473.05,4587835.31,7.711756,83.75611,8.382952,999.124259,970.691595,2026-04-26T23:59:59Z
naver-SYNTH-001-2026-04-26-C02,synthetic-advertiser-001,naver,SYNTH-001,2026-04-26,C02,Brand Search Expansion,Naver,328243.67,45899,2864.0,181.63,2406570.82,6.239787,114.610219,6.34183,1807.210638,733.165953,2026-04-26T23:59:59Z
naver-SYNTH-001-2026-04-26-C03,synthetic-advertiser-001,naver,SYNTH-001,2026-04-26,C03,Generic Search High Intent,Naver,612101.31,80454,4555.0,182.82,5642385.68,5.66162,134.380091,4.013611,3348.109142,921.805845,2026-04-26T23:59:59Z
naver-SYNTH-001-2026-04-26-C04,synthetic-advertiser-001,naver,SYNTH-001,2026-04-26,C04,Generic Search Mid Intent,Naver,546868.59,63497,2401.0,125.73,3681076.57,3.781281,227.767009,5.236568,4349.547361,673.119035,2026-04-26T23:59:59Z
naver-SYNTH-001-2026-04-26-C05,synthetic-advertiser-001,naver,SYNTH-001,2026-04-26,C05,Shopping Best Seller,Naver,659941.54,83926,5414.0,262.92,6854120.49,6.450921,121.895371,4.856298,2510.04693,1038.595101,2026-04-26T23:59:59Z
naver-SYNTH-001-2026-04-26-C06,synthetic-advertiser-001,naver,SYNTH-001,2026-04-26,C06,Shopping Long Tail,Naver,398176.68,46250,1677.0,89.4,2236221.26,3.625946,237.43392,5.330948,4453.877887,561.615321,2026-04-26T23:59:59Z
naver-SYNTH-001-2026-04-26-C07,synthetic-advertiser-001,naver,SYNTH-001,2026-04-26,C07,Retargeting,Naver,224062.9,38949,3028.0,327.54,2934301.85,7.774269,73.996996,10.817041,684.077987,1309.588425,2026-04-26T23:59:59Z
naver-SYNTH-001-2026-04-26-C08,synthetic-advertiser-001,naver,SYNTH-001,2026-04-26,C08,Competitor,Naver,294805.24,30939,991.0,34.67,2212119.62,3.203077,297.482586,3.498486,8503.179785,750.366443,2026-04-26T23:59:59Z
naver-SYNTH-001-2026-04-26-C09,synthetic-advertiser-001,naver,SYNTH-001,2026-04-26,C09,Prospecting,Naver,485085.39,45974,1450.0,50.08,2976144.98,3.153957,334.541652,3.453793,9686.209958,613.530114,2026-04-26T23:59:59Z
naver-SYNTH-001-2026-04-26-C10,synthetic-advertiser-001,naver,SYNTH-001,2026-04-26,C10,Seasonal,Naver,296033.06,36079,1304.0,60.78,1812698.09,3.614291,227.019215,4.661043,4870.566906,612.329621,2026-04-26T23:59:59Z
naver-SYNTH-001-2026-04-26-C11,synthetic-advertiser-001,naver,SYNTH-001,2026-04-26,C11,New Product Launch,Naver,555942.13,58946,1764.0,70.45,4629249.13,2.992569,315.159939,3.993764,7891.30066,832.68543,2026-04-26T23:59:59Z
naver-SYNTH-001-2026-04-26-C12,synthetic-advertiser-001,naver,SYNTH-001,2026-04-26,C12,Low Efficiency Legacy,Naver,281624.59,26169,609.0,10.19,707277.16,2.327181,462.437747,1.673235,27637.349165,251.141836,2026-04-26T23:59:59Z
naver-SYNTH-001-2026-04-27-C01,synthetic-advertiser-001,naver,SYNTH-001,2026-04-27,C01,Brand Search Core,Naver,493385.32,83526,6014.0,478.5,4807518.17,7.200153,82.03946,7.956435,1031.108287,974.394257,2026-04-27T23:59:59Z
naver-SYNTH-001-2026-04-27-C02,synthetic-advertiser-001,naver,SYNTH-001,2026-04-27,C02,Brand Search Expansion,Naver,381734.18,55591,3273.0,234.46,2840233.9,5.887644,116.631281,7.163459,1628.142039,744.034471,2026-04-27T23:59:59Z
naver-SYNTH-001-2026-04-27-C03,synthetic-advertiser-001,naver,SYNTH-001,2026-04-27,C03,Generic Search High Intent,Naver,692979.78,89890,4425.0,260.58,5998874.82,4.922683,156.6056,5.888814,2659.374393,865.663761,2026-04-27T23:59:59Z
naver-SYNTH-001-2026-04-27-C04,synthetic-advertiser-001,naver,SYNTH-001,2026-04-27,C04,Generic Search Mid Intent,Naver,611563.36,76177,2976.0,147.29,4017000.3,3.906691,205.49844,4.949261,4152.103718,656.841235,2026-04-27T23:59:59Z
naver-SYNTH-001-2026-04-27-C05,synthetic-advertiser-001,naver,SYNTH-001,2026-04-27,C05,Shopping Best Seller,Naver,824534.78,99499,4746.0,269.78,5797396.84,4.769897,173.732571,5.684366,3056.322857,703.111255,2026-04-27T23:59:59Z
naver-SYNTH-001-2026-04-27-C06,synthetic-advertiser-001,naver,SYNTH-001,2026-04-27,C06,Shopping Long Tail,Naver,411801.84,45773,1755.0,83.97,2272827.67,3.834138,234.644924,4.784615,4904.154356,551.922659,2026-04-27T23:59:59Z
naver-SYNTH-001-2026-04-27-C07,synthetic-advertiser-001,naver,SYNTH-001,2026-04-27,C07,Retargeting,Naver,287417.07,49140,4856.0,473.55,2924120.19,9.88197,59.18803,9.751853,606.94134,1017.378744,2026-04-27T23:59:59Z
naver-SYNTH-001-2026-04-27-C08,synthetic-advertiser-001,naver,SYNTH-001,2026-04-27,C08,Competitor,Naver,382460.06,35930,1037.0,39.15,1541606.03,2.886168,368.813948,3.775313,9769.094878,403.076341,2026-04-27T23:59:59Z
naver-SYNTH-001-2026-04-27-C09,synthetic-advertiser-001,naver,SYNTH-001,2026-04-27,C09,Prospecting,Naver,547151.41,55747,1630.0,39.89,3673310.46,2.923924,335.675713,2.447239,13716.505711,671.351727,2026-04-27T23:59:59Z
naver-SYNTH-001-2026-04-27-C10,synthetic-advertiser-001,naver,SYNTH-001,2026-04-27,C10,Seasonal,Naver,413849.01,54292,2170.0,101.08,3158083.94,3.996906,190.713832,4.658065,4094.27201,763.100509,2026-04-27T23:59:59Z
naver-SYNTH-001-2026-04-27-C11,synthetic-advertiser-001,naver,SYNTH-001,2026-04-27,C11,New Product Launch,Naver,537226.93,56500,2210.0,72.21,4051552.57,3.911504,243.08911,3.267421,7439.785817,754.160358,2026-04-27T23:59:59Z
naver-SYNTH-001-2026-04-27-C12,synthetic-advertiser-001,naver,SYNTH-001,2026-04-27,C12,Low Efficiency Legacy,Naver,302224.16,28058,532.0,9.25,714011.89,1.896072,568.090525,1.738722,32672.882112,236.25242,2026-04-27T23:59:59Z
naver-SYNTH-001-2026-04-28-C01,synthetic-advertiser-001,naver,SYNTH-001,2026-04-28,C01,Brand Search Core,Naver,553737.39,80076,5925.0,478.14,4962068.67,7.399221,93.457788,8.069873,1158.107231,896.105039,2026-04-28T23:59:59Z
naver-SYNTH-001-2026-04-28-C02,synthetic-advertiser-001,naver,SYNTH-001,2026-04-28,C02,Brand Search Expansion,Naver,397347.92,60158,4203.0,239.82,2730796.36,6.986602,94.539119,5.705924,1656.85896,687.255739,2026-04-28T23:59:59Z
naver-SYNTH-001-2026-04-28-C03,synthetic-advertiser-001,naver,SYNTH-001,2026-04-28,C03,Generic Search High Intent,Naver,712769.73,88844,3906.0,196.47,6088528.49,4.39647,182.48073,5.029954,3627.880748,854.206938,2026-04-28T23:59:59Z
naver-SYNTH-001-2026-04-28-C04,synthetic-advertiser-001,naver,SYNTH-001,2026-04-28,C04,Generic Search Mid Intent,Naver,558925.2,65659,2132.0,111.11,3695815.84,3.24708,262.160037,5.211538,5030.377086,661.236218,2026-04-28T23:59:59Z
naver-SYNTH-001-2026-04-28-C05,synthetic-advertiser-001,naver,SYNTH-001,2026-04-28,C05,Shopping Best Seller,Naver,843268.23,106017,6114.0,329.85,6875339.37,5.767,137.924146,5.394995,2556.520315,815.320578,2026-04-28T23:59:59Z
naver-SYNTH-001-2026-04-28-C06,synthetic-advertiser-001,naver,SYNTH-001,2026-04-28,C06,Shopping Long Tail,Naver,440199.35,54390,1855.0,87.31,2915491.76,3.410553,237.30423,4.706739,5041.797577,662.311698,2026-04-28T23:59:59Z
naver-SYNTH-001-2026-04-28-C07,synthetic-advertiser-001,naver,SYNTH-001,2026-04-28,C07,Retargeting,Naver,288684.89,48780,3876.0,407.03,3079994.83,7.945879,74.480106,10.50129,709.247209,1066.905447,2026-04-28T23:59:59Z
naver-SYNTH-001-2026-04-28-C08,synthetic-advertiser-001,naver,SYNTH-001,2026-04-28,C08,Competitor,Naver,343432.42,34305,905.0,26.88,2096127.56,2.638099,379.483336,2.970166,12776.50369,610.346444,2026-04-28T23:59:59Z
naver-SYNTH-001-2026-04-28-C09,synthetic-advertiser-001,naver,SYNTH-001,2026-04-28,C09,Prospecting,Naver,620668.46,66168,1713.0,56.01,2510633.65,2.588865,362.328345,3.269702,11081.38646,404.504793,2026-04-28T23:59:59Z
naver-SYNTH-001-2026-04-28-C10,synthetic-advertiser-001,naver,SYNTH-001,2026-04-28,C10,Seasonal,Naver,392262.83,53145,2315.0,131.25,2491607.62,4.356007,169.443987,5.669546,2988.669182,635.188305,2026-04-28T23:59:59Z
naver-SYNTH-001-2026-04-28-C11,synthetic-advertiser-001,naver,SYNTH-001,2026-04-28,C11,New Product Launch,Naver,641454.93,65094,2324.0,66.5,4178866.68,3.570222,276.013307,2.861446,9645.938722,651.466926,2026-04-28T23:59:59Z
naver-SYNTH-001-2026-04-28-C12,synthetic-advertiser-001,naver,SYNTH-001,2026-04-28,C12,Low Efficiency Legacy,Naver,249054.8,22019,488.0,10.42,628234.1,2.216268,510.358197,2.135246,23901.612281,252.247338,2026-04-28T23:59:59Z
naver-SYNTH-001-2026-04-29-C01,synthetic-advertiser-001,naver,SYNTH-001,2026-04-29,C01,Brand Search Core,Naver,584096.14,96285,6883.0,496.38,4702197.25,7.148569,84.860692,7.211681,1176.711674,805.038233,2026-04-29T23:59:59Z
naver-SYNTH-001-2026-04-29-C02,synthetic-advertiser-001,naver,SYNTH-001,2026-04-29,C02,Brand Search Expansion,Naver,341376.66,56897,3622.0,281.91,2418665.64,6.365889,94.250872,7.783269,1210.941997,708.503519,2026-04-29T23:59:59Z
naver-SYNTH-001-2026-04-29-C03,synthetic-advertiser-001,naver,SYNTH-001,2026-04-29,C03,Generic Search High Intent,Naver,655741.04,80432,3985.0,205.55,5565127.55,4.954496,164.55233,5.158093,3190.177743,848.677642,2026-04-29T23:59:59Z
naver-SYNTH-001-2026-04-29-C04,synthetic-advertiser-001,naver,SYNTH-001,2026-04-29,C04,Generic Search Mid Intent,Naver,569885.6,63767,2692.0,124.07,4098699.69,4.221619,211.69599,4.608841,4593.258683,719.214463,2026-04-29T23:59:59Z
naver-SYNTH-001-2026-04-29-C05,synthetic-advertiser-001,naver,SYNTH-001,2026-04-29,C05,Shopping Best Seller,Naver,823559.83,113297,5822.0,355.98,7750555.31,5.138706,141.456515,6.114394,2313.50028,941.104099,2026-04-29T23:59:59Z
naver-SYNTH-001-2026-04-29-C06,synthetic-advertiser-001,naver,SYNTH-001,2026-04-29,C06,Shopping Long Tail,Naver,473529.8,49986,2230.0,122.2,2693489.89,4.461249,212.3452,5.479821,3875.039241,568.811069,2026-04-29T23:59:59Z
naver-SYNTH-001-2026-04-29-C07,synthetic-advertiser-001,naver,SYNTH-001,2026-04-29,C07,Retargeting,Naver,289245.73,41796,3791.0,380.88,3222444.02,9.070246,76.298003,10.046953,759.41433,1114.085253,2026-04-29T23:59:59Z
naver-SYNTH-001-2026-04-29-C08,synthetic-advertiser-001,naver,SYNTH-001,2026-04-29,C08,Competitor,Naver,355626.52,37875,1283.0,50.11,1605601.66,3.387459,277.18357,3.90569,7096.917191,451.485357,2026-04-29T23:59:59Z
naver-SYNTH-001-2026-04-29-C09,synthetic-advertiser-001,naver,SYNTH-001,2026-04-29,C09,Prospecting,Naver,496315.83,50036,1537.0,46.86,3538779.01,3.071788,322.912056,3.048796,10591.460324,713.009497,2026-04-29T23:59:59Z
naver-SYNTH-001-2026-04-29-C10,synthetic-advertiser-001,naver,SYNTH-001,2026-04-29,C10,Seasonal,Naver,332101.9,42191,1791.0,108.34,2399160.53,4.244981,185.428199,6.049135,3065.367395,722.416975,2026-04-29T23:59:59Z
naver-SYNTH-001-2026-04-29-C11,synthetic-advertiser-001,naver,SYNTH-001,2026-04-29,C11,New Product Launch,Naver,563959.51,64705,2106.0,66.64,3095948.65,3.254772,267.787041,3.164292,8462.777739,548.966477,2026-04-29T23:59:59Z
naver-SYNTH-001-2026-04-29-C12,synthetic-advertiser-001,naver,SYNTH-001,2026-04-29,C12,Low Efficiency Legacy,Naver,292437.45,26806,520.0,9.39,710657.1,1.939864,562.379711,1.805769,31143.498372,243.011661,2026-04-29T23:59:59Z
naver-SYNTH-001-2026-04-30-C01,synthetic-advertiser-001,naver,SYNTH-001,2026-04-30,C01,Brand Search Core,Naver,531340.7,76234,4916.0,408.82,4910463.98,6.448566,108.083951,8.316111,1299.693514,924.164845,2026-04-30T23:59:59Z
naver-SYNTH-001-2026-04-30-C02,synthetic-advertiser-001,naver,SYNTH-001,2026-04-30,C02,Brand Search Expansion,Naver,300447.27,41090,2293.0,171.37,2404796.26,5.580433,131.028027,7.473615,1753.208061,800.405439,2026-04-30T23:59:59Z
naver-SYNTH-001-2026-04-30-C03,synthetic-advertiser-001,naver,SYNTH-001,2026-04-30,C03,Generic Search High Intent,Naver,575257.07,66918,3484.0,190.36,4717511.21,5.206372,165.113969,5.463835,3021.942996,820.070098,2026-04-30T23:59:59Z
naver-SYNTH-001-2026-04-30-C04,synthetic-advertiser-001,naver,SYNTH-001,2026-04-30,C04,Generic Search Mid Intent,Naver,535011.0,59823,2577.0,104.94,3553607.31,4.307708,207.61001,4.072177,5098.256117,664.212012,2026-04-30T23:59:59Z
naver-SYNTH-001-2026-04-30-C05,synthetic-advertiser-001,naver,SYNTH-001,2026-04-30,C05,Shopping Best Seller,Naver,671231.34,86681,4236.0,227.2,5488871.56,4.886884,158.458768,5.363551,2954.363301,817.731715,2026-04-30T23:59:59Z
naver-SYNTH-001-2026-04-30-C06,synthetic-advertiser-001,naver,SYNTH-001,2026-04-30,C06,Shopping Long Tail,Naver,401243.89,43908,2114.0,106.56,1775623.17,4.814612,189.803165,5.040681,3765.426905,442.529647,2026-04-30T23:59:59Z
naver-SYNTH-001-2026-04-30-C07,synthetic-advertiser-001,naver,SYNTH-001,2026-04-30,C07,Retargeting,Naver,293905.56,46010,3903.0,376.93,2891928.91,8.482938,75.302475,9.657443,779.735123,983.965363,2026-04-30T23:59:59Z
naver-SYNTH-001-2026-04-30-C08,synthetic-advertiser-001,naver,SYNTH-001,2026-04-30,C08,Competitor,Naver,366953.48,34084,1003.0,34.02,1592683.46,2.94273,365.855914,3.391825,10786.404527,434.028708,2026-04-30T23:59:59Z
naver-SYNTH-001-2026-04-30-C09,synthetic-advertiser-001,naver,SYNTH-001,2026-04-30,C09,Prospecting,Naver,653995.6,66899,1770.0,59.22,4617287.86,2.645779,369.489039,3.345763,11043.492035,706.01207,2026-04-30T23:59:59Z
naver-SYNTH-001-2026-04-30-C10,synthetic-advertiser-001,naver,SYNTH-001,2026-04-30,C10,Seasonal,Naver,362329.65,41170,1969.0,90.54,2887810.93,4.782609,184.017091,4.598273,4001.873782,797.012034,2026-04-30T23:59:59Z
naver-SYNTH-001-2026-04-30-C11,synthetic-advertiser-001,naver,SYNTH-001,2026-04-30,C11,New Product Launch,Naver,552947.99,55022,2104.0,0.0,2636577.96,3.823925,262.807981,0.0,0,476.822051,2026-04-30T23:59:59Z
naver-SYNTH-001-2026-04-30-C12,synthetic-advertiser-001,naver,SYNTH-001,2026-04-30,C12,Low Efficiency Legacy,Naver,310508.26,29685,631.0,14.17,659521.43,2.125653,492.089164,2.245642,21913.074255,212.400606,2026-04-30T23:59:59Z
naver-SYNTH-001-2026-05-01-C01,synthetic-advertiser-001,naver,SYNTH-001,2026-05-01,C01,Brand Search Core,Naver,609905.44,96720,7148.0,572.59,6848539.19,7.390405,85.325328,8.010492,1065.169568,1122.885403,2026-05-01T23:59:59Z
naver-SYNTH-001-2026-05-01-C02,synthetic-advertiser-001,naver,SYNTH-001,2026-05-01,C02,Brand Search Expansion,Naver,372819.89,54348,3202.0,206.22,3223068.09,5.891661,116.433445,6.44035,1807.874548,864.510767,2026-05-01T23:59:59Z
naver-SYNTH-001-2026-05-01-C03,synthetic-advertiser-001,naver,SYNTH-001,2026-05-01,C03,Generic Search High Intent,Naver,863031.05,118488,6119.0,277.94,7232736.68,5.164236,141.041192,4.542245,3105.098414,838.062159,2026-05-01T23:59:59Z
naver-SYNTH-001-2026-05-01-C04,synthetic-advertiser-001,naver,SYNTH-001,2026-05-01,C04,Generic Search Mid Intent,Naver,677539.15,84200,3137.0,133.68,5202505.54,3.725653,215.983153,4.261396,5068.365882,767.853124,2026-05-01T23:59:59Z
naver-SYNTH-001-2026-05-01-C05,synthetic-advertiser-001,naver,SYNTH-001,2026-05-01,C05,Shopping Best Seller,Naver,904624.08,126488,7668.0,427.68,8925241.76,6.062235,117.973928,5.577465,2115.189111,986.624385,2026-05-01T23:59:59Z
naver-SYNTH-001-2026-05-01-C06,synthetic-advertiser-001,naver,SYNTH-001,2026-05-01,C06,Shopping Long Tail,Naver,491366.6,62211,2655.0,143.31,3847796.79,4.267734,185.072167,5.39774,3428.697245,783.080652,2026-05-01T23:59:59Z
naver-SYNTH-001-2026-05-01-C07,synthetic-advertiser-001,naver,SYNTH-001,2026-05-01,C07,Retargeting,Naver,327555.94,52061,4198.0,486.39,3887779.81,8.063618,78.026664,11.586232,673.442991,1186.905619,2026-05-01T23:59:59Z
naver-SYNTH-001-2026-05-01-C08,synthetic-advertiser-001,naver,SYNTH-001,2026-05-01,C08,Competitor,Naver,408486.32,40715,1360.0,55.51,2180382.34,3.340292,300.357591,4.081618,7358.788038,533.771198,2026-05-01T23:59:59Z
naver-SYNTH-001-2026-05-01-C09,synthetic-advertiser-001,naver,SYNTH-001,2026-05-01,C09,Prospecting,Naver,741055.88,68673,1497.0,51.17,4971596.31,2.179896,495.027309,3.41817,14482.233384,670.880081,2026-05-01T23:59:59Z
naver-SYNTH-001-2026-05-01-C10,synthetic-advertiser-001,naver,SYNTH-001,2026-05-01,C10,Seasonal,Naver,488359.13,55847,2873.0,138.99,5244293.85,5.144412,169.982294,4.8378,3513.627828,1073.860098,2026-05-01T23:59:59Z
naver-SYNTH-001-2026-05-01-C11,synthetic-advertiser-001,naver,SYNTH-001,2026-05-01,C11,New Product Launch,Naver,784946.31,81144,2543.0,93.24,4624855.64,3.133935,308.669411,3.666536,8418.557617,589.193881,2026-05-01T23:59:59Z
naver-SYNTH-001-2026-05-01-C12,synthetic-advertiser-001,naver,SYNTH-001,2026-05-01,C12,Low Efficiency Legacy,Naver,366790.57,32070,748.0,12.87,964641.44,2.332398,490.361729,1.720588,28499.656022,262.995155,2026-05-01T23:59:59Z
naver-SYNTH-001-2026-05-02-C01,synthetic-advertiser-001,naver,SYNTH-001,2026-05-02,C01,Brand Search Core,Naver,609091.63,83703,6296.0,431.71,5862310.53,7.521833,96.742635,6.856893,1410.881445,962.467756,2026-05-02T23:59:59Z
naver-SYNTH-001-2026-05-02-C02,synthetic-advertiser-001,naver,SYNTH-001,2026-05-02,C02,Brand Search Expansion,Naver,384776.18,54686,3731.0,218.2,3197915.28,6.822587,103.129503,5.848298,1763.410521,831.110521,2026-05-02T23:59:59Z
naver-SYNTH-001-2026-05-02-C03,synthetic-advertiser-001,naver,SYNTH-001,2026-05-02,C03,Generic Search High Intent,Naver,849484.05,92684,5099.0,254.04,7216295.09,5.501489,166.598166,4.982153,3343.898796,849.491534,2026-05-02T23:59:59Z
naver-SYNTH-001-2026-05-02-C04,synthetic-advertiser-001,naver,SYNTH-001,2026-05-02,C04,Generic Search Mid Intent,Naver,694080.03,71627,2487.0,105.83,4014650.55,3.472154,279.083245,4.255328,6558.443061,578.413206,2026-05-02T23:59:59Z
naver-SYNTH-001-2026-05-02-C05,synthetic-advertiser-001,naver,SYNTH-001,2026-05-02,C05,Shopping Best Seller,Naver,908754.6,128051,7327.0,366.91,7622783.44,5.721939,124.028197,5.007643,2476.77796,838.816489,2026-05-02T23:59:59Z
naver-SYNTH-001-2026-05-02-C06,synthetic-advertiser-001,naver,SYNTH-001,2026-05-02,C06,Shopping Long Tail,Naver,494197.22,55606,2093.0,105.09,3711306.83,3.763982,236.119075,5.021022,4702.609423,750.976867,2026-05-02T23:59:59Z
naver-SYNTH-001-2026-05-02-C07,synthetic-advertiser-001,naver,SYNTH-001,2026-05-02,C07,Retargeting,Naver,363959.95,60084,5176.0,551.46,4020911.95,8.614606,70.316837,10.654173,659.993374,1104.767708,2026-05-02T23:59:59Z
naver-SYNTH-001-2026-05-02-C08,synthetic-advertiser-001,naver,SYNTH-001,2026-05-02,C08,Competitor,Naver,422605.81,48007,1556.0,58.16,2279190.86,3.241194,271.597564,3.737789,7266.262195,539.318394,2026-05-02T23:59:59Z
naver-SYNTH-001-2026-05-02-C09,synthetic-advertiser-001,naver,SYNTH-001,2026-05-02,C09,Prospecting,Naver,738498.09,70872,1898.0,53.49,5537053.4,2.678068,389.092774,2.81823,13806.283144,749.772207,2026-05-02T23:59:59Z
naver-SYNTH-001-2026-05-02-C10,synthetic-advertiser-001,naver,SYNTH-001,2026-05-02,C10,Seasonal,Naver,396331.94,46204,2319.0,88.17,2862859.92,5.019046,170.906397,3.80207,4495.088298,722.338946,2026-05-02T23:59:59Z
naver-SYNTH-001-2026-05-02-C11,synthetic-advertiser-001,naver,SYNTH-001,2026-05-02,C11,New Product Launch,Naver,711296.62,76527,2753.0,115.09,5317999.71,3.597423,258.371455,4.18053,6180.351162,747.648674,2026-05-02T23:59:59Z
naver-SYNTH-001-2026-05-02-C12,synthetic-advertiser-001,naver,SYNTH-001,2026-05-02,C12,Low Efficiency Legacy,Naver,328052.18,28133,555.0,9.05,927428.84,1.972772,591.085011,1.630631,36248.859795,282.70772,2026-05-02T23:59:59Z
naver-SYNTH-001-2026-05-03-C01,synthetic-advertiser-001,naver,SYNTH-001,2026-05-03,C01,Brand Search Core,Naver,518450.52,90920,7512.0,610.17,5826037.69,8.262209,69.016309,8.122604,849.682081,1123.740361,2026-05-03T23:59:59Z
naver-SYNTH-001-2026-05-03-C02,synthetic-advertiser-001,naver,SYNTH-001,2026-05-03,C02,Brand Search Expansion,Naver,384599.27,51567,2884.0,196.04,3138124.29,5.592724,133.356196,6.797503,1961.840794,815.946504,2026-05-03T23:59:59Z
naver-SYNTH-001-2026-05-03-C03,synthetic-advertiser-001,naver,SYNTH-001,2026-05-03,C03,Generic Search High Intent,Naver,744587.4,104326,5300.0,217.03,8000320.49,5.080229,140.488189,4.094906,3430.804032,1074.463589,2026-05-03T23:59:59Z
naver-SYNTH-001-2026-05-03-C04,synthetic-advertiser-001,naver,SYNTH-001,2026-05-03,C04,Generic Search Mid Intent,Naver,603460.87,66039,2520.0,126.43,3463432.55,3.815927,239.468598,5.017063,4773.082861,573.928277,2026-05-03T23:59:59Z
naver-SYNTH-001-2026-05-03-C05,synthetic-advertiser-001,naver,SYNTH-001,2026-05-03,C05,Shopping Best Seller,Naver,834615.29,106581,6768.0,386.34,9909933.74,6.3501,123.317862,5.708333,2160.312911,1187.365468,2026-05-03T23:59:59Z
naver-SYNTH-001-2026-05-03-C06,synthetic-advertiser-001,naver,SYNTH-001,2026-05-03,C06,Shopping Long Tail,Naver,430322.7,44871,1709.0,75.43,2895727.67,3.808696,251.797951,4.413692,5704.927727,672.92004,2026-05-03T23:59:59Z
naver-SYNTH-001-2026-05-03-C07,synthetic-advertiser-001,naver,SYNTH-001,2026-05-03,C07,Retargeting,Naver,306038.36,54613,3807.0,394.92,4014474.54,6.970868,80.388327,10.373522,774.93761,1311.75534,2026-05-03T23:59:59Z
naver-SYNTH-001-2026-05-03-C08,synthetic-advertiser-001,naver,SYNTH-001,2026-05-03,C08,Competitor,Naver,377135.48,38606,1234.0,56.9,2653604.49,3.196394,305.620324,4.611021,6628.040073,703.621015,2026-05-03T23:59:59Z
naver-SYNTH-001-2026-05-03-C09,synthetic-advertiser-001,naver,SYNTH-001,2026-05-03,C09,Prospecting,Naver,763340.38,80633,2113.0,56.33,6185548.58,2.620515,361.259054,2.665878,13551.222825,810.326393,2026-05-03T23:59:59Z
naver-SYNTH-001-2026-05-03-C10,synthetic-advertiser-001,naver,SYNTH-001,2026-05-03,C10,Seasonal,Naver,443865.0,54507,2582.0,85.92,4012907.53,4.737006,171.907437,3.327653,5166.026569,904.082887,2026-05-03T23:59:59Z
naver-SYNTH-001-2026-05-03-C11,synthetic-advertiser-001,naver,SYNTH-001,2026-05-03,C11,New Product Launch,Naver,658114.46,73799,3020.0,0.0,4092498.93,4.092196,217.918695,0.0,0,621.852151,2026-05-03T23:59:59Z
naver-SYNTH-001-2026-05-03-C12,synthetic-advertiser-001,naver,SYNTH-001,2026-05-03,C12,Low Efficiency Legacy,Naver,329389.75,26962,614.0,11.09,889272.23,2.277279,536.465386,1.806189,29701.510107,269.975686,2026-05-03T23:59:59Z
naver-SYNTH-001-2026-05-04-C01,synthetic-advertiser-001,naver,SYNTH-001,2026-05-04,C01,Brand Search Core,Naver,584466.83,93759,6749.0,551.74,5495547.0,7.198242,86.600508,8.175137,1059.315677,940.266701,2026-05-04T23:59:59Z
naver-SYNTH-001-2026-05-04-C02,synthetic-advertiser-001,naver,SYNTH-001,2026-05-04,C02,Brand Search Expansion,Naver,476505.42,70225,4288.0,346.84,3887694.06,6.106088,111.12533,8.088619,1373.847928,815.876154,2026-05-04T23:59:59Z
naver-SYNTH-001-2026-05-04-C03,synthetic-advertiser-001,naver,SYNTH-001,2026-05-04,C03,Generic Search High Intent,Naver,900258.0,96974,3833.0,202.94,7387683.9,3.952606,234.870337,5.294547,4436.079645,820.618519,2026-05-04T23:59:59Z
naver-SYNTH-001-2026-05-04-C04,synthetic-advertiser-001,naver,SYNTH-001,2026-05-04,C04,Generic Search Mid Intent,Naver,655203.45,75642,2587.0,116.4,4846706.3,3.420058,253.267666,4.49942,5628.895637,739.725391,2026-05-04T23:59:59Z
naver-SYNTH-001-2026-05-04-C05,synthetic-advertiser-001,naver,SYNTH-001,2026-05-04,C05,Shopping Best Seller,Naver,889385.66,114435,5411.0,317.79,8422689.8,4.728448,164.366227,5.873036,2798.658408,947.023347,2026-05-04T23:59:59Z
naver-SYNTH-001-2026-05-04-C06,synthetic-advertiser-001,naver,SYNTH-001,2026-05-04,C06,Shopping Long Tail,Naver,539879.46,58353,2538.0,131.14,3525808.62,4.349391,212.718464,5.167061,4116.817613,653.0733,2026-05-04T23:59:59Z
naver-SYNTH-001-2026-05-04-C07,synthetic-advertiser-001,naver,SYNTH-001,2026-05-04,C07,Retargeting,Naver,337404.94,56735,4869.0,498.65,3382829.54,8.582004,69.296558,10.241323,676.636799,1002.602257,2026-05-04T23:59:59Z
naver-SYNTH-001-2026-05-04-C08,synthetic-advertiser-001,naver,SYNTH-001,2026-05-04,C08,Competitor,Naver,430770.0,41846,1084.0,48.0,2859299.88,2.590451,397.389295,4.428044,8974.374906,663.764864,2026-05-04T23:59:59Z
naver-SYNTH-001-2026-05-04-C09,synthetic-advertiser-001,naver,SYNTH-001,2026-05-04,C09,Prospecting,Naver,826086.5,86192,2539.0,64.68,7472980.36,2.945749,325.359001,2.54746,12771.900162,904.624436,2026-05-04T23:59:59Z
naver-SYNTH-001-2026-05-04-C10,synthetic-advertiser-001,naver,SYNTH-001,2026-05-04,C10,Seasonal,Naver,514728.16,65944,2702.0,146.12,3226239.57,4.097416,190.498951,5.407846,3522.640055,626.785125,2026-05-04T23:59:59Z
naver-SYNTH-001-2026-05-04-C11,synthetic-advertiser-001,naver,SYNTH-001,2026-05-04,C11,New Product Launch,Naver,652338.63,65247,2388.0,74.34,5617908.89,3.659938,273.173629,3.113065,8775.068964,861.195193,2026-05-04T23:59:59Z
naver-SYNTH-001-2026-05-04-C12,synthetic-advertiser-001,naver,SYNTH-001,2026-05-04,C12,Low Efficiency Legacy,Naver,372324.5,33176,788.0,16.86,1008629.75,2.375211,472.493014,2.139594,22083.303385,270.900724,2026-05-04T23:59:59Z
naver-SYNTH-001-2026-05-05-C01,synthetic-advertiser-001,naver,SYNTH-001,2026-05-05,C01,Brand Search Core,Naver,614844.95,98593,7238.0,503.58,6164556.17,7.341292,84.946802,6.957447,1220.947913,1002.619631,2026-05-05T23:59:59Z
naver-SYNTH-001-2026-05-05-C02,synthetic-advertiser-001,naver,SYNTH-001,2026-05-05,C02,Brand Search Expansion,Naver,466989.01,64147,3746.0,258.33,3590692.61,5.839712,124.663377,6.896156,1807.722725,768.903019,2026-05-05T23:59:59Z
naver-SYNTH-001-2026-05-05-C03,synthetic-advertiser-001,naver,SYNTH-001,2026-05-05,C03,Generic Search High Intent,Naver,770183.6,88679,4208.0,222.6,7464049.62,4.745205,183.028421,5.289924,3459.944276,969.126019,2026-05-05T23:59:59Z
naver-SYNTH-001-2026-05-05-C04,synthetic-advertiser-001,naver,SYNTH-001,2026-05-05,C04,Generic Search Mid Intent,Naver,641615.94,72014,2159.0,102.22,4845905.27,2.998028,297.182001,4.734599,6276.814127,755.265723,2026-05-05T23:59:59Z
naver-SYNTH-001-2026-05-05-C05,synthetic-advertiser-001,naver,SYNTH-001,2026-05-05,C05,Shopping Best Seller,Naver,1008562.18,132033,6562.0,363.29,8792891.83,4.96997,153.697377,5.536269,2776.190329,871.824461,2026-05-05T23:59:59Z
naver-SYNTH-001-2026-05-05-C06,synthetic-advertiser-001,naver,SYNTH-001,2026-05-05,C06,Shopping Long Tail,Naver,526672.16,60266,2221.0,109.48,3761355.73,3.685328,237.132893,4.929311,4810.670044,714.174024,2026-05-05T23:59:59Z
naver-SYNTH-001-2026-05-05-C07,synthetic-advertiser-001,naver,SYNTH-001,2026-05-05,C07,Retargeting,Naver,311952.57,51064,4411.0,434.69,4069120.28,8.63818,70.721508,9.854681,717.643769,1304.403513,2026-05-05T23:59:59Z
naver-SYNTH-001-2026-05-05-C08,synthetic-advertiser-001,naver,SYNTH-001,2026-05-05,C08,Competitor,Naver,425663.03,49465,1569.0,64.14,3084363.3,3.17194,271.295746,4.087954,6636.4675,724.602118,2026-05-05T23:59:59Z
naver-SYNTH-001-2026-05-05-C09,synthetic-advertiser-001,naver,SYNTH-001,2026-05-05,C09,Prospecting,Naver,788166.44,85621,2558.0,63.34,4524571.0,2.987585,308.118234,2.476153,12443.423472,574.062883,2026-05-05T23:59:59Z
naver-SYNTH-001-2026-05-05-C10,synthetic-advertiser-001,naver,SYNTH-001,2026-05-05,C10,Seasonal,Naver,406297.67,51955,2336.0,128.22,2828762.13,4.496199,173.928795,5.48887,3168.754212,696.22899,2026-05-05T23:59:59Z
naver-SYNTH-001-2026-05-05-C11,synthetic-advertiser-001,naver,SYNTH-001,2026-05-05,C11,New Product Launch,Naver,539069.94,61596,2407.0,91.86,4083366.57,3.907721,223.959262,3.816369,5868.386059,757.483628,2026-05-05T23:59:59Z
naver-SYNTH-001-2026-05-05-C12,synthetic-advertiser-001,naver,SYNTH-001,2026-05-05,C12,Low Efficiency Legacy,Naver,342875.78,28601,535.0,9.41,973701.27,1.870564,640.889301,1.758879,36437.383186,283.980772,2026-05-05T23:59:59Z
naver-SYNTH-001-2026-05-06-C01,synthetic-advertiser-001,naver,SYNTH-001,2026-05-06,C01,Brand Search Core,Naver,626995.85,103253,9395.0,744.46,5957216.41,9.099009,66.737185,7.924002,842.215635,950.120546,2026-05-06T23:59:59Z
naver-SYNTH-001-2026-05-06-C02,synthetic-advertiser-001,naver,SYNTH-001,2026-05-06,C02,Brand Search Expansion,Naver,443157.88,61077,3727.0,237.21,3395415.47,6.102133,118.904716,6.364636,1868.209085,766.186419,2026-05-06T23:59:59Z
naver-SYNTH-001-2026-05-06-C03,synthetic-advertiser-001,naver,SYNTH-001,2026-05-06,C03,Generic Search High Intent,Naver,930262.74,117283,6057.0,384.43,7425424.41,5.164431,153.584736,6.346871,2419.8495,798.207223,2026-05-06T23:59:59Z
naver-SYNTH-001-2026-05-06-C04,synthetic-advertiser-001,naver,SYNTH-001,2026-05-06,C04,Generic Search Mid Intent,Naver,655497.81,87999,3041.0,126.55,4620944.48,3.455721,215.553373,4.16146,5179.753507,704.951936,2026-05-06T23:59:59Z
naver-SYNTH-001-2026-05-06-C05,synthetic-advertiser-001,naver,SYNTH-001,2026-05-06,C05,Shopping Best Seller,Naver,966675.3,133291,5492.0,395.1,8336325.85,4.120308,176.015168,7.194101,2446.659833,862.370834,2026-05-06T23:59:59Z
naver-SYNTH-001-2026-05-06-C06,synthetic-advertiser-001,naver,SYNTH-001,2026-05-06,C06,Shopping Long Tail,Naver,470503.93,47362,1649.0,68.48,3331037.4,3.481694,285.326824,4.15282,6870.67658,707.972276,2026-05-06T23:59:59Z
naver-SYNTH-001-2026-05-06-C07,synthetic-advertiser-001,naver,SYNTH-001,2026-05-06,C07,Retargeting,Naver,334726.5,57126,5714.0,538.02,4467545.46,10.002451,58.580066,9.415821,622.145083,1334.68533,2026-05-06T23:59:59Z
naver-SYNTH-001-2026-05-06-C08,synthetic-advertiser-001,naver,SYNTH-001,2026-05-06,C08,Competitor,Naver,333620.26,32054,789.0,30.12,2054296.41,2.461471,422.839362,3.81749,11076.36975,615.758897,2026-05-06T23:59:59Z
naver-SYNTH-001-2026-05-06-C09,synthetic-advertiser-001,naver,SYNTH-001,2026-05-06,C09,Prospecting,Naver,767347.33,75299,1865.0,46.13,6546939.27,2.476793,411.446289,2.473458,16634.453268,853.191119,2026-05-06T23:59:59Z
naver-SYNTH-001-2026-05-06-C10,synthetic-advertiser-001,naver,SYNTH-001,2026-05-06,C10,Seasonal,Naver,423150.67,48726,1986.0,94.13,2879910.64,4.075853,213.066802,4.739678,4495.385836,680.587519,2026-05-06T23:59:59Z
naver-SYNTH-001-2026-05-06-C11,synthetic-advertiser-001,naver,SYNTH-001,2026-05-06,C11,New Product Launch,Naver,684345.93,81804,2563.0,78.19,5602965.65,3.133099,267.009725,3.050722,8752.345892,818.73296,2026-05-06T23:59:59Z
naver-SYNTH-001-2026-05-06-C12,synthetic-advertiser-001,naver,SYNTH-001,2026-05-06,C12,Low Efficiency Legacy,Naver,394590.73,31920,833.0,18.9,890028.89,2.609649,473.698355,2.268908,20877.816402,225.557475,2026-05-06T23:59:59Z
naver-SYNTH-001-2026-05-07-C01,synthetic-advertiser-001,naver,SYNTH-001,2026-05-07,C01,Brand Search Core,Naver,735836.48,112061,8500.0,755.28,6213026.88,7.585155,86.568997,8.885647,974.256539,844.348855,2026-05-07T23:59:59Z
naver-SYNTH-001-2026-05-07-C02,synthetic-advertiser-001,naver,SYNTH-001,2026-05-07,C02,Brand Search Expansion,Naver,463934.69,67278,3724.0,290.53,3367422.72,5.535242,124.579669,7.801557,1596.856389,725.839826,2026-05-07T23:59:59Z
naver-SYNTH-001-2026-05-07-C03,synthetic-advertiser-001,naver,SYNTH-001,2026-05-07,C03,Generic Search High Intent,Naver,835899.28,106036,4001.0,208.62,7328730.81,3.773247,208.92259,5.214196,4006.803193,876.748068,2026-05-07T23:59:59Z
naver-SYNTH-001-2026-05-07-C04,synthetic-advertiser-001,naver,SYNTH-001,2026-05-07,C04,Generic Search Mid Intent,Naver,604473.14,73368,3164.0,150.56,4629441.24,4.312507,191.047136,4.758534,4014.83222,765.863847,2026-05-07T23:59:59Z
naver-SYNTH-001-2026-05-07-C05,synthetic-advertiser-001,naver,SYNTH-001,2026-05-07,C05,Shopping Best Seller,Naver,929256.32,122548,5797.0,335.81,7745141.95,4.730391,160.299521,5.792824,2767.208601,833.477457,2026-05-07T23:59:59Z
naver-SYNTH-001-2026-05-07-C06,synthetic-advertiser-001,naver,SYNTH-001,2026-05-07,C06,Shopping Long Tail,Naver,483037.5,48463,1470.0,83.8,3506122.82,3.033242,328.596939,5.70068,5764.170643,725.848992,2026-05-07T23:59:59Z
naver-SYNTH-001-2026-05-07-C07,synthetic-advertiser-001,naver,SYNTH-001,2026-05-07,C07,Retargeting,Naver,366315.4,61849,5719.0,541.22,3908617.77,9.246714,64.052352,9.463543,676.832718,1067.008848,2026-05-07T23:59:59Z
naver-SYNTH-001-2026-05-07-C08,synthetic-advertiser-001,naver,SYNTH-001,2026-05-07,C08,Competitor,Naver,434096.88,42677,1279.0,45.86,1668467.99,2.99693,339.40335,3.585614,9465.697435,384.353828,2026-05-07T23:59:59Z
naver-SYNTH-001-2026-05-07-C09,synthetic-advertiser-001,naver,SYNTH-001,2026-05-07,C09,Prospecting,Naver,811011.76,75566,2373.0,67.43,6750818.64,3.140301,341.76644,2.841551,12027.462003,832.394664,2026-05-07T23:59:59Z
naver-SYNTH-001-2026-05-07-C10,synthetic-advertiser-001,naver,SYNTH-001,2026-05-07,C10,Seasonal,Naver,429142.46,55219,2242.0,129.9,3963433.09,4.060197,191.410553,5.793934,3303.637111,923.570482,2026-05-07T23:59:59Z
naver-SYNTH-001-2026-05-07-C11,synthetic-advertiser-001,naver,SYNTH-001,2026-05-07,C11,New Product Launch,Naver,711200.72,81597,3057.0,110.84,4225983.53,3.746461,232.646621,3.625777,6416.462665,594.204056,2026-05-07T23:59:59Z
naver-SYNTH-001-2026-05-07-C12,synthetic-advertiser-001,naver,SYNTH-001,2026-05-07,C12,Low Efficiency Legacy,Naver,374598.93,34767,815.0,14.39,1245868.21,2.344177,459.630584,1.765644,26031.89202,332.587236,2026-05-07T23:59:59Z
naver-SYNTH-001-2026-05-08-C01,synthetic-advertiser-001,naver,SYNTH-001,2026-05-08,C01,Brand Search Core,Naver,616766.24,103091,7930.0,510.88,5976498.6,7.692233,77.776323,6.442371,1207.262456,969.005463,2026-05-08T23:59:59Z
naver-SYNTH-001-2026-05-08-C02,synthetic-advertiser-001,naver,SYNTH-001,2026-05-08,C02,Brand Search Expansion,Naver,469262.47,62733,3944.0,274.18,3601208.09,6.286962,118.981358,6.951826,1711.512417,767.418724,2026-05-08T23:59:59Z
naver-SYNTH-001-2026-05-08-C03,synthetic-advertiser-001,naver,SYNTH-001,2026-05-08,C03,Generic Search High Intent,Naver,747188.51,85906,5221.0,256.2,6308469.75,6.077573,143.112145,4.907106,2916.426665,844.294264,2026-05-08T23:59:59Z
naver-SYNTH-001-2026-05-08-C04,synthetic-advertiser-001,naver,SYNTH-001,2026-05-08,C04,Generic Search Mid Intent,Naver,646042.95,72267,3124.0,137.48,4490838.46,4.322858,206.799922,4.400768,4699.177734,695.13001,2026-05-08T23:59:59Z
naver-SYNTH-001-2026-05-08-C05,synthetic-advertiser-001,naver,SYNTH-001,2026-05-08,C05,Shopping Best Seller,Naver,890913.24,120431,6520.0,476.73,8282153.78,5.413888,136.643135,7.31181,1868.800459,929.625174,2026-05-08T23:59:59Z
naver-SYNTH-001-2026-05-08-C06,synthetic-advertiser-001,naver,SYNTH-001,2026-05-08,C06,Shopping Long Tail,Naver,572570.99,70299,2948.0,146.34,3556347.2,4.193516,194.223539,4.964043,3912.607576,621.118997,2026-05-08T23:59:59Z
naver-SYNTH-001-2026-05-08-C07,synthetic-advertiser-001,naver,SYNTH-001,2026-05-08,C07,Retargeting,Naver,362280.42,67660,6343.0,661.76,4079053.44,9.374815,57.114996,10.432918,547.449857,1125.938153,2026-05-08T23:59:59Z
naver-SYNTH-001-2026-05-08-C08,synthetic-advertiser-001,naver,SYNTH-001,2026-05-08,C08,Competitor,Naver,404938.41,42401,1145.0,31.44,2206965.21,2.700408,353.657997,2.745852,12879.720329,545.012567,2026-05-08T23:59:59Z
naver-SYNTH-001-2026-05-08-C09,synthetic-advertiser-001,naver,SYNTH-001,2026-05-08,C09,Prospecting,Naver,816928.11,85529,2560.0,79.82,6379115.78,2.993137,319.112542,3.117969,10234.629275,780.866237,2026-05-08T23:59:59Z
naver-SYNTH-001-2026-05-08-C10,synthetic-advertiser-001,naver,SYNTH-001,2026-05-08,C10,Seasonal,Naver,483131.49,64533,3152.0,158.86,4978911.91,4.884323,153.277758,5.039975,3041.24067,1030.550063,2026-05-08T23:59:59Z
naver-SYNTH-001-2026-05-08-C11,synthetic-advertiser-001,naver,SYNTH-001,2026-05-08,C11,New Product Launch,Naver,625128.68,64651,2386.0,92.91,5494044.98,3.690585,261.998607,3.893965,6728.325005,878.866254,2026-05-08T23:59:59Z
naver-SYNTH-001-2026-05-08-C12,synthetic-advertiser-001,naver,SYNTH-001,2026-05-08,C12,Low Efficiency Legacy,Naver,399975.92,36357,849.0,17.9,939567.19,2.335176,471.114162,2.108363,22345.023662,234.905937,2026-05-08T23:59:59Z
naver-SYNTH-001-2026-05-09-C01,synthetic-advertiser-001,naver,SYNTH-001,2026-05-09,C01,Brand Search Core,Naver,598598.14,81688,5555.0,504.61,5857213.67,6.800264,107.758441,9.083888,1186.258972,978.488452,2026-05-09T23:59:59Z
naver-SYNTH-001-2026-05-09-C02,synthetic-advertiser-001,naver,SYNTH-001,2026-05-09,C02,Brand Search Expansion,Naver,418018.05,55718,3347.0,214.58,3020843.98,6.007035,124.893352,6.411114,1948.075543,722.658741,2026-05-09T23:59:59Z
naver-SYNTH-001-2026-05-09-C03,synthetic-advertiser-001,naver,SYNTH-001,2026-05-09,C03,Generic Search High Intent,Naver,785896.28,94044,4131.0,246.48,7088474.16,4.392625,190.243592,5.966594,3188.478898,901.96052,2026-05-09T23:59:59Z
naver-SYNTH-001-2026-05-09-C04,synthetic-advertiser-001,naver,SYNTH-001,2026-05-09,C04,Generic Search Mid Intent,Naver,665357.61,81153,3192.0,139.68,5023555.3,3.933311,208.445367,4.37594,4763.442243,755.01583,2026-05-09T23:59:59Z
naver-SYNTH-001-2026-05-09-C05,synthetic-advertiser-001,naver,SYNTH-001,2026-05-09,C05,Shopping Best Seller,Naver,782584.37,94101,4398.0,223.4,9246517.69,4.673702,177.940967,5.079582,3503.063444,1181.536202,2026-05-09T23:59:59Z
naver-SYNTH-001-2026-05-09-C06,synthetic-advertiser-001,naver,SYNTH-001,2026-05-09,C06,Shopping Long Tail,Naver,449296.39,47542,1804.0,105.24,3588759.94,3.79454,249.055648,5.833703,4269.254933,798.751121,2026-05-09T23:59:59Z
naver-SYNTH-001-2026-05-09-C07,synthetic-advertiser-001,naver,SYNTH-001,2026-05-09,C07,Retargeting,Naver,286268.29,44711,3893.0,401.36,4368824.27,8.70703,73.534111,10.309787,713.245698,1526.129288,2026-05-09T23:59:59Z
naver-SYNTH-001-2026-05-09-C08,synthetic-advertiser-001,naver,SYNTH-001,2026-05-09,C08,Competitor,Naver,421176.39,44439,1520.0,52.35,2805124.34,3.420419,277.089732,3.444079,8045.39433,666.021265,2026-05-09T23:59:59Z
naver-SYNTH-001-2026-05-09-C09,synthetic-advertiser-001,naver,SYNTH-001,2026-05-09,C09,Prospecting,Naver,700127.57,63369,1866.0,41.05,5033427.35,2.944657,375.202342,2.199893,17055.482824,718.93003,2026-05-09T23:59:59Z
naver-SYNTH-001-2026-05-09-C10,synthetic-advertiser-001,naver,SYNTH-001,2026-05-09,C10,Seasonal,Naver,369346.89,46968,2224.0,148.26,2957849.69,4.735139,166.073243,6.666367,2491.210653,800.83243,2026-05-09T23:59:59Z
naver-SYNTH-001-2026-05-09-C11,synthetic-advertiser-001,naver,SYNTH-001,2026-05-09,C11,New Product Launch,Naver,639801.25,67273,2502.0,103.2,4918122.39,3.719174,255.715927,4.1247,6199.624519,768.695339,2026-05-09T23:59:59Z
naver-SYNTH-001-2026-05-09-C12,synthetic-advertiser-001,naver,SYNTH-001,2026-05-09,C12,Low Efficiency Legacy,Naver,353789.49,35688,735.0,16.18,1053377.5,2.059516,481.346247,2.201361,21865.852389,297.741318,2026-05-09T23:59:59Z
naver-SYNTH-001-2026-05-10-C01,synthetic-advertiser-001,naver,SYNTH-001,2026-05-10,C01,Brand Search Core,Naver,603114.02,80261,6397.0,543.85,5770832.32,7.970247,94.28076,8.501641,1108.971261,956.839358,2026-05-10T23:59:59Z
naver-SYNTH-001-2026-05-10-C02,synthetic-advertiser-001,naver,SYNTH-001,2026-05-10,C02,Brand Search Expansion,Naver,421042.5,58032,3415.0,233.75,3500955.31,5.884684,123.292095,6.844802,1801.251357,831.496885,2026-05-10T23:59:59Z
naver-SYNTH-001-2026-05-10-C03,synthetic-advertiser-001,naver,SYNTH-001,2026-05-10,C03,Generic Search High Intent,Naver,768373.99,97822,4451.0,206.25,8297345.37,4.550101,172.62952,4.63379,3725.449666,1079.857653,2026-05-10T23:59:59Z
naver-SYNTH-001-2026-05-10-C04,synthetic-advertiser-001,naver,SYNTH-001,2026-05-10,C04,Generic Search Mid Intent,Naver,598813.54,69759,2506.0,88.88,4942951.14,3.592368,238.951933,3.546688,6737.326095,825.457473,2026-05-10T23:59:59Z
naver-SYNTH-001-2026-05-10-C05,synthetic-advertiser-001,naver,SYNTH-001,2026-05-10,C05,Shopping Best Seller,Naver,821774.79,110349,6281.0,334.78,8371382.72,5.691941,130.835024,5.330043,2454.671084,1018.695495,2026-05-10T23:59:59Z
naver-SYNTH-001-2026-05-10-C06,synthetic-advertiser-001,naver,SYNTH-001,2026-05-10,C06,Shopping Long Tail,Naver,423150.94,47104,2146.0,107.57,3334843.35,4.555876,197.181241,5.012582,3933.726348,788.097817,2026-05-10T23:59:59Z
naver-SYNTH-001-2026-05-10-C07,synthetic-advertiser-001,naver,SYNTH-001,2026-05-10,C07,Retargeting,Naver,304179.95,48261,4245.0,454.33,4342202.23,8.795922,71.656053,10.702709,669.513229,1427.511015,2026-05-10T23:59:59Z
naver-SYNTH-001-2026-05-10-C08,synthetic-advertiser-001,naver,SYNTH-001,2026-05-10,C08,Competitor,Naver,376439.59,42581,1626.0,54.72,1567733.92,3.818605,231.512661,3.365314,6879.378399,416.463618,2026-05-10T23:59:59Z
naver-SYNTH-001-2026-05-10-C09,synthetic-advertiser-001,naver,SYNTH-001,2026-05-10,C09,Prospecting,Naver,659277.94,68722,1956.0,49.55,6214920.68,2.84625,337.054164,2.533231,13305.30666,942.685968,2026-05-10T23:59:59Z
naver-SYNTH-001-2026-05-10-C10,synthetic-advertiser-001,naver,SYNTH-001,2026-05-10,C10,Seasonal,Naver,459386.4,52116,2397.0,124.35,3866203.26,4.599355,191.650563,5.187735,3694.301574,841.601591,2026-05-10T23:59:59Z
naver-SYNTH-001-2026-05-10-C11,synthetic-advertiser-001,naver,SYNTH-001,2026-05-10,C11,New Product Launch,Naver,557915.9,64825,2511.0,93.83,4186192.67,3.873506,222.188728,3.736758,5946.02894,750.326834,2026-05-10T23:59:59Z
naver-SYNTH-001-2026-05-10-C12,synthetic-advertiser-001,naver,SYNTH-001,2026-05-10,C12,Low Efficiency Legacy,Naver,340083.4,31511,736.0,13.21,859101.38,2.335692,462.069836,1.794837,25744.390577,252.614913,2026-05-10T23:59:59Z
naver-SYNTH-001-2026-05-11-C01,synthetic-advertiser-001,naver,SYNTH-001,2026-05-11,C01,Brand Search Core,Naver,591822.99,96923,7742.0,633.87,4573156.09,7.987784,76.443166,8.187419,933.666191,772.723632,2026-05-11T23:59:59Z
naver-SYNTH-001-2026-05-11-C02,synthetic-advertiser-001,naver,SYNTH-001,2026-05-11,C02,Brand Search Expansion,Naver,367821.67,48316,2934.0,233.51,2633468.37,6.072523,125.365259,7.958759,1575.185943,715.963355,2026-05-11T23:59:59Z
naver-SYNTH-001-2026-05-11-C03,synthetic-advertiser-001,naver,SYNTH-001,2026-05-11,C03,Generic Search High Intent,Naver,569822.75,79673,3550.0,186.11,4518009.45,4.455713,160.51345,5.242535,3061.752443,792.879799,2026-05-11T23:59:59Z
naver-SYNTH-001-2026-05-11-C04,synthetic-advertiser-001,naver,SYNTH-001,2026-05-11,C04,Generic Search Mid Intent,Naver,487847.16,62769,2650.0,106.75,3564758.64,4.221829,184.093268,4.028302,4569.99681,730.712186,2026-05-11T23:59:59Z
naver-SYNTH-001-2026-05-11-C05,synthetic-advertiser-001,naver,SYNTH-001,2026-05-11,C05,Shopping Best Seller,Naver,803686.99,106105,4950.0,357.28,5075454.38,4.66519,162.361008,7.217778,2249.459775,631.521283,2026-05-11T23:59:59Z
naver-SYNTH-001-2026-05-11-C06,synthetic-advertiser-001,naver,SYNTH-001,2026-05-11,C06,Shopping Long Tail,Naver,459384.12,52452,1748.0,88.8,2844077.29,3.332571,262.80556,5.080092,5173.24459,619.106576,2026-05-11T23:59:59Z
naver-SYNTH-001-2026-05-11-C07,synthetic-advertiser-001,naver,SYNTH-001,2026-05-11,C07,Retargeting,Naver,280726.63,48030,3417.0,354.0,2936759.25,7.114304,82.155877,10.359965,793.013085,1046.127766,2026-05-11T23:59:59Z
naver-SYNTH-001-2026-05-11-C08,synthetic-advertiser-001,naver,SYNTH-001,2026-05-11,C08,Competitor,Naver,343987.29,33448,1042.0,41.71,2341204.66,3.115283,330.122163,4.002879,8247.118042,680.607889,2026-05-11T23:59:59Z
naver-SYNTH-001-2026-05-11-C09,synthetic-advertiser-001,naver,SYNTH-001,2026-05-11,C09,Prospecting,Naver,615996.25,66337,1900.0,37.03,3368757.5,2.864163,324.208554,1.948947,16635.059473,546.879546,2026-05-11T23:59:59Z
naver-SYNTH-001-2026-05-11-C10,synthetic-advertiser-001,naver,SYNTH-001,2026-05-11,C10,Seasonal,Naver,359018.28,45789,1793.0,77.6,2195519.32,3.915788,200.233283,4.327942,4626.524177,611.534137,2026-05-11T23:59:59Z
naver-SYNTH-001-2026-05-11-C11,synthetic-advertiser-001,naver,SYNTH-001,2026-05-11,C11,New Product Launch,Naver,536391.26,57622,2388.0,101.5,3919636.55,4.14425,224.619458,4.250419,5284.643,730.742055,2026-05-11T23:59:59Z
naver-SYNTH-001-2026-05-11-C12,synthetic-advertiser-001,naver,SYNTH-001,2026-05-11,C12,Low Efficiency Legacy,Naver,284346.92,29363,651.0,12.78,488511.4,2.217076,436.784821,1.963134,22249.367625,171.801193,2026-05-11T23:59:59Z
naver-SYNTH-001-2026-05-12-C01,synthetic-advertiser-001,naver,SYNTH-001,2026-05-12,C01,Brand Search Core,Naver,507165.35,75843,5902.0,560.66,4653662.06,7.781865,85.9311,9.499492,904.586296,917.582804,2026-05-12T23:59:59Z
naver-SYNTH-001-2026-05-12-C02,synthetic-advertiser-001,naver,SYNTH-001,2026-05-12,C02,Brand Search Expansion,Naver,332832.97,46197,3016.0,221.53,2643247.98,6.528562,110.355759,7.345159,1502.428423,794.166514,2026-05-12T23:59:59Z
naver-SYNTH-001-2026-05-12-C03,synthetic-advertiser-001,naver,SYNTH-001,2026-05-12,C03,Generic Search High Intent,Naver,625448.05,83315,3842.0,170.32,5430864.81,4.611415,162.792308,4.433108,3672.193787,868.315898,2026-05-12T23:59:59Z
naver-SYNTH-001-2026-05-12-C04,synthetic-advertiser-001,naver,SYNTH-001,2026-05-12,C04,Generic Search Mid Intent,Naver,477204.05,59861,2635.0,114.5,3320875.62,4.401864,181.102108,4.345351,4167.721001,695.90264,2026-05-12T23:59:59Z
naver-SYNTH-001-2026-05-12-C05,synthetic-advertiser-001,naver,SYNTH-001,2026-05-12,C05,Shopping Best Seller,Naver,738322.46,91788,5022.0,304.65,6369775.9,5.471303,147.017615,6.066308,2423.510468,862.736299,2026-05-12T23:59:59Z
naver-SYNTH-001-2026-05-12-C06,synthetic-advertiser-001,naver,SYNTH-001,2026-05-12,C06,Shopping Long Tail,Naver,420232.75,49047,1873.0,84.21,2356769.61,3.818786,224.363454,4.495996,4990.295087,560.824833,2026-05-12T23:59:59Z
naver-SYNTH-001-2026-05-12-C07,synthetic-advertiser-001,naver,SYNTH-001,2026-05-12,C07,Retargeting,Naver,266602.49,48067,4048.0,388.07,3149568.81,8.421578,65.860298,9.586709,686.995866,1181.372636,2026-05-12T23:59:59Z
naver-SYNTH-001-2026-05-12-C08,synthetic-advertiser-001,naver,SYNTH-001,2026-05-12,C08,Competitor,Naver,384466.88,42712,1301.0,45.51,763725.8,3.045982,295.516431,3.498078,8447.96476,198.645408,2026-05-12T23:59:59Z
naver-SYNTH-001-2026-05-12-C09,synthetic-advertiser-001,naver,SYNTH-001,2026-05-12,C09,Prospecting,Naver,635209.19,70241,2263.0,68.76,3605685.44,3.221765,280.693411,3.038445,9238.062683,567.63748,2026-05-12T23:59:59Z
naver-SYNTH-001-2026-05-12-C10,synthetic-advertiser-001,naver,SYNTH-001,2026-05-12,C10,Seasonal,Naver,383953.16,49517,2223.0,118.83,3196407.85,4.489367,172.71847,5.345479,3231.113001,832.499429,2026-05-12T23:59:59Z
naver-SYNTH-001-2026-05-12-C11,synthetic-advertiser-001,naver,SYNTH-001,2026-05-12,C11,New Product Launch,Naver,506564.11,57062,2086.0,94.66,2369057.45,3.655673,242.839936,4.537872,5351.406146,467.671796,2026-05-12T23:59:59Z
naver-SYNTH-001-2026-05-12-C12,synthetic-advertiser-001,naver,SYNTH-001,2026-05-12,C12,Low Efficiency Legacy,Naver,310695.16,29911,627.0,12.79,741793.49,2.096219,495.526564,2.039872,24292.037185,238.752833,2026-05-12T23:59:59Z
naver-SYNTH-001-2026-05-13-C01,synthetic-advertiser-001,naver,SYNTH-001,2026-05-13,C01,Brand Search Core,Naver,500062.2,68943,5406.0,483.74,4216387.94,7.84126,92.501332,8.948206,1033.741678,843.172698,2026-05-13T23:59:59Z
naver-SYNTH-001-2026-05-13-C02,synthetic-advertiser-001,naver,SYNTH-001,2026-05-13,C02,Brand Search Expansion,Naver,329494.21,45756,2827.0,191.74,2431326.19,6.178425,116.552603,6.782455,1718.442726,737.896486,2026-05-13T23:59:59Z
naver-SYNTH-001-2026-05-13-C03,synthetic-advertiser-001,naver,SYNTH-001,2026-05-13,C03,Generic Search High Intent,Naver,626334.99,75461,3504.0,197.56,4845736.81,4.643458,178.74857,5.638128,3170.35325,773.665355,2026-05-13T23:59:59Z
naver-SYNTH-001-2026-05-13-C04,synthetic-advertiser-001,naver,SYNTH-001,2026-05-13,C04,Generic Search Mid Intent,Naver,610153.0,76256,2618.0,104.15,4026612.27,3.433172,233.060732,3.978228,5858.406109,659.934851,2026-05-13T23:59:59Z
naver-SYNTH-001-2026-05-13-C05,synthetic-advertiser-001,naver,SYNTH-001,2026-05-13,C05,Shopping Best Seller,Naver,880424.25,109556,6247.0,354.53,6362970.39,5.702107,140.935529,5.675204,2483.356135,722.716393,2026-05-13T23:59:59Z
naver-SYNTH-001-2026-05-13-C06,synthetic-advertiser-001,naver,SYNTH-001,2026-05-13,C06,Shopping Long Tail,Naver,406492.11,48434,1688.0,80.71,2276826.65,3.485155,240.812863,4.781398,5036.452886,560.115826,2026-05-13T23:59:59Z
naver-SYNTH-001-2026-05-13-C07,synthetic-advertiser-001,naver,SYNTH-001,2026-05-13,C07,Retargeting,Naver,319949.49,54802,4449.0,539.26,3101619.76,8.118317,71.914922,12.120926,593.312107,969.409199,2026-05-13T23:59:59Z
naver-SYNTH-001-2026-05-13-C08,synthetic-advertiser-001,naver,SYNTH-001,2026-05-13,C08,Competitor,Naver,319142.8,33673,1126.0,41.55,2418035.37,3.343925,283.430553,3.690053,7680.933874,757.665643,2026-05-13T23:59:59Z
naver-SYNTH-001-2026-05-13-C09,synthetic-advertiser-001,naver,SYNTH-001,2026-05-13,C09,Prospecting,Naver,602787.97,61733,1661.0,47.62,4042910.23,2.690619,362.906664,2.866948,12658.294187,670.701877,2026-05-13T23:59:59Z
naver-SYNTH-001-2026-05-13-C10,synthetic-advertiser-001,naver,SYNTH-001,2026-05-13,C10,Seasonal,Naver,406835.39,49543,2308.0,114.88,3022817.3,4.658579,176.271834,4.97747,3541.394437,743.007456,2026-05-13T23:59:59Z
naver-SYNTH-001-2026-05-13-C11,synthetic-advertiser-001,naver,SYNTH-001,2026-05-13,C11,New Product Launch,Naver,648864.6,77178,3165.0,131.92,3622353.11,4.10091,205.012512,4.168088,4918.621901,558.260245,2026-05-13T23:59:59Z
naver-SYNTH-001-2026-05-13-C12,synthetic-advertiser-001,naver,SYNTH-001,2026-05-13,C12,Low Efficiency Legacy,Naver,310452.8,26536,617.0,12.8,737662.27,2.325143,503.164997,2.074554,24254.125227,237.608506,2026-05-13T23:59:59Z
naver-SYNTH-001-2026-05-14-C01,synthetic-advertiser-001,naver,SYNTH-001,2026-05-14,C01,Brand Search Core,Naver,522230.21,76357,5681.0,451.33,4443134.15,7.440051,91.925755,7.944552,1157.091738,850.799902,2026-05-14T23:59:59Z
naver-SYNTH-001-2026-05-14-C02,synthetic-advertiser-001,naver,SYNTH-001,2026-05-14,C02,Brand Search Expansion,Naver,359312.78,59282,3640.0,239.41,2513435.27,6.140144,98.712301,6.577198,1500.826098,699.511801,2026-05-14T23:59:59Z
naver-SYNTH-001-2026-05-14-C03,synthetic-advertiser-001,naver,SYNTH-001,2026-05-14,C03,Generic Search High Intent,Naver,602951.54,78851,4123.0,199.39,4780053.85,5.228849,146.240974,4.836042,3023.980819,792.775799,2026-05-14T23:59:59Z
naver-SYNTH-001-2026-05-14-C04,synthetic-advertiser-001,naver,SYNTH-001,2026-05-14,C04,Generic Search Mid Intent,Naver,550416.7,67867,2538.0,128.59,3177395.61,3.739667,216.870253,5.066588,4280.400509,577.270929,2026-05-14T23:59:59Z
naver-SYNTH-001-2026-05-14-C05,synthetic-advertiser-001,naver,SYNTH-001,2026-05-14,C05,Shopping Best Seller,Naver,642136.21,85084,5001.0,369.1,7366819.53,5.877721,128.401561,7.380524,1739.735056,1147.236276,2026-05-14T23:59:59Z
naver-SYNTH-001-2026-05-14-C06,synthetic-advertiser-001,naver,SYNTH-001,2026-05-14,C06,Shopping Long Tail,Naver,399817.37,48094,2069.0,114.37,2638189.53,4.301992,193.241839,5.527791,3495.823775,659.848661,2026-05-14T23:59:59Z
naver-SYNTH-001-2026-05-14-C07,synthetic-advertiser-001,naver,SYNTH-001,2026-05-14,C07,Retargeting,Naver,289994.81,48005,3591.0,326.08,3072239.4,7.480471,80.756003,9.080479,889.336382,1059.411865,2026-05-14T23:59:59Z
naver-SYNTH-001-2026-05-14-C08,synthetic-advertiser-001,naver,SYNTH-001,2026-05-14,C08,Competitor,Naver,367434.37,40968,1398.0,54.92,1845356.07,3.412419,262.82859,3.928469,6690.356302,502.227398,2026-05-14T23:59:59Z
naver-SYNTH-001-2026-05-14-C09,synthetic-advertiser-001,naver,SYNTH-001,2026-05-14,C09,Prospecting,Naver,604906.63,56038,1423.0,40.73,2973523.64,2.539348,425.092504,2.862263,14851.623707,491.567372,2026-05-14T23:59:59Z
naver-SYNTH-001-2026-05-14-C10,synthetic-advertiser-001,naver,SYNTH-001,2026-05-14,C10,Seasonal,Naver,392038.34,45569,1555.0,67.92,2799309.7,3.412408,252.114685,4.367846,5772.060303,714.039789,2026-05-14T23:59:59Z
naver-SYNTH-001-2026-05-14-C11,synthetic-advertiser-001,naver,SYNTH-001,2026-05-14,C11,New Product Launch,Naver,575415.3,64372,1817.0,83.84,4360170.36,2.822656,316.68426,4.614199,6863.255005,757.743209,2026-05-14T23:59:59Z
naver-SYNTH-001-2026-05-14-C12,synthetic-advertiser-001,naver,SYNTH-001,2026-05-14,C12,Low Efficiency Legacy,Naver,312025.62,26986,607.0,14.23,762775.0,2.249314,514.045505,2.344316,21927.310001,244.459093,2026-05-14T23:59:59Z
naver-SYNTH-001-2026-05-15-C01,synthetic-advertiser-001,naver,SYNTH-001,2026-05-15,C01,Brand Search Core,Naver,486916.81,74172,5414.0,398.85,4569502.5,7.29925,89.93661,7.367011,1220.801825,938.456515,2026-05-15T23:59:59Z
naver-SYNTH-001-2026-05-15-C02,synthetic-advertiser-001,naver,SYNTH-001,2026-05-15,C02,Brand Search Expansion,Naver,333772.72,48317,2693.0,162.93,2439771.29,5.573608,123.940854,6.05013,2048.565151,730.967853,2026-05-15T23:59:59Z
naver-SYNTH-001-2026-05-15-C03,synthetic-advertiser-001,naver,SYNTH-001,2026-05-15,C03,Generic Search High Intent,Naver,647051.44,77410,3614.0,144.29,5622226.49,4.668647,179.040243,3.992529,4484.381723,868.899465,2026-05-15T23:59:59Z
naver-SYNTH-001-2026-05-15-C04,synthetic-advertiser-001,naver,SYNTH-001,2026-05-15,C04,Generic Search Mid Intent,Naver,512713.75,66672,2819.0,119.58,3180304.18,4.228162,181.877883,4.24193,4287.62128,620.288449,2026-05-15T23:59:59Z
naver-SYNTH-001-2026-05-15-C05,synthetic-advertiser-001,naver,SYNTH-001,2026-05-15,C05,Shopping Best Seller,Naver,764698.54,112126,5156.0,335.58,7921454.93,4.598398,148.312363,6.508534,2278.736942,1035.892511,2026-05-15T23:59:59Z
naver-SYNTH-001-2026-05-15-C06,synthetic-advertiser-001,naver,SYNTH-001,2026-05-15,C06,Shopping Long Tail,Naver,405833.34,43615,1864.0,92.83,1941092.62,4.273759,217.721747,4.98015,4371.790771,478.29797,2026-05-15T23:59:59Z
naver-SYNTH-001-2026-05-15-C07,synthetic-advertiser-001,naver,SYNTH-001,2026-05-15,C07,Retargeting,Naver,294279.84,47079,4395.0,524.72,3069229.49,9.335372,66.957871,11.939022,560.832142,1042.962872,2026-05-15T23:59:59Z
naver-SYNTH-001-2026-05-15-C08,synthetic-advertiser-001,naver,SYNTH-001,2026-05-15,C08,Competitor,Naver,334470.92,31812,1159.0,39.83,2329110.18,3.643279,288.585781,3.436583,8397.462213,696.356556,2026-05-15T23:59:59Z
naver-SYNTH-001-2026-05-15-C09,synthetic-advertiser-001,naver,SYNTH-001,2026-05-15,C09,Prospecting,Naver,568156.56,65443,1745.0,48.77,3141400.12,2.666443,325.591152,2.794842,11649.714173,552.911,2026-05-15T23:59:59Z
naver-SYNTH-001-2026-05-15-C10,synthetic-advertiser-001,naver,SYNTH-001,2026-05-15,C10,Seasonal,Naver,410098.4,50813,2307.0,127.89,2828083.36,4.540177,177.762635,5.543563,3206.649465,689.610923,2026-05-15T23:59:59Z
naver-SYNTH-001-2026-05-15-C11,synthetic-advertiser-001,naver,SYNTH-001,2026-05-15,C11,New Product Launch,Naver,569190.57,61345,1853.0,66.33,4153865.26,3.020621,307.172462,3.579601,8581.193623,729.784619,2026-05-15T23:59:59Z
naver-SYNTH-001-2026-05-15-C12,synthetic-advertiser-001,naver,SYNTH-001,2026-05-15,C12,Low Efficiency Legacy,Naver,314387.89,31083,657.0,12.68,665676.57,2.113696,478.520382,1.929985,24793.997713,211.737343,2026-05-15T23:59:59Z
naver-SYNTH-001-2026-05-16-C01,synthetic-advertiser-001,naver,SYNTH-001,2026-05-16,C01,Brand Search Core,Naver,477177.92,67823,5189.0,405.83,4342672.55,7.650797,91.959514,7.820967,1175.807397,910.074085,2026-05-16T23:59:59Z
naver-SYNTH-001-2026-05-16-C02,synthetic-advertiser-001,naver,SYNTH-001,2026-05-16,C02,Brand Search Expansion,Naver,329304.45,49990,3350.0,232.27,2516120.05,6.70134,98.299836,6.933433,1417.765748,764.071073,2026-05-16T23:59:59Z
naver-SYNTH-001-2026-05-16-C03,synthetic-advertiser-001,naver,SYNTH-001,2026-05-16,C03,Generic Search High Intent,Naver,592939.46,73954,3218.0,217.74,5319165.62,4.351354,184.257136,6.766314,2723.153588,897.084096,2026-05-16T23:59:59Z
naver-SYNTH-001-2026-05-16-C04,synthetic-advertiser-001,naver,SYNTH-001,2026-05-16,C04,Generic Search Mid Intent,Naver,468885.45,54158,1996.0,105.39,2824530.15,3.685513,234.91255,5.28006,4449.050675,602.392364,2026-05-16T23:59:59Z
naver-SYNTH-001-2026-05-16-C05,synthetic-advertiser-001,naver,SYNTH-001,2026-05-16,C05,Shopping Best Seller,Naver,727913.81,106463,6116.0,343.65,6957730.59,5.744719,119.017955,5.618869,2118.183658,955.845384,2026-05-16T23:59:59Z
naver-SYNTH-001-2026-05-16-C06,synthetic-advertiser-001,naver,SYNTH-001,2026-05-16,C06,Shopping Long Tail,Naver,347709.33,35703,1715.0,55.72,2116974.8,4.803518,202.745964,3.24898,6240.296645,608.834628,2026-05-16T23:59:59Z
naver-SYNTH-001-2026-05-16-C07,synthetic-advertiser-001,naver,SYNTH-001,2026-05-16,C07,Retargeting,Naver,266784.25,40422,3682.0,403.82,2924143.41,9.108901,72.456343,10.967409,660.651413,1096.070465,2026-05-16T23:59:59Z
naver-SYNTH-001-2026-05-16-C08,synthetic-advertiser-001,naver,SYNTH-001,2026-05-16,C08,Competitor,Naver,359898.46,37963,1362.0,54.57,1678518.79,3.587704,264.242627,4.006608,6595.170575,466.38677,2026-05-16T23:59:59Z
naver-SYNTH-001-2026-05-16-C09,synthetic-advertiser-001,naver,SYNTH-001,2026-05-16,C09,Prospecting,Naver,575953.59,61878,1685.0,35.94,3136421.61,2.7231,341.81222,2.132938,16025.419897,544.561516,2026-05-16T23:59:59Z
naver-SYNTH-001-2026-05-16-C10,synthetic-advertiser-001,naver,SYNTH-001,2026-05-16,C10,Seasonal,Naver,366133.44,44886,1984.0,103.64,2984013.29,4.420086,184.543066,5.22379,3532.742604,815.007026,2026-05-16T23:59:59Z
naver-SYNTH-001-2026-05-16-C11,synthetic-advertiser-001,naver,SYNTH-001,2026-05-16,C11,New Product Launch,Naver,454030.92,51524,1745.0,63.56,2186050.38,3.386771,260.189638,3.642407,7143.343588,481.476104,2026-05-16T23:59:59Z
naver-SYNTH-001-2026-05-16-C12,synthetic-advertiser-001,naver,SYNTH-001,2026-05-16,C12,Low Efficiency Legacy,Naver,241898.32,22997,544.0,10.98,607701.0,2.365526,444.666037,2.018382,22030.812738,251.221667,2026-05-16T23:59:59Z
naver-SYNTH-001-2026-05-17-C01,synthetic-advertiser-001,naver,SYNTH-001,2026-05-17,C01,Brand Search Core,Naver,470095.07,71746,5500.0,402.67,4563231.09,7.665933,85.47183,7.321273,1167.444972,970.703888,2026-05-17T23:59:59Z
naver-SYNTH-001-2026-05-17-C02,synthetic-advertiser-001,naver,SYNTH-001,2026-05-17,C02,Brand Search Expansion,Naver,298596.4,42982,2546.0,161.9,2460691.81,5.92341,117.280597,6.358995,1844.326123,824.086229,2026-05-17T23:59:59Z
naver-SYNTH-001-2026-05-17-C03,synthetic-advertiser-001,naver,SYNTH-001,2026-05-17,C03,Generic Search High Intent,Naver,560286.52,67040,3377.0,155.82,5345726.31,5.037291,165.912503,4.614155,3595.729201,954.105816,2026-05-17T23:59:59Z
naver-SYNTH-001-2026-05-17-C04,synthetic-advertiser-001,naver,SYNTH-001,2026-05-17,C04,Generic Search Mid Intent,Naver,437828.25,48560,1959.0,74.91,2938349.6,4.034185,223.495786,3.82389,5844.723611,671.119242,2026-05-17T23:59:59Z
naver-SYNTH-001-2026-05-17-C05,synthetic-advertiser-001,naver,SYNTH-001,2026-05-17,C05,Shopping Best Seller,Naver,695901.57,93974,5227.0,308.83,4863253.44,5.562177,133.135943,5.90836,2253.348353,698.842141,2026-05-17T23:59:59Z
naver-SYNTH-001-2026-05-17-C06,synthetic-advertiser-001,naver,SYNTH-001,2026-05-17,C06,Shopping Long Tail,Naver,393901.77,48589,1895.0,99.97,2286148.63,3.90006,207.863733,5.275462,3940.199801,580.385462,2026-05-17T23:59:59Z
naver-SYNTH-001-2026-05-17-C07,synthetic-advertiser-001,naver,SYNTH-001,2026-05-17,C07,Retargeting,Naver,236376.61,39283,3550.0,368.86,2638873.66,9.036988,66.584962,10.390423,640.830163,1116.385252,2026-05-17T23:59:59Z
naver-SYNTH-001-2026-05-17-C08,synthetic-advertiser-001,naver,SYNTH-001,2026-05-17,C08,Competitor,Naver,319445.71,31992,951.0,43.11,1747085.17,2.972618,335.905054,4.533123,7410.014073,546.911459,2026-05-17T23:59:59Z
naver-SYNTH-001-2026-05-17-C09,synthetic-advertiser-001,naver,SYNTH-001,2026-05-17,C09,Prospecting,Naver,490739.29,54577,1346.0,36.54,3318353.35,2.46624,364.590854,2.71471,13430.194004,676.194759,2026-05-17T23:59:59Z
naver-SYNTH-001-2026-05-17-C10,synthetic-advertiser-001,naver,SYNTH-001,2026-05-17,C10,Seasonal,Naver,364356.8,43853,1792.0,100.53,2925761.22,4.086379,203.32411,5.609933,3624.358944,802.993435,2026-05-17T23:59:59Z
naver-SYNTH-001-2026-05-17-C11,synthetic-advertiser-001,naver,SYNTH-001,2026-05-17,C11,New Product Launch,Naver,481140.63,52594,2478.0,85.89,3814455.2,4.711564,194.164903,3.466102,5601.823618,792.794238,2026-05-17T23:59:59Z
naver-SYNTH-001-2026-05-17-C12,synthetic-advertiser-001,naver,SYNTH-001,2026-05-17,C12,Low Efficiency Legacy,Naver,288247.79,31012,581.0,12.68,778811.84,1.873468,496.123568,2.182444,22732.475796,270.188309,2026-05-17T23:59:59Z
naver-SYNTH-001-2026-05-18-C01,synthetic-advertiser-001,naver,SYNTH-001,2026-05-18,C01,Brand Search Core,Naver,526668.28,87894,6124.0,513.47,4736359.69,6.967484,86.000699,8.384553,1025.704088,899.30605,2026-05-18T23:59:59Z
naver-SYNTH-001-2026-05-18-C02,synthetic-advertiser-001,naver,SYNTH-001,2026-05-18,C02,Brand Search Expansion,Naver,372616.95,56606,3341.0,251.42,2594152.78,5.902201,111.528568,7.525292,1482.049746,696.198281,2026-05-18T23:59:59Z
naver-SYNTH-001-2026-05-18-C03,synthetic-advertiser-001,naver,SYNTH-001,2026-05-18,C03,Generic Search High Intent,Naver,627747.11,80062,3908.0,211.14,5493388.51,4.881217,160.631296,5.402764,2973.132076,875.095791,2026-05-18T23:59:59Z
naver-SYNTH-001-2026-05-18-C04,synthetic-advertiser-001,naver,SYNTH-001,2026-05-18,C04,Generic Search Mid Intent,Naver,549439.8,63334,2338.0,123.88,3401870.68,3.69154,235.00419,5.298546,4435.258286,619.15258,2026-05-18T23:59:59Z
naver-SYNTH-001-2026-05-18-C05,synthetic-advertiser-001,naver,SYNTH-001,2026-05-18,C05,Shopping Best Seller,Naver,756854.1,97649,5132.0,271.39,6102393.38,5.255558,147.477416,5.288192,2788.806134,806.283986,2026-05-18T23:59:59Z
naver-SYNTH-001-2026-05-18-C06,synthetic-advertiser-001,naver,SYNTH-001,2026-05-18,C06,Shopping Long Tail,Naver,396413.9,47101,1836.0,88.38,2246996.98,3.898006,215.911713,4.813725,4485.334968,566.831022,2026-05-18T23:59:59Z
naver-SYNTH-001-2026-05-18-C07,synthetic-advertiser-001,naver,SYNTH-001,2026-05-18,C07,Retargeting,Naver,290364.04,50402,4175.0,463.41,2948624.58,8.283401,69.548274,11.099641,626.581305,1015.492331,2026-05-18T23:59:59Z
naver-SYNTH-001-2026-05-18-C08,synthetic-advertiser-001,naver,SYNTH-001,2026-05-18,C08,Competitor,Naver,311962.2,31590,1116.0,37.0,2087963.18,3.532764,279.536018,3.315412,8431.410718,669.300064,2026-05-18T23:59:59Z
naver-SYNTH-001-2026-05-18-C09,synthetic-advertiser-001,naver,SYNTH-001,2026-05-18,C09,Prospecting,Naver,574416.78,59082,1860.0,46.65,3415981.78,3.148167,308.826228,2.508065,12313.328714,594.686972,2026-05-18T23:59:59Z
naver-SYNTH-001-2026-05-18-C10,synthetic-advertiser-001,naver,SYNTH-001,2026-05-18,C10,Seasonal,Naver,375520.48,55548,2942.0,138.07,3160270.77,5.29632,127.641224,4.693066,2719.783312,841.570812,2026-05-18T23:59:59Z
naver-SYNTH-001-2026-05-18-C11,synthetic-advertiser-001,naver,SYNTH-001,2026-05-18,C11,New Product Launch,Naver,696358.87,74283,2217.0,71.86,4818430.44,2.984532,314.099625,3.241317,9690.493574,691.946446,2026-05-18T23:59:59Z
naver-SYNTH-001-2026-05-18-C12,synthetic-advertiser-001,naver,SYNTH-001,2026-05-18,C12,Low Efficiency Legacy,Naver,277097.09,25765,632.0,13.51,762111.59,2.45294,438.444763,2.137658,20510.517427,275.034138,2026-05-18T23:59:59Z
naver-SYNTH-001-2026-05-19-C01,synthetic-advertiser-001,naver,SYNTH-001,2026-05-19,C01,Brand Search Core,Naver,492800.66,80063,6205.0,438.45,4691391.71,7.750147,79.419929,7.066076,1123.960904,951.985682,2026-05-19T23:59:59Z
naver-SYNTH-001-2026-05-19-C02,synthetic-advertiser-001,naver,SYNTH-001,2026-05-19,C02,Brand Search Expansion,Naver,394902.44,61199,3963.0,256.58,2581409.72,6.475596,99.647347,6.474388,1539.10062,653.682905,2026-05-19T23:59:59Z
naver-SYNTH-001-2026-05-19-C03,synthetic-advertiser-001,naver,SYNTH-001,2026-05-19,C03,Generic Search High Intent,Naver,668207.96,83394,4196.0,151.94,4817860.89,5.031537,159.248798,3.621068,4397.840963,721.012202,2026-05-19T23:59:59Z
naver-SYNTH-001-2026-05-19-C04,synthetic-advertiser-001,naver,SYNTH-001,2026-05-19,C04,Generic Search Mid Intent,Naver,494762.86,56895,1917.0,78.82,3569689.91,3.369365,258.092256,4.111633,6277.123258,721.49513,2026-05-19T23:59:59Z
naver-SYNTH-001-2026-05-19-C05,synthetic-advertiser-001,naver,SYNTH-001,2026-05-19,C05,Shopping Best Seller,Naver,711210.56,94646,5563.0,334.46,7031849.4,5.877692,127.846587,6.012224,2126.444311,988.715544,2026-05-19T23:59:59Z
naver-SYNTH-001-2026-05-19-C06,synthetic-advertiser-001,naver,SYNTH-001,2026-05-19,C06,Shopping Long Tail,Naver,396137.04,45000,1803.0,89.34,2621007.81,4.006667,219.709953,4.955075,4434.039007,661.641683,2026-05-19T23:59:59Z
naver-SYNTH-001-2026-05-19-C07,synthetic-advertiser-001,naver,SYNTH-001,2026-05-19,C07,Retargeting,Naver,338977.31,55081,4609.0,441.73,3223828.88,8.367677,73.546824,9.584075,767.385757,951.045623,2026-05-19T23:59:59Z
naver-SYNTH-001-2026-05-19-C08,synthetic-advertiser-001,naver,SYNTH-001,2026-05-19,C08,Competitor,Naver,377230.93,39768,1038.0,33.02,1985053.09,2.610139,363.420939,3.181118,11424.316608,526.216942,2026-05-19T23:59:59Z
naver-SYNTH-001-2026-05-19-C09,synthetic-advertiser-001,naver,SYNTH-001,2026-05-19,C09,Prospecting,Naver,581310.99,58802,1541.0,45.22,3776354.99,2.620659,377.229717,2.934458,12855.17455,649.627313,2026-05-19T23:59:59Z
naver-SYNTH-001-2026-05-19-C10,synthetic-advertiser-001,naver,SYNTH-001,2026-05-19,C10,Seasonal,Naver,363881.01,42721,1869.0,70.07,3160584.62,4.374898,194.69289,3.749064,5193.107066,868.576407,2026-05-19T23:59:59Z
naver-SYNTH-001-2026-05-19-C11,synthetic-advertiser-001,naver,SYNTH-001,2026-05-19,C11,New Product Launch,Naver,541073.93,62431,2117.0,79.04,3708865.15,3.390944,255.585227,3.733585,6845.570926,685.463662,2026-05-19T23:59:59Z
naver-SYNTH-001-2026-05-19-C12,synthetic-advertiser-001,naver,SYNTH-001,2026-05-19,C12,Low Efficiency Legacy,Naver,320209.16,29291,710.0,16.57,704491.38,2.423953,450.998814,2.333803,19324.632338,220.009755,2026-05-19T23:59:59Z
naver-SYNTH-001-2026-05-20-C01,synthetic-advertiser-001,naver,SYNTH-001,2026-05-20,C01,Brand Search Core,Naver,494519.22,76940,5667.0,424.84,4356646.26,7.36548,87.262964,7.496735,1164.012841,880.986245,2026-05-20T23:59:59Z
naver-SYNTH-001-2026-05-20-C02,synthetic-advertiser-001,naver,SYNTH-001,2026-05-20,C02,Brand Search Expansion,Naver,394610.83,56403,3460.0,237.35,2289622.86,6.134425,114.049372,6.859827,1662.569317,580.223019,2026-05-20T23:59:59Z
naver-SYNTH-001-2026-05-20-C03,synthetic-advertiser-001,naver,SYNTH-001,2026-05-20,C03,Generic Search High Intent,Naver,712664.1,93115,3708.0,179.48,5149203.32,3.982173,192.196359,4.840345,3970.71595,722.528794,2026-05-20T23:59:59Z
naver-SYNTH-001-2026-05-20-C04,synthetic-advertiser-001,naver,SYNTH-001,2026-05-20,C04,Generic Search Mid Intent,Naver,532118.84,63786,2234.0,111.78,3186414.66,3.502336,238.191067,5.003581,4760.411908,598.816355,2026-05-20T23:59:59Z
naver-SYNTH-001-2026-05-20-C05,synthetic-advertiser-001,naver,SYNTH-001,2026-05-20,C05,Shopping Best Seller,Naver,741961.32,107171,5854.0,336.79,6221105.03,5.462299,126.744333,5.75316,2203.038464,838.467563,2026-05-20T23:59:59Z
naver-SYNTH-001-2026-05-20-C06,synthetic-advertiser-001,naver,SYNTH-001,2026-05-20,C06,Shopping Long Tail,Naver,426140.92,45535,1753.0,74.65,2545241.96,3.849786,243.092367,4.258414,5708.518672,597.277063,2026-05-20T23:59:59Z
naver-SYNTH-001-2026-05-20-C07,synthetic-advertiser-001,naver,SYNTH-001,2026-05-20,C07,Retargeting,Naver,311888.3,54785,5079.0,522.11,2845056.24,9.270786,61.407423,10.279779,597.361288,912.203575,2026-05-20T23:59:59Z
naver-SYNTH-001-2026-05-20-C08,synthetic-advertiser-001,naver,SYNTH-001,2026-05-20,C08,Competitor,Naver,337617.8,34226,1117.0,36.2,1722449.87,3.263601,302.254071,3.240824,9326.458478,510.177451,2026-05-20T23:59:59Z
naver-SYNTH-001-2026-05-20-C09,synthetic-advertiser-001,naver,SYNTH-001,2026-05-20,C09,Prospecting,Naver,666168.01,69326,1632.0,42.58,3521291.83,2.354095,408.191185,2.609069,15645.091936,528.589147,2026-05-20T23:59:59Z
naver-SYNTH-001-2026-05-20-C10,synthetic-advertiser-001,naver,SYNTH-001,2026-05-20,C10,Seasonal,Naver,402657.78,52767,2162.0,106.04,2722800.11,4.097258,186.243189,4.904718,3797.225343,676.207012,2026-05-20T23:59:59Z
naver-SYNTH-001-2026-05-20-C11,synthetic-advertiser-001,naver,SYNTH-001,2026-05-20,C11,New Product Launch,Naver,563046.07,55368,1783.0,70.37,3489273.27,3.220272,315.785795,3.946719,8001.223138,619.713633,2026-05-20T23:59:59Z
naver-SYNTH-001-2026-05-20-C12,synthetic-advertiser-001,naver,SYNTH-001,2026-05-20,C12,Low Efficiency Legacy,Naver,289661.56,27069,579.0,9.73,567830.63,2.138978,500.279033,1.680484,29769.944524,196.032441,2026-05-20T23:59:59Z
naver-SYNTH-001-2026-05-21-C01,synthetic-advertiser-001,naver,SYNTH-001,2026-05-21,C01,Brand Search Core,Naver,505569.37,76785,5533.0,492.21,4290848.5,7.205834,91.373462,8.895897,1027.141597,848.71608,2026-05-21T23:59:59Z
naver-SYNTH-001-2026-05-21-C02,synthetic-advertiser-001,naver,SYNTH-001,2026-05-21,C02,Brand Search Expansion,Naver,360851.17,49480,2673.0,163.46,2363728.72,5.402183,134.998567,6.115226,2207.58087,655.042555,2026-05-21T23:59:59Z
naver-SYNTH-001-2026-05-21-C03,synthetic-advertiser-001,naver,SYNTH-001,2026-05-21,C03,Generic Search High Intent,Naver,681818.1,86344,4269.0,197.81,4442617.41,4.944177,159.713773,4.633638,3446.833308,651.583968,2026-05-21T23:59:59Z
naver-SYNTH-001-2026-05-21-C04,synthetic-advertiser-001,naver,SYNTH-001,2026-05-21,C04,Generic Search Mid Intent,Naver,523978.74,66357,2341.0,83.58,3129757.62,3.527887,223.826888,3.570269,6269.188133,597.306218,2026-05-21T23:59:59Z
naver-SYNTH-001-2026-05-21-C05,synthetic-advertiser-001,naver,SYNTH-001,2026-05-21,C05,Shopping Best Seller,Naver,741106.06,97639,5585.0,352.39,5486438.17,5.72005,132.695802,6.309579,2103.084808,740.304054,2026-05-21T23:59:59Z
naver-SYNTH-001-2026-05-21-C06,synthetic-advertiser-001,naver,SYNTH-001,2026-05-21,C06,Shopping Long Tail,Naver,421676.65,44668,1538.0,67.1,1926024.98,3.443181,274.172072,4.362809,6284.301734,456.754007,2026-05-21T23:59:59Z
naver-SYNTH-001-2026-05-21-C07,synthetic-advertiser-001,naver,SYNTH-001,2026-05-21,C07,Retargeting,Naver,281434.48,50508,4471.0,441.36,3225634.99,8.852063,62.946651,9.871617,637.652881,1146.140672,2026-05-21T23:59:59Z
naver-SYNTH-001-2026-05-21-C08,synthetic-advertiser-001,naver,SYNTH-001,2026-05-21,C08,Competitor,Naver,366964.81,38924,1174.0,46.39,1836161.78,3.016134,312.576497,3.951448,7910.429134,500.364543,2026-05-21T23:59:59Z
naver-SYNTH-001-2026-05-21-C09,synthetic-advertiser-001,naver,SYNTH-001,2026-05-21,C09,Prospecting,Naver,542779.97,52758,1443.0,46.85,3131891.28,2.73513,376.146892,3.246708,11585.484857,577.009373,2026-05-21T23:59:59Z
naver-SYNTH-001-2026-05-21-C10,synthetic-advertiser-001,naver,SYNTH-001,2026-05-21,C10,Seasonal,Naver,433859.99,54326,2603.0,130.01,3141885.41,4.791444,166.676909,4.994622,3337.127865,724.170345,2026-05-21T23:59:59Z
naver-SYNTH-001-2026-05-21-C11,synthetic-advertiser-001,naver,SYNTH-001,2026-05-21,C11,New Product Launch,Naver,665932.51,81243,2869.0,114.82,5051594.31,3.531381,232.113108,4.002091,5799.795379,758.57452,2026-05-21T23:59:59Z
naver-SYNTH-001-2026-05-21-C12,synthetic-advertiser-001,naver,SYNTH-001,2026-05-21,C12,Low Efficiency Legacy,Naver,311807.43,27969,774.0,17.25,705345.14,2.76735,402.851976,2.228682,18075.79301,226.211782,2026-05-21T23:59:59Z
naver-SYNTH-001-2026-05-22-C01,synthetic-advertiser-001,naver,SYNTH-001,2026-05-22,C01,Brand Search Core,Naver,525484.04,72735,5693.0,468.42,4478323.29,7.827043,92.303538,8.227999,1121.822384,852.22822,2026-05-22T23:59:59Z
naver-SYNTH-001-2026-05-22-C02,synthetic-advertiser-001,naver,SYNTH-001,2026-05-22,C02,Brand Search Expansion,Naver,363143.88,50039,3009.0,203.26,2475812.86,6.01331,120.685903,6.755068,1786.597866,681.771876,2026-05-22T23:59:59Z
naver-SYNTH-001-2026-05-22-C03,synthetic-advertiser-001,naver,SYNTH-001,2026-05-22,C03,Generic Search High Intent,Naver,628304.84,75941,3650.0,215.5,5729641.96,4.806363,172.138314,5.90411,2915.567724,911.920703,2026-05-22T23:59:59Z
naver-SYNTH-001-2026-05-22-C04,synthetic-advertiser-001,naver,SYNTH-001,2026-05-22,C04,Generic Search Mid Intent,Naver,538974.52,58828,2073.0,97.75,3894444.04,3.523832,259.997359,4.715388,5513.805876,722.565514,2026-05-22T23:59:59Z
naver-SYNTH-001-2026-05-22-C05,synthetic-advertiser-001,naver,SYNTH-001,2026-05-22,C05,Shopping Best Seller,Naver,683075.23,90248,6216.0,430.11,5810603.05,6.887687,109.889837,6.919402,1588.140769,850.653461,2026-05-22T23:59:59Z
naver-SYNTH-001-2026-05-22-C06,synthetic-advertiser-001,naver,SYNTH-001,2026-05-22,C06,Shopping Long Tail,Naver,400929.23,44355,2010.0,99.21,2307898.9,4.53162,199.46728,4.935821,4041.217949,575.637472,2026-05-22T23:59:59Z
naver-SYNTH-001-2026-05-22-C07,synthetic-advertiser-001,naver,SYNTH-001,2026-05-22,C07,Retargeting,Naver,275706.82,43909,3495.0,356.84,2779285.53,7.959644,78.88607,10.210014,772.634278,1008.058332,2026-05-22T23:59:59Z
naver-SYNTH-001-2026-05-22-C08,synthetic-advertiser-001,naver,SYNTH-001,2026-05-22,C08,Competitor,Naver,337153.21,37110,1249.0,42.83,1702308.13,3.36567,269.938515,3.429143,7871.893669,504.906405,2026-05-22T23:59:59Z
naver-SYNTH-001-2026-05-22-C09,synthetic-advertiser-001,naver,SYNTH-001,2026-05-22,C09,Prospecting,Naver,521760.33,53691,1544.0,45.19,3453242.72,2.875715,337.927672,2.926813,11545.924438,661.844636,2026-05-22T23:59:59Z
naver-SYNTH-001-2026-05-22-C10,synthetic-advertiser-001,naver,SYNTH-001,2026-05-22,C10,Seasonal,Naver,481791.35,63945,2587.0,111.68,4056358.94,4.045664,186.235542,4.316969,4314.034279,841.932707,2026-05-22T23:59:59Z
naver-SYNTH-001-2026-05-22-C11,synthetic-advertiser-001,naver,SYNTH-001,2026-05-22,C11,New Product Launch,Naver,529375.14,60480,1792.0,55.92,3274722.43,2.962963,295.410233,3.120536,9466.651242,618.601478,2026-05-22T23:59:59Z
naver-SYNTH-001-2026-05-22-C12,synthetic-advertiser-001,naver,SYNTH-001,2026-05-22,C12,Low Efficiency Legacy,Naver,298561.82,25927,618.0,12.75,598415.43,2.383616,483.109739,2.063107,23416.613208,200.432671,2026-05-22T23:59:59Z
naver-SYNTH-001-2026-05-23-C01,synthetic-advertiser-001,naver,SYNTH-001,2026-05-23,C01,Brand Search Core,Naver,473549.18,69652,5285.0,459.9,4370014.81,7.587722,89.602495,8.701987,1029.678593,922.821736,2026-05-23T23:59:59Z
naver-SYNTH-001-2026-05-23-C02,synthetic-advertiser-001,naver,SYNTH-001,2026-05-23,C02,Brand Search Expansion,Naver,295187.94,42252,2993.0,198.53,2513292.28,7.083688,98.626108,6.633144,1486.868191,851.421051,2026-05-23T23:59:59Z
naver-SYNTH-001-2026-05-23-C03,synthetic-advertiser-001,naver,SYNTH-001,2026-05-23,C03,Generic Search High Intent,Naver,525642.62,65490,3087.0,160.87,4662399.44,4.713697,170.276196,5.211208,3267.499323,886.99038,2026-05-23T23:59:59Z
naver-SYNTH-001-2026-05-23-C04,synthetic-advertiser-001,naver,SYNTH-001,2026-05-23,C04,Generic Search Mid Intent,Naver,499033.08,50095,1972.0,93.32,3095976.24,3.936521,253.059371,4.732252,5347.546941,620.394991,2026-05-23T23:59:59Z
naver-SYNTH-001-2026-05-23-C05,synthetic-advertiser-001,naver,SYNTH-001,2026-05-23,C05,Shopping Best Seller,Naver,770421.42,114112,6074.0,375.8,6829070.77,5.322841,126.839219,6.187027,2050.083596,886.407183,2026-05-23T23:59:59Z
naver-SYNTH-001-2026-05-23-C06,synthetic-advertiser-001,naver,SYNTH-001,2026-05-23,C06,Shopping Long Tail,Naver,360182.63,40246,1598.0,84.87,2110176.54,3.970581,225.39589,5.311014,4243.93346,585.862934,2026-05-23T23:59:59Z
naver-SYNTH-001-2026-05-23-C07,synthetic-advertiser-001,naver,SYNTH-001,2026-05-23,C07,Retargeting,Naver,299619.12,49635,4430.0,393.3,2823169.7,8.925154,67.634114,8.878104,761.808095,942.25284,2026-05-23T23:59:59Z
naver-SYNTH-001-2026-05-23-C08,synthetic-advertiser-001,naver,SYNTH-001,2026-05-23,C08,Competitor,Naver,266654.36,27348,707.0,22.79,1598165.88,2.585198,377.163165,3.223479,11700.498369,599.33987,2026-05-23T23:59:59Z
naver-SYNTH-001-2026-05-23-C09,synthetic-advertiser-001,naver,SYNTH-001,2026-05-23,C09,Prospecting,Naver,554381.54,53739,1329.0,37.0,3218141.0,2.473064,417.141866,2.784048,14983.284874,580.492091,2026-05-23T23:59:59Z
naver-SYNTH-001-2026-05-23-C10,synthetic-advertiser-001,naver,SYNTH-001,2026-05-23,C10,Seasonal,Naver,312765.15,42073,2151.0,103.92,3214275.71,5.112542,145.404531,4.831241,3009.672315,1027.696258,2026-05-23T23:59:59Z
naver-SYNTH-001-2026-05-23-C11,synthetic-advertiser-001,naver,SYNTH-001,2026-05-23,C11,New Product Launch,Naver,533527.39,58395,2324.0,80.8,3266643.69,3.979793,229.572888,3.476764,6603.061769,612.272912,2026-05-23T23:59:59Z
naver-SYNTH-001-2026-05-23-C12,synthetic-advertiser-001,naver,SYNTH-001,2026-05-23,C12,Low Efficiency Legacy,Naver,275525.1,26583,590.0,8.65,605254.51,2.219464,466.991691,1.466102,31852.612462,219.673094,2026-05-23T23:59:59Z
naver-SYNTH-001-2026-05-24-C01,synthetic-advertiser-001,naver,SYNTH-001,2026-05-24,C01,Brand Search Core,Naver,447624.02,70452,5955.0,511.4,4304291.69,8.452563,75.167761,8.587741,875.291392,961.586403,2026-05-24T23:59:59Z
naver-SYNTH-001-2026-05-24-C02,synthetic-advertiser-001,naver,SYNTH-001,2026-05-24,C02,Brand Search Expansion,Naver,300275.96,44795,2702.0,173.03,2325565.25,6.031923,111.130999,6.403775,1735.398243,774.476006,2026-05-24T23:59:59Z
naver-SYNTH-001-2026-05-24-C03,synthetic-advertiser-001,naver,SYNTH-001,2026-05-24,C03,Generic Search High Intent,Naver,569294.51,70704,3527.0,191.15,5472976.02,4.988402,161.410408,5.41962,2978.260584,961.361108,2026-05-24T23:59:59Z
naver-SYNTH-001-2026-05-24-C04,synthetic-advertiser-001,naver,SYNTH-001,2026-05-24,C04,Generic Search Mid Intent,Naver,511978.53,56445,1972.0,86.46,3860584.76,3.493666,259.624003,4.384381,5921.565286,754.052074,2026-05-24T23:59:59Z
naver-SYNTH-001-2026-05-24-C05,synthetic-advertiser-001,naver,SYNTH-001,2026-05-24,C05,Shopping Best Seller,Naver,590877.38,84625,4142.0,225.96,4621256.71,4.894535,142.65509,5.455336,2614.964513,782.100797,2026-05-24T23:59:59Z
naver-SYNTH-001-2026-05-24-C06,synthetic-advertiser-001,naver,SYNTH-001,2026-05-24,C06,Shopping Long Tail,Naver,384016.55,44611,1688.0,82.16,2297899.53,3.78382,227.497954,4.867299,4674.008589,598.385553,2026-05-24T23:59:59Z
naver-SYNTH-001-2026-05-24-C07,synthetic-advertiser-001,naver,SYNTH-001,2026-05-24,C07,Retargeting,Naver,249610.57,41727,3569.0,320.61,2818978.02,8.553215,69.938518,8.983189,778.548927,1129.35041,2026-05-24T23:59:59Z
naver-SYNTH-001-2026-05-24-C08,synthetic-advertiser-001,naver,SYNTH-001,2026-05-24,C08,Competitor,Naver,289377.09,30684,1163.0,38.7,1683315.76,3.790249,248.81951,3.327601,7477.444198,581.703188,2026-05-24T23:59:59Z
naver-SYNTH-001-2026-05-24-C09,synthetic-advertiser-001,naver,SYNTH-001,2026-05-24,C09,Prospecting,Naver,560606.64,60589,1843.0,56.01,4702127.48,3.041806,304.181571,3.039067,10009.04546,838.757014,2026-05-24T23:59:59Z
naver-SYNTH-001-2026-05-24-C10,synthetic-advertiser-001,naver,SYNTH-001,2026-05-24,C10,Seasonal,Naver,301542.84,36570,1357.0,62.24,3211292.14,3.710692,222.21285,4.586588,4844.83993,1064.95388,2026-05-24T23:59:59Z
naver-SYNTH-001-2026-05-24-C11,synthetic-advertiser-001,naver,SYNTH-001,2026-05-24,C11,New Product Launch,Naver,506326.47,55224,1973.0,65.69,3516097.21,3.572722,256.627711,3.329448,7707.816609,694.432821,2026-05-24T23:59:59Z
naver-SYNTH-001-2026-05-24-C12,synthetic-advertiser-001,naver,SYNTH-001,2026-05-24,C12,Low Efficiency Legacy,Naver,262593.27,22844,594.0,11.49,574479.22,2.600245,442.076216,1.934343,22854.070721,218.771491,2026-05-24T23:59:59Z
naver-SYNTH-001-2026-05-25-C01,synthetic-advertiser-001,naver,SYNTH-001,2026-05-25,C01,Brand Search Core,Naver,489873.58,77919,5926.0,513.48,4511903.58,7.605334,82.665133,8.664867,954.026602,921.034278,2026-05-25T23:59:59Z
naver-SYNTH-001-2026-05-25-C02,synthetic-advertiser-001,naver,SYNTH-001,2026-05-25,C02,Brand Search Expansion,Naver,384102.22,54303,2879.0,200.94,2547815.4,5.301733,133.41515,6.979507,1911.526905,663.317027,2026-05-25T23:59:59Z
naver-SYNTH-001-2026-05-25-C03,synthetic-advertiser-001,naver,SYNTH-001,2026-05-25,C03,Generic Search High Intent,Naver,633300.41,84084,4454.0,276.24,6480811.6,5.297084,142.18689,6.202066,2292.57315,1023.339245,2026-05-25T23:59:59Z
naver-SYNTH-001-2026-05-25-C04,synthetic-advertiser-001,naver,SYNTH-001,2026-05-25,C04,Generic Search Mid Intent,Naver,552536.3,59122,2275.0,101.46,3278974.46,3.847975,242.873098,4.45978,5445.853524,593.440552,2026-05-25T23:59:59Z
naver-SYNTH-001-2026-05-25-C05,synthetic-advertiser-001,naver,SYNTH-001,2026-05-25,C05,Shopping Best Seller,Naver,739448.14,90391,5708.0,313.72,6422441.48,6.314788,129.545925,5.496146,2357.032188,868.545224,2026-05-25T23:59:59Z
naver-SYNTH-001-2026-05-25-C06,synthetic-advertiser-001,naver,SYNTH-001,2026-05-25,C06,Shopping Long Tail,Naver,414408.0,47065,1922.0,89.71,2588509.99,4.083714,215.612903,4.667534,4619.41813,624.628383,2026-05-25T23:59:59Z
naver-SYNTH-001-2026-05-25-C07,synthetic-advertiser-001,naver,SYNTH-001,2026-05-25,C07,Retargeting,Naver,292583.42,50227,4593.0,507.27,3227667.06,9.144484,63.702029,11.044415,576.780451,1103.161305,2026-05-25T23:59:59Z
naver-SYNTH-001-2026-05-25-C08,synthetic-advertiser-001,naver,SYNTH-001,2026-05-25,C08,Competitor,Naver,344958.57,35461,1318.0,45.43,2488489.61,3.716759,261.728812,3.446889,7593.188965,721.387956,2026-05-25T23:59:59Z
naver-SYNTH-001-2026-05-25-C09,synthetic-advertiser-001,naver,SYNTH-001,2026-05-25,C09,Prospecting,Naver,652462.23,69916,2005.0,61.97,2945089.87,2.867727,325.41757,3.090773,10528.678826,451.3809,2026-05-25T23:59:59Z
naver-SYNTH-001-2026-05-25-C10,synthetic-advertiser-001,naver,SYNTH-001,2026-05-25,C10,Seasonal,Naver,406567.24,52993,2761.0,144.71,4354931.32,5.210122,147.253617,5.241217,2809.53104,1071.146645,2026-05-25T23:59:59Z
naver-SYNTH-001-2026-05-25-C11,synthetic-advertiser-001,naver,SYNTH-001,2026-05-25,C11,New Product Launch,Naver,524117.45,68455,2513.0,101.63,3904925.89,3.671025,208.562457,4.04417,5157.113582,745.047864,2026-05-25T23:59:59Z
naver-SYNTH-001-2026-05-25-C12,synthetic-advertiser-001,naver,SYNTH-001,2026-05-25,C12,Low Efficiency Legacy,Naver,301886.05,25561,612.0,12.61,708025.81,2.394273,493.277863,2.060458,23940.210334,234.534125,2026-05-25T23:59:59Z
naver-SYNTH-001-2026-05-26-C01,synthetic-advertiser-001,naver,SYNTH-001,2026-05-26,C01,Brand Search Core,Naver,507440.1,82032,5752.0,467.13,4543110.74,7.011898,88.219767,8.121175,1086.293105,895.299909,2026-05-26T23:59:59Z
naver-SYNTH-001-2026-05-26-C02,synthetic-advertiser-001,naver,SYNTH-001,2026-05-26,C02,Brand Search Expansion,Naver,381789.04,48543,2759.0,194.08,2570678.14,5.683621,138.379501,7.034433,1967.173557,673.32423,2026-05-26T23:59:59Z
naver-SYNTH-001-2026-05-26-C03,synthetic-advertiser-001,naver,SYNTH-001,2026-05-26,C03,Generic Search High Intent,Naver,654652.08,84331,3325.0,157.95,5067087.2,3.942797,196.887845,4.750376,4144.679228,774.01223,2026-05-26T23:59:59Z
naver-SYNTH-001-2026-05-26-C04,synthetic-advertiser-001,naver,SYNTH-001,2026-05-26,C04,Generic Search Mid Intent,Naver,551651.83,64236,2312.0,101.13,3060366.31,3.599228,238.603731,4.374135,5454.87813,554.764105,2026-05-26T23:59:59Z
naver-SYNTH-001-2026-05-26-C05,synthetic-advertiser-001,naver,SYNTH-001,2026-05-26,C05,Shopping Best Seller,Naver,682387.94,83272,3727.0,254.27,7462064.02,4.475694,183.093089,6.822377,2683.713932,1093.522257,2026-05-26T23:59:59Z
naver-SYNTH-001-2026-05-26-C06,synthetic-advertiser-001,naver,SYNTH-001,2026-05-26,C06,Shopping Long Tail,Naver,406263.14,49608,1555.0,76.27,3010984.69,3.134575,261.262467,4.904823,5326.643978,741.141496,2026-05-26T23:59:59Z
naver-SYNTH-001-2026-05-26-C07,synthetic-advertiser-001,naver,SYNTH-001,2026-05-26,C07,Retargeting,Naver,242545.93,39298,3521.0,327.59,2965897.14,8.959743,68.885524,9.303891,740.394791,1222.818764,2026-05-26T23:59:59Z
naver-SYNTH-001-2026-05-26-C08,synthetic-advertiser-001,naver,SYNTH-001,2026-05-26,C08,Competitor,Naver,321650.66,36646,1229.0,45.56,2221804.17,3.353708,261.717382,3.707079,7059.935516,690.750691,2026-05-26T23:59:59Z
naver-SYNTH-001-2026-05-26-C09,synthetic-advertiser-001,naver,SYNTH-001,2026-05-26,C09,Prospecting,Naver,517412.83,50389,1324.0,33.54,2793579.97,2.627558,390.795189,2.533233,15426.739122,539.913162,2026-05-26T23:59:59Z
naver-SYNTH-001-2026-05-26-C10,synthetic-advertiser-001,naver,SYNTH-001,2026-05-26,C10,Seasonal,Naver,372045.51,48161,2565.0,110.97,3316588.75,5.325886,145.046983,4.326316,3352.667498,891.44705,2026-05-26T23:59:59Z
naver-SYNTH-001-2026-05-26-C11,synthetic-advertiser-001,naver,SYNTH-001,2026-05-26,C11,New Product Launch,Naver,650725.93,69417,2535.0,114.14,3469891.14,3.651843,256.696617,4.502564,5701.120774,533.233886,2026-05-26T23:59:59Z
naver-SYNTH-001-2026-05-26-C12,synthetic-advertiser-001,naver,SYNTH-001,2026-05-26,C12,Low Efficiency Legacy,Naver,282577.43,27039,571.0,12.04,683695.43,2.111764,494.88167,2.108581,23469.886517,241.949764,2026-05-26T23:59:59Z
naver-SYNTH-001-2026-05-27-C01,synthetic-advertiser-001,naver,SYNTH-001,2026-05-27,C01,Brand Search Core,Naver,500007.06,76170,5710.0,505.77,4222320.82,7.49639,87.566911,8.857618,988.605614,844.452237,2026-05-27T23:59:59Z
naver-SYNTH-001-2026-05-27-C02,synthetic-advertiser-001,naver,SYNTH-001,2026-05-27,C02,Brand Search Expansion,Naver,358335.06,52679,3159.0,233.31,2515326.68,5.996697,113.433066,7.385565,1535.875256,701.948256,2026-05-27T23:59:59Z
naver-SYNTH-001-2026-05-27-C03,synthetic-advertiser-001,naver,SYNTH-001,2026-05-27,C03,Generic Search High Intent,Naver,589753.46,70059,3786.0,186.28,5337106.72,5.404017,155.772177,4.920232,3165.951592,904.972511,2026-05-27T23:59:59Z
naver-SYNTH-001-2026-05-27-C04,synthetic-advertiser-001,naver,SYNTH-001,2026-05-27,C04,Generic Search Mid Intent,Naver,478941.91,54990,1930.0,84.56,2679774.88,3.509729,248.156429,4.381347,5663.929842,559.519817,2026-05-27T23:59:59Z
naver-SYNTH-001-2026-05-27-C05,synthetic-advertiser-001,naver,SYNTH-001,2026-05-27,C05,Shopping Best Seller,Naver,695610.15,96045,4869.0,289.22,5954416.69,5.069499,142.865096,5.940029,2405.124646,855.999109,2026-05-27T23:59:59Z
naver-SYNTH-001-2026-05-27-C06,synthetic-advertiser-001,naver,SYNTH-001,2026-05-27,C06,Shopping Long Tail,Naver,389726.52,37436,1504.0,64.8,2237708.49,4.017523,259.126678,4.308511,6014.298207,574.174032,2026-05-27T23:59:59Z
naver-SYNTH-001-2026-05-27-C07,synthetic-advertiser-001,naver,SYNTH-001,2026-05-27,C07,Retargeting,Naver,285813.03,44448,3263.0,308.61,3228505.63,7.341163,87.592103,9.457861,926.130173,1129.586569,2026-05-27T23:59:59Z
naver-SYNTH-001-2026-05-27-C08,synthetic-advertiser-001,naver,SYNTH-001,2026-05-27,C08,Competitor,Naver,323332.77,33991,1196.0,36.4,1524709.13,3.518578,270.345123,3.043478,8882.768315,471.560351,2026-05-27T23:59:59Z
naver-SYNTH-001-2026-05-27-C09,synthetic-advertiser-001,naver,SYNTH-001,2026-05-27,C09,Prospecting,Naver,672201.37,72927,2037.0,63.87,4560270.8,2.793204,329.995763,3.135493,10524.524319,678.408438,2026-05-27T23:59:59Z
naver-SYNTH-001-2026-05-27-C10,synthetic-advertiser-001,naver,SYNTH-001,2026-05-27,C10,Seasonal,Naver,395554.21,45821,2366.0,126.11,3174840.27,5.163571,167.182675,5.330093,3136.580837,802.63089,2026-05-27T23:59:59Z
naver-SYNTH-001-2026-05-27-C11,synthetic-advertiser-001,naver,SYNTH-001,2026-05-27,C11,New Product Launch,Naver,650599.09,73222,3022.0,136.49,4256268.14,4.127175,215.287587,4.516545,4766.642879,654.207519,2026-05-27T23:59:59Z
naver-SYNTH-001-2026-05-27-C12,synthetic-advertiser-001,naver,SYNTH-001,2026-05-27,C12,Low Efficiency Legacy,Naver,278580.01,24449,551.0,11.91,708417.51,2.253671,505.589857,2.161525,23390.429147,254.295888,2026-05-27T23:59:59Z
naver-SYNTH-001-2026-05-28-C01,synthetic-advertiser-001,naver,SYNTH-001,2026-05-28,C01,Brand Search Core,Naver,498750.79,74659,5013.0,380.88,4570832.94,6.714529,99.491479,7.597846,1309.46961,916.456289,2026-05-28T23:59:59Z
naver-SYNTH-001-2026-05-28-C02,synthetic-advertiser-001,naver,SYNTH-001,2026-05-28,C02,Brand Search Expansion,Naver,371235.94,54392,3199.0,185.09,2542311.0,5.88138,116.047497,5.785871,2005.705025,684.823507,2026-05-28T23:59:59Z
naver-SYNTH-001-2026-05-28-C03,synthetic-advertiser-001,naver,SYNTH-001,2026-05-28,C03,Generic Search High Intent,Naver,568994.28,74329,3597.0,203.71,4829031.8,4.839296,158.185788,5.663331,2793.158318,848.696018,2026-05-28T23:59:59Z
naver-SYNTH-001-2026-05-28-C04,synthetic-advertiser-001,naver,SYNTH-001,2026-05-28,C04,Generic Search Mid Intent,Naver,532459.99,59269,2226.0,90.51,3211545.1,3.755758,239.200356,4.066038,5882.885779,603.152377,2026-05-28T23:59:59Z
naver-SYNTH-001-2026-05-28-C05,synthetic-advertiser-001,naver,SYNTH-001,2026-05-28,C05,Shopping Best Seller,Naver,721946.24,97821,4950.0,270.7,7141004.72,5.060263,145.847725,5.468687,2666.960608,989.132481,2026-05-28T23:59:59Z
naver-SYNTH-001-2026-05-28-C06,synthetic-advertiser-001,naver,SYNTH-001,2026-05-28,C06,Shopping Long Tail,Naver,350912.72,39567,1579.0,56.68,2112710.94,3.990699,222.237317,3.589614,6191.120739,602.061653,2026-05-28T23:59:59Z
naver-SYNTH-001-2026-05-28-C07,synthetic-advertiser-001,naver,SYNTH-001,2026-05-28,C07,Retargeting,Naver,287804.41,49903,4248.0,383.15,3027271.1,8.512514,67.750567,9.019539,751.153359,1051.850143,2026-05-28T23:59:59Z
naver-SYNTH-001-2026-05-28-C08,synthetic-advertiser-001,naver,SYNTH-001,2026-05-28,C08,Competitor,Naver,353760.25,33921,1062.0,29.67,1952006.33,3.130804,333.107585,2.793785,11923.16329,551.787914,2026-05-28T23:59:59Z
naver-SYNTH-001-2026-05-28-C09,synthetic-advertiser-001,naver,SYNTH-001,2026-05-28,C09,Prospecting,Naver,595082.83,61639,1331.0,33.78,3162356.73,2.159347,447.094534,2.537941,17616.424661,531.414553,2026-05-28T23:59:59Z
naver-SYNTH-001-2026-05-28-C10,synthetic-advertiser-001,naver,SYNTH-001,2026-05-28,C10,Seasonal,Naver,406503.25,51626,2652.0,130.3,3775736.23,5.136946,153.281769,4.913273,3119.748668,928.832971,2026-05-28T23:59:59Z
naver-SYNTH-001-2026-05-28-C11,synthetic-advertiser-001,naver,SYNTH-001,2026-05-28,C11,New Product Launch,Naver,612044.07,63250,2050.0,87.01,3836854.88,3.241107,298.558082,4.24439,7034.180767,626.891931,2026-05-28T23:59:59Z
naver-SYNTH-001-2026-05-28-C12,synthetic-advertiser-001,naver,SYNTH-001,2026-05-28,C12,Low Efficiency Legacy,Naver,330026.54,30223,567.0,0.0,897732.4,1.876055,582.057396,0.0,0,272.018242,2026-05-28T23:59:59Z
naver-SYNTH-001-2026-05-29-C01,synthetic-advertiser-001,naver,SYNTH-001,2026-05-29,C01,Brand Search Core,Naver,519138.5,70614,5708.0,478.74,4465391.49,8.083383,90.949281,8.387176,1084.385045,860.154182,2026-05-29T23:59:59Z
naver-SYNTH-001-2026-05-29-C02,synthetic-advertiser-001,naver,SYNTH-001,2026-05-29,C02,Brand Search Expansion,Naver,377300.13,51654,3243.0,254.78,2483826.72,6.278313,116.342934,7.856306,1480.885994,658.315888,2026-05-29T23:59:59Z
naver-SYNTH-001-2026-05-29-C03,synthetic-advertiser-001,naver,SYNTH-001,2026-05-29,C03,Generic Search High Intent,Naver,599967.26,74939,3447.0,210.81,4737509.73,4.599741,174.054907,6.115753,2846.009502,789.628038,2026-05-29T23:59:59Z
naver-SYNTH-001-2026-05-29-C04,synthetic-advertiser-001,naver,SYNTH-001,2026-05-29,C04,Generic Search Mid Intent,Naver,482020.27,65755,2523.0,89.61,2909621.12,3.836971,191.050443,3.551724,5379.090142,603.630451,2026-05-29T23:59:59Z
naver-SYNTH-001-2026-05-29-C05,synthetic-advertiser-001,naver,SYNTH-001,2026-05-29,C05,Shopping Best Seller,Naver,705235.51,87964,5148.0,369.31,5981383.93,5.852394,136.992135,7.173854,1909.603069,848.139926,2026-05-29T23:59:59Z
naver-SYNTH-001-2026-05-29-C06,synthetic-advertiser-001,naver,SYNTH-001,2026-05-29,C06,Shopping Long Tail,Naver,388761.09,43766,1539.0,102.13,2360512.69,3.516428,252.606297,6.636127,3806.531779,607.188513,2026-05-29T23:59:59Z
naver-SYNTH-001-2026-05-29-C07,synthetic-advertiser-001,naver,SYNTH-001,2026-05-29,C07,Retargeting,Naver,344002.04,58465,5624.0,629.49,3257291.44,9.61943,61.166793,11.192923,546.477373,946.881427,2026-05-29T23:59:59Z
naver-SYNTH-001-2026-05-29-C08,synthetic-advertiser-001,naver,SYNTH-001,2026-05-29,C08,Competitor,Naver,338985.33,35865,925.0,36.13,2139230.41,2.579116,366.470628,3.905946,9382.378386,631.068727,2026-05-29T23:59:59Z
naver-SYNTH-001-2026-05-29-C09,synthetic-advertiser-001,naver,SYNTH-001,2026-05-29,C09,Prospecting,Naver,618198.17,64439,1814.0,43.86,4916914.8,2.815065,340.792815,2.417861,14094.805438,795.362242,2026-05-29T23:59:59Z
naver-SYNTH-001-2026-05-29-C10,synthetic-advertiser-001,naver,SYNTH-001,2026-05-29,C10,Seasonal,Naver,464454.55,53642,2363.0,142.25,4108431.04,4.40513,196.552919,6.01989,3265.058336,884.571172,2026-05-29T23:59:59Z
naver-SYNTH-001-2026-05-29-C11,synthetic-advertiser-001,naver,SYNTH-001,2026-05-29,C11,New Product Launch,Naver,621645.04,68734,2432.0,94.46,4291609.17,3.538278,255.610627,3.884046,6581.04007,690.363288,2026-05-29T23:59:59Z
naver-SYNTH-001-2026-05-29-C12,synthetic-advertiser-001,naver,SYNTH-001,2026-05-29,C12,Low Efficiency Legacy,Naver,279577.48,25835,515.0,12.45,647622.07,1.99342,542.868896,2.417476,22456.022612,231.643146,2026-05-29T23:59:59Z
naver-SYNTH-001-2026-05-30-C01,synthetic-advertiser-001,naver,SYNTH-001,2026-05-30,C01,Brand Search Core,Naver,422155.18,65269,5491.0,436.88,4312855.61,8.412876,76.881293,7.956292,966.295502,1021.628023,2026-05-30T23:59:59Z
naver-SYNTH-001-2026-05-30-C02,synthetic-advertiser-001,naver,SYNTH-001,2026-05-30,C02,Brand Search Expansion,Naver,312503.61,40645,2677.0,164.55,2310008.52,6.586296,116.736501,6.146806,1899.140767,739.194181,2026-05-30T23:59:59Z
naver-SYNTH-001-2026-05-30-C03,synthetic-advertiser-001,naver,SYNTH-001,2026-05-30,C03,Generic Search High Intent,Naver,630105.09,85545,4714.0,258.7,6003535.58,5.51055,133.666756,5.487908,2435.65941,952.783223,2026-05-30T23:59:59Z
naver-SYNTH-001-2026-05-30-C04,synthetic-advertiser-001,naver,SYNTH-001,2026-05-30,C04,Generic Search Mid Intent,Naver,474380.63,62087,2523.0,116.51,2713353.02,4.063653,188.022444,4.617915,4071.587204,571.978043,2026-05-30T23:59:59Z
naver-SYNTH-001-2026-05-30-C05,synthetic-advertiser-001,naver,SYNTH-001,2026-05-30,C05,Shopping Best Seller,Naver,692849.74,95545,4594.0,251.3,5399472.4,4.808206,150.816225,5.470178,2757.062222,779.313626,2026-05-30T23:59:59Z
naver-SYNTH-001-2026-05-30-C06,synthetic-advertiser-001,naver,SYNTH-001,2026-05-30,C06,Shopping Long Tail,Naver,386076.06,43429,1724.0,90.5,2106392.95,3.969698,223.942031,5.24942,4266.033831,545.590146,2026-05-30T23:59:59Z
naver-SYNTH-001-2026-05-30-C07,synthetic-advertiser-001,naver,SYNTH-001,2026-05-30,C07,Retargeting,Naver,224123.42,35665,3006.0,307.11,2730944.81,8.428431,74.558691,10.216567,729.782241,1218.500396,2026-05-30T23:59:59Z
naver-SYNTH-001-2026-05-30-C08,synthetic-advertiser-001,naver,SYNTH-001,2026-05-30,C08,Competitor,Naver,292312.3,30311,1053.0,39.42,1153405.05,3.473986,277.59952,3.74359,7415.329657,394.579726,2026-05-30T23:59:59Z
naver-SYNTH-001-2026-05-30-C09,synthetic-advertiser-001,naver,SYNTH-001,2026-05-30,C09,Prospecting,Naver,560451.19,56235,1391.0,43.16,3592680.78,2.473549,402.91243,3.102804,12985.43073,641.033661,2026-05-30T23:59:59Z
naver-SYNTH-001-2026-05-30-C10,synthetic-advertiser-001,naver,SYNTH-001,2026-05-30,C10,Seasonal,Naver,393969.48,48898,2270.0,124.17,3725978.62,4.642317,173.554835,5.470044,3172.82335,945.753124,2026-05-30T23:59:59Z
naver-SYNTH-001-2026-05-30-C11,synthetic-advertiser-001,naver,SYNTH-001,2026-05-30,C11,New Product Launch,Naver,529933.48,64708,2187.0,102.87,2952661.46,3.379798,242.310691,4.703704,5151.487126,557.175865,2026-05-30T23:59:59Z
naver-SYNTH-001-2026-05-30-C12,synthetic-advertiser-001,naver,SYNTH-001,2026-05-30,C12,Low Efficiency Legacy,Naver,292892.92,26014,617.0,13.54,837811.68,2.3718,474.704888,2.194489,21631.677698,286.047097,2026-05-30T23:59:59Z
naver-SYNTH-001-2026-05-31-C01,synthetic-advertiser-001,naver,SYNTH-001,2026-05-31,C01,Brand Search Core,Naver,421967.92,65194,5033.0,405.81,4537382.55,7.720036,83.840238,8.062984,1039.816465,1075.290879,2026-05-31T23:59:59Z
naver-SYNTH-001-2026-05-31-C02,synthetic-advertiser-001,naver,SYNTH-001,2026-05-31,C02,Brand Search Expansion,Naver,264898.2,34659,2193.0,138.2,1896182.02,6.327361,120.792612,6.30187,1916.774227,715.815371,2026-05-31T23:59:59Z
naver-SYNTH-001-2026-05-31-C03,synthetic-advertiser-001,naver,SYNTH-001,2026-05-31,C03,Generic Search High Intent,Naver,504486.56,61967,2630.0,148.76,5083172.19,4.244194,191.819985,5.656274,3391.278299,1007.593185,2026-05-31T23:59:59Z
naver-SYNTH-001-2026-05-31-C04,synthetic-advertiser-001,naver,SYNTH-001,2026-05-31,C04,Generic Search Mid Intent,Naver,416408.82,47665,2036.0,77.83,2868785.27,4.271478,204.522997,3.822692,5350.235419,688.934795,2026-05-31T23:59:59Z
naver-SYNTH-001-2026-05-31-C05,synthetic-advertiser-001,naver,SYNTH-001,2026-05-31,C05,Shopping Best Seller,Naver,597715.35,76704,3187.0,156.86,6302824.81,4.154933,187.547959,4.92187,3810.502008,1054.486029,2026-05-31T23:59:59Z
naver-SYNTH-001-2026-05-31-C06,synthetic-advertiser-001,naver,SYNTH-001,2026-05-31,C06,Shopping Long Tail,Naver,376977.85,45147,1671.0,68.05,2563054.78,3.701243,225.600152,4.072412,5539.718652,679.895318,2026-05-31T23:59:59Z
naver-SYNTH-001-2026-05-31-C07,synthetic-advertiser-001,naver,SYNTH-001,2026-05-31,C07,Retargeting,Naver,233960.03,39236,3709.0,384.75,2780800.42,9.453053,63.079006,10.373416,608.083257,1188.579257,2026-05-31T23:59:59Z
naver-SYNTH-001-2026-05-31-C08,synthetic-advertiser-001,naver,SYNTH-001,2026-05-31,C08,Competitor,Naver,299661.22,31062,1015.0,37.21,1828431.96,3.267658,295.232727,3.66601,8053.244236,610.166363,2026-05-31T23:59:59Z
naver-SYNTH-001-2026-05-31-C09,synthetic-advertiser-001,naver,SYNTH-001,2026-05-31,C09,Prospecting,Naver,528491.89,51385,1256.0,29.21,4087279.41,2.444293,420.773796,2.325637,18092.841073,773.385458,2026-05-31T23:59:59Z
naver-SYNTH-001-2026-05-31-C10,synthetic-advertiser-001,naver,SYNTH-001,2026-05-31,C10,Seasonal,Naver,390265.56,49890,2438.0,114.95,3190725.97,4.886751,160.076111,4.71493,3395.08968,817.578158,2026-05-31T23:59:59Z
naver-SYNTH-001-2026-05-31-C11,synthetic-advertiser-001,naver,SYNTH-001,2026-05-31,C11,New Product Launch,Naver,515011.55,58576,1982.0,59.47,3553002.77,3.383638,259.844372,3.000505,8660.022623,689.887985,2026-05-31T23:59:59Z
naver-SYNTH-001-2026-05-31-C12,synthetic-advertiser-001,naver,SYNTH-001,2026-05-31,C12,Low Efficiency Legacy,Naver,260665.28,25105,568.0,13.25,532656.04,2.262498,458.917741,2.332746,19672.851072,204.344837,2026-05-31T23:59:59Z
naver-SYNTH-001-2026-06-01-C01,synthetic-advertiser-001,naver,SYNTH-001,2026-06-01,C01,Brand Search Core,Naver,509654.5,75230,5579.0,494.83,4431244.14,7.415924,91.352303,8.869511,1029.958771,869.460418,2026-06-01T23:59:59Z
naver-SYNTH-001-2026-06-01-C02,synthetic-advertiser-001,naver,SYNTH-001,2026-06-01,C02,Brand Search Expansion,Naver,346954.39,51973,3309.0,232.59,2337667.0,6.366767,104.851736,7.029012,1491.699535,673.767803,2026-06-01T23:59:59Z
naver-SYNTH-001-2026-06-01-C03,synthetic-advertiser-001,naver,SYNTH-001,2026-06-01,C03,Generic Search High Intent,Naver,659115.32,86814,4559.0,216.68,5003391.2,5.251457,144.574538,4.752797,3041.883511,759.107103,2026-06-01T23:59:59Z
naver-SYNTH-001-2026-06-01-C04,synthetic-advertiser-001,naver,SYNTH-001,2026-06-01,C04,Generic Search Mid Intent,Naver,477621.09,57057,2306.0,88.16,3336243.49,4.041572,207.121026,3.82307,5417.662058,698.512603,2026-06-01T23:59:59Z
naver-SYNTH-001-2026-06-01-C05,synthetic-advertiser-001,naver,SYNTH-001,2026-06-01,C05,Shopping Best Seller,Naver,756994.55,95157,4781.0,297.63,6773645.94,5.024328,158.333936,6.225267,2543.408084,894.807758,2026-06-01T23:59:59Z
naver-SYNTH-001-2026-06-01-C06,synthetic-advertiser-001,naver,SYNTH-001,2026-06-01,C06,Shopping Long Tail,Naver,395487.34,39751,1787.0,83.58,1993749.35,4.495484,221.313562,4.677112,4731.841774,504.124701,2026-06-01T23:59:59Z
naver-SYNTH-001-2026-06-01-C07,synthetic-advertiser-001,naver,SYNTH-001,2026-06-01,C07,Retargeting,Naver,273127.36,47759,4399.0,465.52,3178281.18,9.210829,62.08851,10.582405,586.714546,1163.662707,2026-06-01T23:59:59Z
naver-SYNTH-001-2026-06-01-C08,synthetic-advertiser-001,naver,SYNTH-001,2026-06-01,C08,Competitor,Naver,324557.41,36615,938.0,39.17,1200974.24,2.561792,346.010027,4.175906,8285.866874,370.034459,2026-06-01T23:59:59Z
naver-SYNTH-001-2026-06-01-C09,synthetic-advertiser-001,naver,SYNTH-001,2026-06-01,C09,Prospecting,Naver,663360.46,68388,1728.0,43.56,5170905.98,2.526759,383.889158,2.520833,15228.660811,779.501681,2026-06-01T23:59:59Z
naver-SYNTH-001-2026-06-01-C10,synthetic-advertiser-001,naver,SYNTH-001,2026-06-01,C10,Seasonal,Naver,405366.17,48376,2069.0,125.95,4149557.6,4.276914,195.923716,6.087482,3218.468987,1023.656613,2026-06-01T23:59:59Z
naver-SYNTH-001-2026-06-01-C11,synthetic-advertiser-001,naver,SYNTH-001,2026-06-01,C11,New Product Launch,Naver,568739.95,64133,2205.0,82.49,4141808.57,3.438168,257.93195,3.741043,6894.653288,728.242948,2026-06-01T23:59:59Z
naver-SYNTH-001-2026-06-01-C12,synthetic-advertiser-001,naver,SYNTH-001,2026-06-01,C12,Low Efficiency Legacy,Naver,330643.87,32729,658.0,14.58,690577.76,2.010449,502.498287,2.215805,22677.906222,208.858477,2026-06-01T23:59:59Z
naver-SYNTH-001-2026-06-02-C01,synthetic-advertiser-001,naver,SYNTH-001,2026-06-02,C01,Brand Search Core,Naver,485061.08,73643,6503.0,531.19,4453103.8,8.830439,74.590355,8.168384,913.15928,918.050118,2026-06-02T23:59:59Z
naver-SYNTH-001-2026-06-02-C02,synthetic-advertiser-001,naver,SYNTH-001,2026-06-02,C02,Brand Search Expansion,Naver,387593.08,55739,3618.0,218.69,2607604.72,6.490967,107.1291,6.0445,1772.340224,672.768642,2026-06-02T23:59:59Z
naver-SYNTH-001-2026-06-02-C03,synthetic-advertiser-001,naver,SYNTH-001,2026-06-02,C03,Generic Search High Intent,Naver,590526.24,75902,3527.0,205.26,5428790.7,4.646781,167.43018,5.819677,2876.966989,919.314044,2026-06-02T23:59:59Z
naver-SYNTH-001-2026-06-02-C04,synthetic-advertiser-001,naver,SYNTH-001,2026-06-02,C04,Generic Search Mid Intent,Naver,487587.1,57175,2451.0,97.08,3327316.71,4.286839,198.933944,3.960832,5022.528812,682.404585,2026-06-02T23:59:59Z
naver-SYNTH-001-2026-06-02-C05,synthetic-advertiser-001,naver,SYNTH-001,2026-06-02,C05,Shopping Best Seller,Naver,695995.31,88775,5037.0,300.81,5613923.28,5.673895,138.176555,5.972007,2313.737265,806.603612,2026-06-02T23:59:59Z
naver-SYNTH-001-2026-06-02-C06,synthetic-advertiser-001,naver,SYNTH-001,2026-06-02,C06,Shopping Long Tail,Naver,418515.27,50167,1882.0,82.6,2673280.67,3.75147,222.377935,4.388948,5066.770867,638.753431,2026-06-02T23:59:59Z
naver-SYNTH-001-2026-06-02-C07,synthetic-advertiser-001,naver,SYNTH-001,2026-06-02,C07,Retargeting,Naver,301585.41,52548,4206.0,436.57,3275442.08,8.004111,71.703616,10.379696,690.806531,1086.074459,2026-06-02T23:59:59Z
naver-SYNTH-001-2026-06-02-C08,synthetic-advertiser-001,naver,SYNTH-001,2026-06-02,C08,Competitor,Naver,339231.16,41472,1394.0,56.96,1844682.51,3.361304,243.350905,4.086083,5955.603265,543.78333,2026-06-02T23:59:59Z
naver-SYNTH-001-2026-06-02-C09,synthetic-advertiser-001,naver,SYNTH-001,2026-06-02,C09,Prospecting,Naver,583436.64,56091,1616.0,55.6,4936034.89,2.881033,361.037523,3.440594,10493.464693,846.027584,2026-06-02T23:59:59Z
naver-SYNTH-001-2026-06-02-C10,synthetic-advertiser-001,naver,SYNTH-001,2026-06-02,C10,Seasonal,Naver,447761.19,64163,3587.0,169.15,2841675.58,5.590449,124.828879,4.71564,2647.124963,634.640889,2026-06-02T23:59:59Z
naver-SYNTH-001-2026-06-02-C11,synthetic-advertiser-001,naver,SYNTH-001,2026-06-02,C11,New Product Launch,Naver,637645.94,74085,3260.0,114.82,3900971.74,4.400351,195.596915,3.522086,5553.439669,611.777082,2026-06-02T23:59:59Z
naver-SYNTH-001-2026-06-02-C12,synthetic-advertiser-001,naver,SYNTH-001,2026-06-02,C12,Low Efficiency Legacy,Naver,282642.12,23121,501.0,10.9,767321.75,2.166861,564.155935,2.175649,25930.470032,271.481738,2026-06-02T23:59:59Z
naver-SYNTH-001-2026-06-03-C01,synthetic-advertiser-001,naver,SYNTH-001,2026-06-03,C01,Brand Search Core,Naver,499034.44,77523,6044.0,425.91,4240783.48,7.796396,82.566916,7.046823,1171.689886,849.797759,2026-06-03T23:59:59Z
naver-SYNTH-001-2026-06-03-C02,synthetic-advertiser-001,naver,SYNTH-001,2026-06-03,C02,Brand Search Expansion,Naver,389137.25,54743,3396.0,192.26,2456814.53,6.203533,114.58694,5.661366,2024.015654,631.349102,2026-06-03T23:59:59Z
naver-SYNTH-001-2026-06-03-C03,synthetic-advertiser-001,naver,SYNTH-001,2026-06-03,C03,Generic Search High Intent,Naver,730663.46,94235,4518.0,228.53,5465893.01,4.794397,161.722768,5.058212,3197.232152,748.072578,2026-06-03T23:59:59Z
naver-SYNTH-001-2026-06-03-C04,synthetic-advertiser-001,naver,SYNTH-001,2026-06-03,C04,Generic Search Mid Intent,Naver,497970.44,59954,2300.0,107.28,3157334.53,3.836274,216.508888,4.664348,4641.782651,634.040548,2026-06-03T23:59:59Z
naver-SYNTH-001-2026-06-03-C05,synthetic-advertiser-001,naver,SYNTH-001,2026-06-03,C05,Shopping Best Seller,Naver,666557.75,86984,3801.0,169.76,5685943.79,4.369769,175.363787,4.466193,3926.471214,853.030928,2026-06-03T23:59:59Z
naver-SYNTH-001-2026-06-03-C06,synthetic-advertiser-001,naver,SYNTH-001,2026-06-03,C06,Shopping Long Tail,Naver,400235.86,44165,1940.0,86.61,1862046.75,4.392619,206.307144,4.464433,4621.127568,465.237361,2026-06-03T23:59:59Z
naver-SYNTH-001-2026-06-03-C07,synthetic-advertiser-001,naver,SYNTH-001,2026-06-03,C07,Retargeting,Naver,297844.64,54171,4442.0,447.64,2934700.93,8.199959,67.051923,10.077443,665.366462,985.312645,2026-06-03T23:59:59Z
naver-SYNTH-001-2026-06-03-C08,synthetic-advertiser-001,naver,SYNTH-001,2026-06-03,C08,Competitor,Naver,314556.6,34125,1240.0,48.69,2097958.6,3.6337,253.674681,3.926613,6460.394422,666.957415,2026-06-03T23:59:59Z
naver-SYNTH-001-2026-06-03-C09,synthetic-advertiser-001,naver,SYNTH-001,2026-06-03,C09,Prospecting,Naver,609671.02,61982,1940.0,57.13,3205381.88,3.129941,314.26341,2.944845,10671.643896,525.755989,2026-06-03T23:59:59Z
naver-SYNTH-001-2026-06-03-C10,synthetic-advertiser-001,naver,SYNTH-001,2026-06-03,C10,Seasonal,Naver,459202.93,62631,2596.0,147.5,3655996.2,4.144912,176.888649,5.681818,3113.240221,796.161334,2026-06-03T23:59:59Z
naver-SYNTH-001-2026-06-03-C11,synthetic-advertiser-001,naver,SYNTH-001,2026-06-03,C11,New Product Launch,Naver,561944.53,63658,2250.0,86.46,3793219.19,3.534513,249.753122,3.842667,6499.474038,675.016664,2026-06-03T23:59:59Z
naver-SYNTH-001-2026-06-03-C12,synthetic-advertiser-001,naver,SYNTH-001,2026-06-03,C12,Low Efficiency Legacy,Naver,305829.02,28820,519.0,7.73,746892.11,1.800833,589.265934,1.489403,39563.909424,244.218847,2026-06-03T23:59:59Z
naver-SYNTH-001-2026-06-04-C01,synthetic-advertiser-001,naver,SYNTH-001,2026-06-04,C01,Brand Search Core,Naver,547407.44,85787,6493.0,523.35,4054339.93,7.568746,84.307321,8.060219,1045.968163,740.643924,2026-06-04T23:59:59Z
naver-SYNTH-001-2026-06-04-C02,synthetic-advertiser-001,naver,SYNTH-001,2026-06-04,C02,Brand Search Expansion,Naver,351693.7,52538,2979.0,174.61,2242599.65,5.670182,118.057635,5.861363,2014.166974,637.657053,2026-06-04T23:59:59Z
naver-SYNTH-001-2026-06-04-C03,synthetic-advertiser-001,naver,SYNTH-001,2026-06-04,C03,Generic Search High Intent,Naver,507627.32,59526,2537.0,127.38,4567827.88,4.262003,200.0896,5.020891,3985.141431,899.838867,2026-06-04T23:59:59Z
naver-SYNTH-001-2026-06-04-C04,synthetic-advertiser-001,naver,SYNTH-001,2026-06-04,C04,Generic Search Mid Intent,Naver,531749.76,62229,2227.0,127.75,2983925.53,3.578717,238.774029,5.736417,4162.424759,561.152207,2026-06-04T23:59:59Z
naver-SYNTH-001-2026-06-04-C05,synthetic-advertiser-001,naver,SYNTH-001,2026-06-04,C05,Shopping Best Seller,Naver,732842.32,102211,5565.0,372.74,6160775.47,5.444619,131.687749,6.697934,1966.095196,840.668623,2026-06-04T23:59:59Z
naver-SYNTH-001-2026-06-04-C06,synthetic-advertiser-001,naver,SYNTH-001,2026-06-04,C06,Shopping Long Tail,Naver,395278.89,44924,1475.0,66.51,2003598.71,3.283323,267.985688,4.509153,5943.149747,506.882295,2026-06-04T23:59:59Z
naver-SYNTH-001-2026-06-04-C07,synthetic-advertiser-001,naver,SYNTH-001,2026-06-04,C07,Retargeting,Naver,305655.75,55479,5103.0,490.54,3543815.92,9.198075,59.897267,9.612777,623.100565,1159.414114,2026-06-04T23:59:59Z
naver-SYNTH-001-2026-06-04-C08,synthetic-advertiser-001,naver,SYNTH-001,2026-06-04,C08,Competitor,Naver,377805.35,40753,1478.0,42.83,2051568.4,3.626727,255.619317,2.897835,8821.044839,543.022591,2026-06-04T23:59:59Z
naver-SYNTH-001-2026-06-04-C09,synthetic-advertiser-001,naver,SYNTH-001,2026-06-04,C09,Prospecting,Naver,633300.89,65856,1556.0,41.32,3994475.82,2.362731,407.005712,2.655527,15326.73977,630.739022,2026-06-04T23:59:59Z
naver-SYNTH-001-2026-06-04-C10,synthetic-advertiser-001,naver,SYNTH-001,2026-06-04,C10,Seasonal,Naver,453088.93,52160,2335.0,120.74,3680371.12,4.47661,194.042369,5.170878,3752.600068,812.28449,2026-06-04T23:59:59Z
naver-SYNTH-001-2026-06-04-C11,synthetic-advertiser-001,naver,SYNTH-001,2026-06-04,C11,New Product Launch,Naver,599151.42,68642,2770.0,100.06,4776564.08,4.03543,216.30015,3.612274,5987.9214,797.221531,2026-06-04T23:59:59Z
naver-SYNTH-001-2026-06-04-C12,synthetic-advertiser-001,naver,SYNTH-001,2026-06-04,C12,Low Efficiency Legacy,Naver,310101.39,28313,524.0,10.02,697586.96,1.85074,591.796541,1.912214,30948.242256,224.954479,2026-06-04T23:59:59Z
naver-SYNTH-001-2026-06-05-C01,synthetic-advertiser-001,naver,SYNTH-001,2026-06-05,C01,Brand Search Core,Naver,507700.82,78010,6097.0,492.26,4453643.08,7.815665,83.270596,8.073807,1031.367208,877.218018,2026-06-05T23:59:59Z
naver-SYNTH-001-2026-06-05-C02,synthetic-advertiser-001,naver,SYNTH-001,2026-06-05,C02,Brand Search Expansion,Naver,369143.74,50120,3364.0,228.02,2520698.58,6.711891,109.733574,6.77824,1618.909501,682.850142,2026-06-05T23:59:59Z
naver-SYNTH-001-2026-06-05-C03,synthetic-advertiser-001,naver,SYNTH-001,2026-06-05,C03,Generic Search High Intent,Naver,609185.17,75849,3769.0,210.8,5001021.56,4.969083,161.630451,5.592995,2889.872726,820.936195,2026-06-05T23:59:59Z
naver-SYNTH-001-2026-06-05-C04,synthetic-advertiser-001,naver,SYNTH-001,2026-06-05,C04,Generic Search Mid Intent,Naver,493879.46,62011,2280.0,86.81,2805039.58,3.676767,216.613797,3.807456,5689.200068,567.960367,2026-06-05T23:59:59Z
naver-SYNTH-001-2026-06-05-C05,synthetic-advertiser-001,naver,SYNTH-001,2026-06-05,C05,Shopping Best Seller,Naver,721635.18,95909,6443.0,448.71,5809328.16,6.717826,112.002977,6.964302,1608.244034,805.022859,2026-06-05T23:59:59Z
naver-SYNTH-001-2026-06-05-C06,synthetic-advertiser-001,naver,SYNTH-001,2026-06-05,C06,Shopping Long Tail,Naver,368042.18,44333,1184.0,50.87,2543834.84,2.670697,310.846435,4.296453,7234.955351,691.180248,2026-06-05T23:59:59Z
naver-SYNTH-001-2026-06-05-C07,synthetic-advertiser-001,naver,SYNTH-001,2026-06-05,C07,Retargeting,Naver,276303.89,44271,3845.0,383.13,3041852.99,8.685144,71.860571,9.964369,721.175305,1100.908473,2026-06-05T23:59:59Z
naver-SYNTH-001-2026-06-05-C08,synthetic-advertiser-001,naver,SYNTH-001,2026-06-05,C08,Competitor,Naver,354845.1,37360,1429.0,51.57,1578485.5,3.824946,248.317077,3.608817,6880.843561,444.837898,2026-06-05T23:59:59Z
naver-SYNTH-001-2026-06-05-C09,synthetic-advertiser-001,naver,SYNTH-001,2026-06-05,C09,Prospecting,Naver,576564.75,52788,1528.0,55.2,4368665.49,2.894597,377.33295,3.612565,10445.013532,757.705966,2026-06-05T23:59:59Z
naver-SYNTH-001-2026-06-05-C10,synthetic-advertiser-001,naver,SYNTH-001,2026-06-05,C10,Seasonal,Naver,421388.23,52560,2449.0,156.4,3135422.19,4.659437,172.065428,6.38628,2694.298172,744.069705,2026-06-05T23:59:59Z
naver-SYNTH-001-2026-06-05-C11,synthetic-advertiser-001,naver,SYNTH-001,2026-06-05,C11,New Product Launch,Naver,628114.63,72164,2831.0,119.07,3958766.15,3.923009,221.870234,4.205934,5275.171175,630.26173,2026-06-05T23:59:59Z
naver-SYNTH-001-2026-06-05-C12,synthetic-advertiser-001,naver,SYNTH-001,2026-06-05,C12,Low Efficiency Legacy,Naver,321690.06,27803,583.0,11.96,793729.31,2.096896,551.783971,2.051458,26897.161812,246.737286,2026-06-05T23:59:59Z
naver-SYNTH-001-2026-06-06-C01,synthetic-advertiser-001,naver,SYNTH-001,2026-06-06,C01,Brand Search Core,Naver,528945.37,79227,5462.0,432.84,4440767.27,6.894114,96.840969,7.92457,1222.034411,839.551206,2026-06-06T23:59:59Z
naver-SYNTH-001-2026-06-06-C02,synthetic-advertiser-001,naver,SYNTH-001,2026-06-06,C02,Brand Search Expansion,Naver,292066.81,42246,2665.0,224.12,2096584.55,6.30829,109.593549,8.409756,1303.17155,717.844169,2026-06-06T23:59:59Z
naver-SYNTH-001-2026-06-06-C03,synthetic-advertiser-001,naver,SYNTH-001,2026-06-06,C03,Generic Search High Intent,Naver,527699.2,69617,3448.0,173.72,4838866.1,4.952813,153.045011,5.038283,3037.642178,916.974313,2026-06-06T23:59:59Z
naver-SYNTH-001-2026-06-06-C04,synthetic-advertiser-001,naver,SYNTH-001,2026-06-06,C04,Generic Search Mid Intent,Naver,405096.16,51400,1715.0,63.69,2190948.59,3.336576,236.207671,3.713703,6360.435803,540.84655,2026-06-06T23:59:59Z
naver-SYNTH-001-2026-06-06-C05,synthetic-advertiser-001,naver,SYNTH-001,2026-06-06,C05,Shopping Best Seller,Naver,735787.06,89847,4861.0,297.92,7259574.15,5.410309,151.365369,6.12878,2469.747103,986.640643,2026-06-06T23:59:59Z
naver-SYNTH-001-2026-06-06-C06,synthetic-advertiser-001,naver,SYNTH-001,2026-06-06,C06,Shopping Long Tail,Naver,362201.23,40492,1464.0,58.28,2278587.75,3.615529,247.405215,3.980874,6214.846158,629.094419,2026-06-06T23:59:59Z
naver-SYNTH-001-2026-06-06-C07,synthetic-advertiser-001,naver,SYNTH-001,2026-06-06,C07,Retargeting,Naver,282230.97,52315,4252.0,437.5,3214324.68,8.127688,66.376051,10.289276,645.099354,1138.898652,2026-06-06T23:59:59Z
naver-SYNTH-001-2026-06-06-C08,synthetic-advertiser-001,naver,SYNTH-001,2026-06-06,C08,Competitor,Naver,284000.16,29992,968.0,34.12,2227458.13,3.227527,293.388591,3.524793,8323.568478,784.315812,2026-06-06T23:59:59Z
naver-SYNTH-001-2026-06-06-C09,synthetic-advertiser-001,naver,SYNTH-001,2026-06-06,C09,Prospecting,Naver,579028.63,52777,1478.0,40.21,3687517.45,2.800462,391.76497,2.720568,14400.115025,636.84545,2026-06-06T23:59:59Z
naver-SYNTH-001-2026-06-06-C10,synthetic-advertiser-001,naver,SYNTH-001,2026-06-06,C10,Seasonal,Naver,375315.2,48828,2093.0,102.95,3006278.82,4.286475,179.319254,4.918777,3645.606583,801.001088,2026-06-06T23:59:59Z
naver-SYNTH-001-2026-06-06-C11,synthetic-advertiser-001,naver,SYNTH-001,2026-06-06,C11,New Product Launch,Naver,511887.74,57192,1851.0,78.46,3782329.21,3.236467,276.546589,4.23879,6524.187303,738.89819,2026-06-06T23:59:59Z
naver-SYNTH-001-2026-06-06-C12,synthetic-advertiser-001,naver,SYNTH-001,2026-06-06,C12,Low Efficiency Legacy,Naver,337937.37,29961,638.0,12.74,909770.23,2.129435,529.682392,1.996865,26525.695949,269.212676,2026-06-06T23:59:59Z
naver-SYNTH-001-2026-06-07-C01,synthetic-advertiser-001,naver,SYNTH-001,2026-06-07,C01,Brand Search Core,Naver,411582.15,61637,4429.0,359.91,4181278.5,7.185619,92.928911,8.126214,1143.569636,1015.903756,2026-06-07T23:59:59Z
naver-SYNTH-001-2026-06-07-C02,synthetic-advertiser-001,naver,SYNTH-001,2026-06-07,C02,Brand Search Expansion,Naver,290952.53,45560,2830.0,200.07,2229599.17,6.211589,102.810082,7.069611,1454.253674,766.31028,2026-06-07T23:59:59Z
naver-SYNTH-001-2026-06-07-C03,synthetic-advertiser-001,naver,SYNTH-001,2026-06-07,C03,Generic Search High Intent,Naver,538577.55,72253,3793.0,179.34,4695246.44,5.249609,141.9925,4.728183,3003.108924,871.786505,2026-06-07T23:59:59Z
naver-SYNTH-001-2026-06-07-C04,synthetic-advertiser-001,naver,SYNTH-001,2026-06-07,C04,Generic Search Mid Intent,Naver,446648.65,50329,1670.0,79.72,2768202.97,3.318166,267.454284,4.773653,5602.717694,619.771927,2026-06-07T23:59:59Z
naver-SYNTH-001-2026-06-07-C05,synthetic-advertiser-001,naver,SYNTH-001,2026-06-07,C05,Shopping Best Seller,Naver,666137.21,84617,3818.0,197.44,6880081.78,4.512096,174.472816,5.171294,3373.871619,1032.832523,2026-06-07T23:59:59Z
naver-SYNTH-001-2026-06-07-C06,synthetic-advertiser-001,naver,SYNTH-001,2026-06-07,C06,Shopping Long Tail,Naver,366184.18,44940,1721.0,74.94,2180425.25,3.829551,212.774071,4.354445,4886.364765,595.444969,2026-06-07T23:59:59Z
naver-SYNTH-001-2026-06-07-C07,synthetic-advertiser-001,naver,SYNTH-001,2026-06-07,C07,Retargeting,Naver,216518.41,36535,2743.0,283.5,2561013.56,7.507869,78.934891,10.335399,763.733356,1182.815636,2026-06-07T23:59:59Z
naver-SYNTH-001-2026-06-07-C08,synthetic-advertiser-001,naver,SYNTH-001,2026-06-07,C08,Competitor,Naver,251140.96,25911,875.0,30.84,2051791.7,3.376944,287.018243,3.524571,8143.351577,816.988068,2026-06-07T23:59:59Z
naver-SYNTH-001-2026-06-07-C09,synthetic-advertiser-001,naver,SYNTH-001,2026-06-07,C09,Prospecting,Naver,591186.25,61604,1750.0,51.77,3185986.93,2.840725,337.820716,2.958286,11419.475606,538.914246,2026-06-07T23:59:59Z
naver-SYNTH-001-2026-06-07-C10,synthetic-advertiser-001,naver,SYNTH-001,2026-06-07,C10,Seasonal,Naver,410602.78,50854,2572.0,108.43,3302358.02,5.057616,159.643383,4.215785,3786.800527,804.270739,2026-06-07T23:59:59Z
naver-SYNTH-001-2026-06-07-C11,synthetic-advertiser-001,naver,SYNTH-001,2026-06-07,C11,New Product Launch,Naver,438890.69,47571,1728.0,76.0,3898417.94,3.632465,253.98767,4.398148,5774.877556,888.243471,2026-06-07T23:59:59Z
naver-SYNTH-001-2026-06-07-C12,synthetic-advertiser-001,naver,SYNTH-001,2026-06-07,C12,Low Efficiency Legacy,Naver,259891.78,21986,476.0,9.58,709554.48,2.165014,545.991135,2.012605,27128.578337,273.019207,2026-06-07T23:59:59Z
naver-SYNTH-001-2026-06-08-C01,synthetic-advertiser-001,naver,SYNTH-001,2026-06-08,C01,Brand Search Core,Naver,484790.54,68195,5155.0,406.68,4205026.84,7.559205,94.042782,7.88904,1192.068807,867.390444,2026-06-08T23:59:59Z
naver-SYNTH-001-2026-06-08-C02,synthetic-advertiser-001,naver,SYNTH-001,2026-06-08,C02,Brand Search Expansion,Naver,302827.87,43238,2420.0,166.8,2177607.53,5.596929,125.135484,6.892562,1815.514809,719.090859,2026-06-08T23:59:59Z
naver-SYNTH-001-2026-06-08-C03,synthetic-advertiser-001,naver,SYNTH-001,2026-06-08,C03,Generic Search High Intent,Naver,557541.18,69778,3646.0,189.55,3988872.04,5.225143,152.91859,5.198848,2941.393723,715.439896,2026-06-08T23:59:59Z
naver-SYNTH-001-2026-06-08-C04,synthetic-advertiser-001,naver,SYNTH-001,2026-06-08,C04,Generic Search Mid Intent,Naver,504713.79,54815,2116.0,97.6,2895588.64,3.860257,238.522585,4.612476,5171.247851,573.709039,2026-06-08T23:59:59Z
naver-SYNTH-001-2026-06-08-C05,synthetic-advertiser-001,naver,SYNTH-001,2026-06-08,C05,Shopping Best Seller,Naver,710558.61,93489,5312.0,319.84,7036939.72,5.681952,133.764799,6.021084,2221.606464,990.339095,2026-06-08T23:59:59Z
naver-SYNTH-001-2026-06-08-C06,synthetic-advertiser-001,naver,SYNTH-001,2026-06-08,C06,Shopping Long Tail,Naver,408693.28,45825,1563.0,66.06,2612492.92,3.410802,261.480024,4.226488,6186.698121,639.230706,2026-06-08T23:59:59Z
naver-SYNTH-001-2026-06-08-C07,synthetic-advertiser-001,naver,SYNTH-001,2026-06-08,C07,Retargeting,Naver,288866.33,49044,4265.0,431.72,2783619.25,8.696273,67.729503,10.122392,669.105739,963.635759,2026-06-08T23:59:59Z
naver-SYNTH-001-2026-06-08-C08,synthetic-advertiser-001,naver,SYNTH-001,2026-06-08,C08,Competitor,Naver,299006.92,32129,1220.0,42.16,1435183.08,3.797193,245.087635,3.455738,7092.194386,479.98324,2026-06-08T23:59:59Z
naver-SYNTH-001-2026-06-08-C09,synthetic-advertiser-001,naver,SYNTH-001,2026-06-08,C09,Prospecting,Naver,652344.29,66261,1966.0,50.63,4471190.15,2.967055,331.812968,2.57528,12884.540684,685.403427,2026-06-08T23:59:59Z
naver-SYNTH-001-2026-06-08-C10,synthetic-advertiser-001,naver,SYNTH-001,2026-06-08,C10,Seasonal,Naver,384449.88,44771,1956.0,114.59,3248091.45,4.3689,196.54902,5.858384,3355.003787,844.867324,2026-06-08T23:59:59Z
naver-SYNTH-001-2026-06-08-C11,synthetic-advertiser-001,naver,SYNTH-001,2026-06-08,C11,New Product Launch,Naver,554036.3,62682,2104.0,93.92,3814930.59,3.356626,263.325239,4.463878,5899.023657,688.57051,2026-06-08T23:59:59Z
naver-SYNTH-001-2026-06-08-C12,synthetic-advertiser-001,naver,SYNTH-001,2026-06-08,C12,Low Efficiency Legacy,Naver,345296.33,32937,638.0,12.58,679578.63,1.937031,541.216811,1.971787,27448.038577,196.810271,2026-06-08T23:59:59Z
naver-SYNTH-001-2026-06-09-C01,synthetic-advertiser-001,naver,SYNTH-001,2026-06-09,C01,Brand Search Core,Naver,512827.97,78202,5491.0,433.66,4761757.12,7.02156,93.394277,7.897651,1182.557701,928.529131,2026-06-09T23:59:59Z
naver-SYNTH-001-2026-06-09-C02,synthetic-advertiser-001,naver,SYNTH-001,2026-06-09,C02,Brand Search Expansion,Naver,338965.64,48405,3243.0,215.61,2384906.14,6.699721,104.522243,6.648474,1572.123907,703.583458,2026-06-09T23:59:59Z
naver-SYNTH-001-2026-06-09-C03,synthetic-advertiser-001,naver,SYNTH-001,2026-06-09,C03,Generic Search High Intent,Naver,609222.32,75918,3661.0,206.83,5416304.26,4.822308,166.408718,5.649549,2945.521999,889.052177,2026-06-09T23:59:59Z
naver-SYNTH-001-2026-06-09-C04,synthetic-advertiser-001,naver,SYNTH-001,2026-06-09,C04,Generic Search Mid Intent,Naver,529570.73,62827,2502.0,123.76,2682607.21,3.982364,211.658964,4.946443,4279.013645,506.562591,2026-06-09T23:59:59Z
naver-SYNTH-001-2026-06-09-C05,synthetic-advertiser-001,naver,SYNTH-001,2026-06-09,C05,Shopping Best Seller,Naver,658675.25,86837,4762.0,351.52,4966191.99,5.483838,138.319035,7.381772,1873.791664,753.966697,2026-06-09T23:59:59Z
naver-SYNTH-001-2026-06-09-C06,synthetic-advertiser-001,naver,SYNTH-001,2026-06-09,C06,Shopping Long Tail,Naver,451035.95,49601,1997.0,91.54,2645465.72,4.026129,225.856761,4.583876,4927.200694,586.53101,2026-06-09T23:59:59Z
naver-SYNTH-001-2026-06-09-C07,synthetic-advertiser-001,naver,SYNTH-001,2026-06-09,C07,Retargeting,Naver,263043.65,42625,3283.0,332.35,2766568.24,7.702053,80.122951,10.123363,791.465772,1051.752529,2026-06-09T23:59:59Z
naver-SYNTH-001-2026-06-09-C08,synthetic-advertiser-001,naver,SYNTH-001,2026-06-09,C08,Competitor,Naver,358207.96,37531,1225.0,47.98,1988282.82,3.263968,292.41466,3.916735,7465.77654,555.063833,2026-06-09T23:59:59Z
naver-SYNTH-001-2026-06-09-C09,synthetic-advertiser-001,naver,SYNTH-001,2026-06-09,C09,Prospecting,Naver,616263.62,63753,1635.0,41.87,4579575.56,2.564585,376.919643,2.560856,14718.500504,743.119575,2026-06-09T23:59:59Z
naver-SYNTH-001-2026-06-09-C10,synthetic-advertiser-001,naver,SYNTH-001,2026-06-09,C10,Seasonal,Naver,409702.51,56696,2390.0,110.39,3558724.34,4.215465,171.423645,4.618828,3711.409656,868.611795,2026-06-09T23:59:59Z
naver-SYNTH-001-2026-06-09-C11,synthetic-advertiser-001,naver,SYNTH-001,2026-06-09,C11,New Product Launch,Naver,635911.43,69873,2112.0,88.57,5072036.46,3.022627,301.094425,4.193655,7179.760928,797.601091,2026-06-09T23:59:59Z
naver-SYNTH-001-2026-06-09-C12,synthetic-advertiser-001,naver,SYNTH-001,2026-06-09,C12,Low Efficiency Legacy,Naver,300991.29,27257,403.0,9.87,732090.15,1.478519,746.876642,2.449132,30495.571103,243.22636,2026-06-09T23:59:59Z
naver-SYNTH-001-2026-06-10-C01,synthetic-advertiser-001,naver,SYNTH-001,2026-06-10,C01,Brand Search Core,Naver,468585.56,69067,4795.0,400.55,4154474.18,6.942534,97.723786,8.353493,1169.855337,886.598857,2026-06-10T23:59:59Z
naver-SYNTH-001-2026-06-10-C02,synthetic-advertiser-001,naver,SYNTH-001,2026-06-10,C02,Brand Search Expansion,Naver,351176.54,52353,2999.0,201.96,2488128.91,5.728421,117.097878,6.734245,1738.842035,708.512285,2026-06-10T23:59:59Z
naver-SYNTH-001-2026-06-10-C03,synthetic-advertiser-001,naver,SYNTH-001,2026-06-10,C03,Generic Search High Intent,Naver,621090.27,79685,3440.0,157.42,4855414.11,4.316998,180.549497,4.576163,3945.434316,781.756589,2026-06-10T23:59:59Z
naver-SYNTH-001-2026-06-10-C04,synthetic-advertiser-001,naver,SYNTH-001,2026-06-10,C04,Generic Search Mid Intent,Naver,485313.71,57998,2279.0,95.65,2777026.71,3.929446,212.950288,4.197016,5073.849511,572.212711,2026-06-10T23:59:59Z
naver-SYNTH-001-2026-06-10-C05,synthetic-advertiser-001,naver,SYNTH-001,2026-06-10,C05,Shopping Best Seller,Naver,914275.53,116561,5966.0,362.51,5843694.99,5.11835,153.247658,6.076266,2522.069818,639.161259,2026-06-10T23:59:59Z
naver-SYNTH-001-2026-06-10-C06,synthetic-advertiser-001,naver,SYNTH-001,2026-06-10,C06,Shopping Long Tail,Naver,403900.81,44221,1567.0,57.03,2183110.64,3.543565,257.754189,3.639438,7082.251691,540.50662,2026-06-10T23:59:59Z
naver-SYNTH-001-2026-06-10-C07,synthetic-advertiser-001,naver,SYNTH-001,2026-06-10,C07,Retargeting,Naver,283896.19,51239,4434.0,493.03,3173127.19,8.653565,64.027106,11.119305,575.819301,1117.706861,2026-06-10T23:59:59Z
naver-SYNTH-001-2026-06-10-C08,synthetic-advertiser-001,naver,SYNTH-001,2026-06-10,C08,Competitor,Naver,337474.16,36687,1100.0,41.48,1961307.71,2.998337,306.79469,3.770909,8135.828338,581.172708,2026-06-10T23:59:59Z
naver-SYNTH-001-2026-06-10-C09,synthetic-advertiser-001,naver,SYNTH-001,2026-06-10,C09,Prospecting,Naver,696292.52,71203,1939.0,46.19,5321911.02,2.7232,359.098775,2.382156,15074.529654,764.321149,2026-06-10T23:59:59Z
naver-SYNTH-001-2026-06-10-C10,synthetic-advertiser-001,naver,SYNTH-001,2026-06-10,C10,Seasonal,Naver,417619.78,56722,2363.0,127.6,4480857.22,4.165932,176.732873,5.399915,3272.882283,1072.951388,2026-06-10T23:59:59Z
naver-SYNTH-001-2026-06-10-C11,synthetic-advertiser-001,naver,SYNTH-001,2026-06-10,C11,New Product Launch,Naver,627088.28,66856,1896.0,71.3,5096873.45,2.835946,330.742764,3.760549,8795.067054,812.784038,2026-06-10T23:59:59Z
naver-SYNTH-001-2026-06-10-C12,synthetic-advertiser-001,naver,SYNTH-001,2026-06-10,C12,Low Efficiency Legacy,Naver,329261.66,31643,499.0,12.07,710828.19,1.576968,659.843014,2.418838,27279.342518,215.885498,2026-06-10T23:59:59Z
naver-SYNTH-001-2026-06-11-C01,synthetic-advertiser-001,naver,SYNTH-001,2026-06-11,C01,Brand Search Core,Naver,557288.34,87641,7214.0,447.11,4440183.0,8.231307,77.250948,6.19781,1246.423335,796.747877,2026-06-11T23:59:59Z
naver-SYNTH-001-2026-06-11-C02,synthetic-advertiser-001,naver,SYNTH-001,2026-06-11,C02,Brand Search Expansion,Naver,380490.68,52996,3265.0,261.27,2389361.76,6.160842,116.536198,8.002144,1456.312186,627.968529,2026-06-11T23:59:59Z
naver-SYNTH-001-2026-06-11-C03,synthetic-advertiser-001,naver,SYNTH-001,2026-06-11,C03,Generic Search High Intent,Naver,560400.48,70580,3287.0,179.19,4419954.44,4.657127,170.489953,5.451476,3127.409324,788.71354,2026-06-11T23:59:59Z
naver-SYNTH-001-2026-06-11-C04,synthetic-advertiser-001,naver,SYNTH-001,2026-06-11,C04,Generic Search Mid Intent,Naver,508888.23,61890,2389.0,104.06,2867230.13,3.860074,213.013074,4.355797,4890.334749,563.430227,2026-06-11T23:59:59Z
naver-SYNTH-001-2026-06-11-C05,synthetic-advertiser-001,naver,SYNTH-001,2026-06-11,C05,Shopping Best Seller,Naver,670791.06,83153,4060.0,243.41,5716259.88,4.882566,165.219473,5.99532,2755.807322,852.166974,2026-06-11T23:59:59Z
naver-SYNTH-001-2026-06-11-C06,synthetic-advertiser-001,naver,SYNTH-001,2026-06-11,C06,Shopping Long Tail,Naver,427959.47,48667,1791.0,0.0,2472585.47,3.680112,238.950011,0.0,0,577.761598,2026-06-11T23:59:59Z
naver-SYNTH-001-2026-06-11-C07,synthetic-advertiser-001,naver,SYNTH-001,2026-06-11,C07,Retargeting,Naver,300498.14,50995,4759.0,512.73,3014697.35,9.332287,63.143127,10.773902,586.074816,1003.233279,2026-06-11T23:59:59Z
naver-SYNTH-001-2026-06-11-C08,synthetic-advertiser-001,naver,SYNTH-001,2026-06-11,C08,Competitor,Naver,347134.83,33792,1033.0,40.66,2284427.41,3.056937,336.045335,3.936108,8537.501988,658.080726,2026-06-11T23:59:59Z
naver-SYNTH-001-2026-06-11-C09,synthetic-advertiser-001,naver,SYNTH-001,2026-06-11,C09,Prospecting,Naver,655540.96,59586,1613.0,59.81,4727770.8,2.707012,406.411009,3.707998,10960.390525,721.201436,2026-06-11T23:59:59Z
naver-SYNTH-001-2026-06-11-C10,synthetic-advertiser-001,naver,SYNTH-001,2026-06-11,C10,Seasonal,Naver,471219.93,58476,2677.0,125.83,4033761.05,4.577947,176.025376,4.700411,3744.893354,856.025136,2026-06-11T23:59:59Z
naver-SYNTH-001-2026-06-11-C11,synthetic-advertiser-001,naver,SYNTH-001,2026-06-11,C11,New Product Launch,Naver,600480.89,65662,2318.0,103.54,5383109.87,3.5302,259.051288,4.466782,5799.50633,896.466482,2026-06-11T23:59:59Z
naver-SYNTH-001-2026-06-11-C12,synthetic-advertiser-001,naver,SYNTH-001,2026-06-11,C12,Low Efficiency Legacy,Naver,316044.66,27471,591.0,12.27,756809.27,2.15136,534.762532,2.076142,25757.510718,239.462764,2026-06-11T23:59:59Z
naver-SYNTH-001-2026-06-12-C01,synthetic-advertiser-001,naver,SYNTH-001,2026-06-12,C01,Brand Search Core,Naver,495635.8,71973,4122.0,336.22,4453886.79,5.727148,120.241581,8.15672,1474.141325,898.620887,2026-06-12T23:59:59Z
naver-SYNTH-001-2026-06-12-C02,synthetic-advertiser-001,naver,SYNTH-001,2026-06-12,C02,Brand Search Expansion,Naver,353933.48,53627,3467.0,224.24,2541954.35,6.465027,102.08638,6.46784,1578.369066,718.201158,2026-06-12T23:59:59Z
naver-SYNTH-001-2026-06-12-C03,synthetic-advertiser-001,naver,SYNTH-001,2026-06-12,C03,Generic Search High Intent,Naver,672851.34,78977,3879.0,220.71,4510402.01,4.911557,173.459999,5.689869,3048.576581,670.341539,2026-06-12T23:59:59Z
naver-SYNTH-001-2026-06-12-C04,synthetic-advertiser-001,naver,SYNTH-001,2026-06-12,C04,Generic Search Mid Intent,Naver,549176.9,61653,2151.0,80.62,3738437.2,3.488881,255.312368,3.748024,6811.91892,680.734601,2026-06-12T23:59:59Z
naver-SYNTH-001-2026-06-12-C05,synthetic-advertiser-001,naver,SYNTH-001,2026-06-12,C05,Shopping Best Seller,Naver,638032.36,82427,4225.0,259.3,5684944.14,5.125748,151.013576,6.137278,2460.595292,891.011883,2026-06-12T23:59:59Z
naver-SYNTH-001-2026-06-12-C06,synthetic-advertiser-001,naver,SYNTH-001,2026-06-12,C06,Shopping Long Tail,Naver,348965.4,38111,1621.0,81.53,2393357.77,4.253365,215.277851,5.029611,4280.208478,685.843865,2026-06-12T23:59:59Z
naver-SYNTH-001-2026-06-12-C07,synthetic-advertiser-001,naver,SYNTH-001,2026-06-12,C07,Retargeting,Naver,287929.99,43590,3765.0,369.49,2869504.82,8.637302,76.475428,9.813811,779.263276,996.59811,2026-06-12T23:59:59Z
naver-SYNTH-001-2026-06-12-C08,synthetic-advertiser-001,naver,SYNTH-001,2026-06-12,C08,Competitor,Naver,363189.92,40888,1281.0,43.67,2267630.83,3.132949,283.520627,3.409055,8316.691619,624.365018,2026-06-12T23:59:59Z
naver-SYNTH-001-2026-06-12-C09,synthetic-advertiser-001,naver,SYNTH-001,2026-06-12,C09,Prospecting,Naver,665758.37,72396,1754.0,40.71,4098633.84,2.422786,379.565776,2.320981,16353.681452,615.633842,2026-06-12T23:59:59Z
naver-SYNTH-001-2026-06-12-C10,synthetic-advertiser-001,naver,SYNTH-001,2026-06-12,C10,Seasonal,Naver,435015.76,60486,2696.0,139.81,3967145.16,4.45723,161.355993,5.185831,3111.478136,911.954357,2026-06-12T23:59:59Z
naver-SYNTH-001-2026-06-12-C11,synthetic-advertiser-001,naver,SYNTH-001,2026-06-12,C11,New Product Launch,Naver,519419.25,51711,1938.0,83.5,3190242.43,3.747752,268.018189,4.308566,6220.589831,614.194108,2026-06-12T23:59:59Z
naver-SYNTH-001-2026-06-12-C12,synthetic-advertiser-001,naver,SYNTH-001,2026-06-12,C12,Low Efficiency Legacy,Naver,282148.21,22910,588.0,12.3,464312.16,2.566565,479.843887,2.091837,22938.878497,164.563216,2026-06-12T23:59:59Z
naver-SYNTH-001-2026-06-13-C01,synthetic-advertiser-001,naver,SYNTH-001,2026-06-13,C01,Brand Search Core,Naver,498685.46,78499,6287.0,527.13,4249923.62,8.009019,79.320098,8.384444,946.03885,852.225293,2026-06-13T23:59:59Z
naver-SYNTH-001-2026-06-13-C02,synthetic-advertiser-001,naver,SYNTH-001,2026-06-13,C02,Brand Search Expansion,Naver,319678.57,41944,2551.0,157.62,2461119.76,6.081919,125.315,6.178753,2028.159915,769.87325,2026-06-13T23:59:59Z
naver-SYNTH-001-2026-06-13-C03,synthetic-advertiser-001,naver,SYNTH-001,2026-06-13,C03,Generic Search High Intent,Naver,579676.02,71844,3350.0,167.14,4389362.82,4.662881,173.037619,4.989254,3468.206426,757.209657,2026-06-13T23:59:59Z
naver-SYNTH-001-2026-06-13-C04,synthetic-advertiser-001,naver,SYNTH-001,2026-06-13,C04,Generic Search Mid Intent,Naver,494944.08,58641,2273.0,97.29,3003155.0,3.876128,217.749265,4.280246,5087.306798,606.766528,2026-06-13T23:59:59Z
naver-SYNTH-001-2026-06-13-C05,synthetic-advertiser-001,naver,SYNTH-001,2026-06-13,C05,Shopping Best Seller,Naver,614194.15,84458,4520.0,332.28,5424028.88,5.351772,135.88366,7.351327,1848.423453,883.113087,2026-06-13T23:59:59Z
naver-SYNTH-001-2026-06-13-C06,synthetic-advertiser-001,naver,SYNTH-001,2026-06-13,C06,Shopping Long Tail,Naver,412495.74,46138,1594.0,75.64,2776028.82,3.454853,258.780265,4.745295,5453.407491,672.983629,2026-06-13T23:59:59Z
naver-SYNTH-001-2026-06-13-C07,synthetic-advertiser-001,naver,SYNTH-001,2026-06-13,C07,Retargeting,Naver,231107.33,36337,3266.0,343.18,2680251.1,8.988084,70.761581,10.507655,673.428886,1159.743034,2026-06-13T23:59:59Z
naver-SYNTH-001-2026-06-13-C08,synthetic-advertiser-001,naver,SYNTH-001,2026-06-13,C08,Competitor,Naver,350289.78,36832,1271.0,53.98,2092113.36,3.450804,275.601718,4.24705,6489.251264,597.252178,2026-06-13T23:59:59Z
naver-SYNTH-001-2026-06-13-C09,synthetic-advertiser-001,naver,SYNTH-001,2026-06-13,C09,Prospecting,Naver,583541.92,55252,1565.0,32.28,2266567.73,2.832477,372.870233,2.06262,18077.506662,388.415583,2026-06-13T23:59:59Z
naver-SYNTH-001-2026-06-13-C10,synthetic-advertiser-001,naver,SYNTH-001,2026-06-13,C10,Seasonal,Naver,383088.19,54689,1683.0,103.71,3791555.62,3.077401,227.622218,6.16221,3693.840443,989.734399,2026-06-13T23:59:59Z
naver-SYNTH-001-2026-06-13-C11,synthetic-advertiser-001,naver,SYNTH-001,2026-06-13,C11,New Product Launch,Naver,593885.77,64605,1886.0,61.43,4751857.07,2.919279,314.891715,3.257158,9667.683114,800.129802,2026-06-13T23:59:59Z
naver-SYNTH-001-2026-06-13-C12,synthetic-advertiser-001,naver,SYNTH-001,2026-06-13,C12,Low Efficiency Legacy,Naver,286869.73,24139,619.0,12.98,699356.16,2.564315,463.44059,2.096931,22100.903348,243.788764,2026-06-13T23:59:59Z
naver-SYNTH-001-2026-06-14-C01,synthetic-advertiser-001,naver,SYNTH-001,2026-06-14,C01,Brand Search Core,Naver,448863.63,65208,5328.0,431.55,4247255.81,8.170777,84.246176,8.099662,1040.119633,946.224098,2026-06-14T23:59:59Z
naver-SYNTH-001-2026-06-14-C02,synthetic-advertiser-001,naver,SYNTH-001,2026-06-14,C02,Brand Search Expansion,Naver,298826.3,44474,2679.0,192.72,2351781.45,6.023744,111.543971,7.193729,1550.572321,787.006188,2026-06-14T23:59:59Z
naver-SYNTH-001-2026-06-14-C03,synthetic-advertiser-001,naver,SYNTH-001,2026-06-14,C03,Generic Search High Intent,Naver,495421.74,59612,3020.0,145.92,4823697.81,5.066094,164.046935,4.831788,3395.159972,973.654847,2026-06-14T23:59:59Z
naver-SYNTH-001-2026-06-14-C04,synthetic-advertiser-001,naver,SYNTH-001,2026-06-14,C04,Generic Search Mid Intent,Naver,408769.62,47868,2038.0,97.73,2753297.6,4.257542,200.573905,4.795388,4182.642167,673.557297,2026-06-14T23:59:59Z
naver-SYNTH-001-2026-06-14-C05,synthetic-advertiser-001,naver,SYNTH-001,2026-06-14,C05,Shopping Best Seller,Naver,647848.18,95089,5435.0,398.55,5340172.13,5.715698,119.199296,7.333027,1625.512924,824.293767,2026-06-14T23:59:59Z
naver-SYNTH-001-2026-06-14-C06,synthetic-advertiser-001,naver,SYNTH-001,2026-06-14,C06,Shopping Long Tail,Naver,357940.84,37109,1373.0,58.95,1943693.44,3.699911,260.699811,4.293518,6071.93963,543.020863,2026-06-14T23:59:59Z
naver-SYNTH-001-2026-06-14-C07,synthetic-advertiser-001,naver,SYNTH-001,2026-06-14,C07,Retargeting,Naver,273509.48,48095,3778.0,332.32,3017736.63,7.855286,72.395308,8.796188,823.030439,1103.338972,2026-06-14T23:59:59Z
naver-SYNTH-001-2026-06-14-C08,synthetic-advertiser-001,naver,SYNTH-001,2026-06-14,C08,Competitor,Naver,296738.23,32283,747.0,31.65,1961399.35,2.313911,397.23993,4.236948,9375.615421,660.986406,2026-06-14T23:59:59Z
naver-SYNTH-001-2026-06-14-C09,synthetic-advertiser-001,naver,SYNTH-001,2026-06-14,C09,Prospecting,Naver,471452.87,57065,1518.0,47.66,4301496.46,2.660124,310.575014,3.139657,9892.003162,912.391615,2026-06-14T23:59:59Z
naver-SYNTH-001-2026-06-14-C10,synthetic-advertiser-001,naver,SYNTH-001,2026-06-14,C10,Seasonal,Naver,410263.07,50550,2046.0,98.66,2587363.85,4.047478,200.519585,4.822092,4158.352639,630.659698,2026-06-14T23:59:59Z
naver-SYNTH-001-2026-06-14-C11,synthetic-advertiser-001,naver,SYNTH-001,2026-06-14,C11,New Product Launch,Naver,576798.43,60177,1948.0,69.48,4088812.44,3.237117,296.097756,3.566735,8301.646919,708.880649,2026-06-14T23:59:59Z
naver-SYNTH-001-2026-06-14-C12,synthetic-advertiser-001,naver,SYNTH-001,2026-06-14,C12,Low Efficiency Legacy,Naver,316294.04,27306,668.0,14.53,852473.03,2.446349,473.494069,2.17515,21768.343985,269.519159,2026-06-14T23:59:59Z
naver-SYNTH-001-2026-06-15-C01,synthetic-advertiser-001,naver,SYNTH-001,2026-06-15,C01,Brand Search Core,Naver,529734.01,81949,5844.0,443.54,4505901.88,7.131265,90.645793,7.589665,1194.331998,850.597047,2026-06-15T23:59:59Z
naver-SYNTH-001-2026-06-15-C02,synthetic-advertiser-001,naver,SYNTH-001,2026-06-15,C02,Brand Search Expansion,Naver,335851.18,45353,2924.0,201.58,2408758.58,6.447203,114.860186,6.893981,1666.093775,717.210094,2026-06-15T23:59:59Z
naver-SYNTH-001-2026-06-15-C03,synthetic-advertiser-001,naver,SYNTH-001,2026-06-15,C03,Generic Search High Intent,Naver,624949.84,76947,3743.0,173.47,4075517.35,4.864387,166.96496,4.634518,3602.639332,652.135108,2026-06-15T23:59:59Z
naver-SYNTH-001-2026-06-15-C04,synthetic-advertiser-001,naver,SYNTH-001,2026-06-15,C04,Generic Search Mid Intent,Naver,488716.91,56972,2188.0,91.19,3060904.44,3.840483,223.362388,4.167733,5359.32565,626.314416,2026-06-15T23:59:59Z
naver-SYNTH-001-2026-06-15-C05,synthetic-advertiser-001,naver,SYNTH-001,2026-06-15,C05,Shopping Best Seller,Naver,669490.27,84982,4254.0,232.69,5042007.51,5.005766,157.379002,5.469911,2877.17682,753.11139,2026-06-15T23:59:59Z
naver-SYNTH-001-2026-06-15-C06,synthetic-advertiser-001,naver,SYNTH-001,2026-06-15,C06,Shopping Long Tail,Naver,356039.29,39740,1377.0,58.58,1761621.61,3.465023,258.561576,4.254176,6077.830158,494.782922,2026-06-15T23:59:59Z
naver-SYNTH-001-2026-06-15-C07,synthetic-advertiser-001,naver,SYNTH-001,2026-06-15,C07,Retargeting,Naver,289512.25,47089,3783.0,355.19,3217707.89,8.033723,76.529805,9.389109,815.091224,1111.423738,2026-06-15T23:59:59Z
naver-SYNTH-001-2026-06-15-C08,synthetic-advertiser-001,naver,SYNTH-001,2026-06-15,C08,Competitor,Naver,405049.3,46424,1626.0,57.32,1840825.08,3.502499,249.107808,3.525215,7066.456656,454.469395,2026-06-15T23:59:59Z
naver-SYNTH-001-2026-06-15-C09,synthetic-advertiser-001,naver,SYNTH-001,2026-06-15,C09,Prospecting,Naver,578926.67,60246,1553.0,40.45,3773773.21,2.577764,372.77957,2.604636,14312.155068,651.856857,2026-06-15T23:59:59Z
naver-SYNTH-001-2026-06-15-C10,synthetic-advertiser-001,naver,SYNTH-001,2026-06-15,C10,Seasonal,Naver,422733.28,48341,2048.0,101.27,4178656.69,4.236569,206.412734,4.944824,4174.31894,988.485388,2026-06-15T23:59:59Z
naver-SYNTH-001-2026-06-15-C11,synthetic-advertiser-001,naver,SYNTH-001,2026-06-15,C11,New Product Launch,Naver,676763.81,82398,2710.0,107.49,5537582.4,3.288915,249.728344,3.966421,6296.063011,818.244459,2026-06-15T23:59:59Z
naver-SYNTH-001-2026-06-15-C12,synthetic-advertiser-001,naver,SYNTH-001,2026-06-15,C12,Low Efficiency Legacy,Naver,303303.04,28646,586.0,11.98,751400.17,2.045661,517.581974,2.044369,25317.448828,247.739086,2026-06-15T23:59:59Z
naver-SYNTH-001-2026-06-16-C01,synthetic-advertiser-001,naver,SYNTH-001,2026-06-16,C01,Brand Search Core,Naver,492983.85,78247,5800.0,409.41,4329264.89,7.412425,84.997215,7.058793,1204.132405,878.175809,2026-06-16T23:59:59Z
naver-SYNTH-001-2026-06-16-C02,synthetic-advertiser-001,naver,SYNTH-001,2026-06-16,C02,Brand Search Expansion,Naver,311409.56,43492,2731.0,189.39,2345441.16,6.279316,114.027668,6.934822,1644.276684,753.169282,2026-06-16T23:59:59Z
naver-SYNTH-001-2026-06-16-C03,synthetic-advertiser-001,naver,SYNTH-001,2026-06-16,C03,Generic Search High Intent,Naver,595482.19,73044,3812.0,176.37,4790080.83,5.218772,156.212538,4.626705,3376.323604,804.403705,2026-06-16T23:59:59Z
naver-SYNTH-001-2026-06-16-C04,synthetic-advertiser-001,naver,SYNTH-001,2026-06-16,C04,Generic Search Mid Intent,Naver,609273.12,76919,3182.0,114.36,3747862.45,4.136819,191.474896,3.593966,5327.676793,615.136683,2026-06-16T23:59:59Z
naver-SYNTH-001-2026-06-16-C05,synthetic-advertiser-001,naver,SYNTH-001,2026-06-16,C05,Shopping Best Seller,Naver,676240.61,88310,3850.0,185.24,5945816.55,4.359642,175.646912,4.811429,3650.61872,879.245707,2026-06-16T23:59:59Z
naver-SYNTH-001-2026-06-16-C06,synthetic-advertiser-001,naver,SYNTH-001,2026-06-16,C06,Shopping Long Tail,Naver,393408.27,37088,1448.0,62.54,2676943.35,3.904228,271.690797,4.319061,6290.506449,680.449175,2026-06-16T23:59:59Z
naver-SYNTH-001-2026-06-16-C07,synthetic-advertiser-001,naver,SYNTH-001,2026-06-16,C07,Retargeting,Naver,281997.47,52632,4059.0,434.7,3008229.26,7.712038,69.474618,10.709534,648.717443,1066.757525,2026-06-16T23:59:59Z
naver-SYNTH-001-2026-06-16-C08,synthetic-advertiser-001,naver,SYNTH-001,2026-06-16,C08,Competitor,Naver,334595.35,37105,973.0,29.12,1646546.35,2.622288,343.88011,2.992806,11490.224818,492.100791,2026-06-16T23:59:59Z
naver-SYNTH-001-2026-06-16-C09,synthetic-advertiser-001,naver,SYNTH-001,2026-06-16,C09,Prospecting,Naver,748837.21,73140,1286.0,30.04,3367570.62,1.758272,582.299539,2.335925,24928.002919,449.706637,2026-06-16T23:59:59Z
naver-SYNTH-001-2026-06-16-C10,synthetic-advertiser-001,naver,SYNTH-001,2026-06-16,C10,Seasonal,Naver,465481.03,65188,3242.0,201.81,3626098.94,4.973308,143.578354,6.224861,2306.531021,779.000376,2026-06-16T23:59:59Z
naver-SYNTH-001-2026-06-16-C11,synthetic-advertiser-001,naver,SYNTH-001,2026-06-16,C11,New Product Launch,Naver,522841.46,59629,2174.0,63.69,3881870.84,3.645877,240.497453,2.929623,8209.16098,742.456579,2026-06-16T23:59:59Z
naver-SYNTH-001-2026-06-16-C12,synthetic-advertiser-001,naver,SYNTH-001,2026-06-16,C12,Low Efficiency Legacy,Naver,326318.83,27040,588.0,13.05,738560.78,2.174556,554.96399,2.219388,25005.274026,226.331036,2026-06-16T23:59:59Z
naver-SYNTH-001-2026-06-17-C01,synthetic-advertiser-001,naver,SYNTH-001,2026-06-17,C01,Brand Search Core,Naver,483118.75,69641,5043.0,398.28,4424175.64,7.241424,95.79987,7.89768,1213.012822,915.753254,2026-06-17T23:59:59Z
naver-SYNTH-001-2026-06-17-C02,synthetic-advertiser-001,naver,SYNTH-001,2026-06-17,C02,Brand Search Expansion,Naver,348232.83,48958,3048.0,211.86,2527582.99,6.225745,114.249617,6.950787,1643.693159,725.831327,2026-06-17T23:59:59Z
naver-SYNTH-001-2026-06-17-C03,synthetic-advertiser-001,naver,SYNTH-001,2026-06-17,C03,Generic Search High Intent,Naver,720109.33,96776,4001.0,206.71,5306201.8,4.134289,179.982337,5.166458,3483.66953,736.860583,2026-06-17T23:59:59Z
naver-SYNTH-001-2026-06-17-C04,synthetic-advertiser-001,naver,SYNTH-001,2026-06-17,C04,Generic Search Mid Intent,Naver,432522.31,49318,2128.0,85.51,2499918.48,4.314855,203.252964,4.018327,5058.148852,577.98602,2026-06-17T23:59:59Z
naver-SYNTH-001-2026-06-17-C05,synthetic-advertiser-001,naver,SYNTH-001,2026-06-17,C05,Shopping Best Seller,Naver,744415.97,94277,4767.0,320.25,6140667.67,5.056376,156.160262,6.718062,2324.483894,824.897362,2026-06-17T23:59:59Z
naver-SYNTH-001-2026-06-17-C06,synthetic-advertiser-001,naver,SYNTH-001,2026-06-17,C06,Shopping Long Tail,Naver,413938.25,48927,1602.0,80.61,2462839.29,3.274266,258.38842,5.031835,5135.073184,594.977462,2026-06-17T23:59:59Z
naver-SYNTH-001-2026-06-17-C07,synthetic-advertiser-001,naver,SYNTH-001,2026-06-17,C07,Retargeting,Naver,241840.87,38997,3795.0,393.78,2766590.25,9.731518,63.726185,10.376285,614.152251,1143.971326,2026-06-17T23:59:59Z
naver-SYNTH-001-2026-06-17-C08,synthetic-advertiser-001,naver,SYNTH-001,2026-06-17,C08,Competitor,Naver,380125.68,41154,1282.0,49.02,1747136.16,3.115129,296.509892,3.823713,7754.50188,459.620657,2026-06-17T23:59:59Z
naver-SYNTH-001-2026-06-17-C09,synthetic-advertiser-001,naver,SYNTH-001,2026-06-17,C09,Prospecting,Naver,729997.46,76710,1862.0,50.01,6104965.18,2.427324,392.050195,2.685822,14597.029848,836.299507,2026-06-17T23:59:59Z
naver-SYNTH-001-2026-06-17-C10,synthetic-advertiser-001,naver,SYNTH-001,2026-06-17,C10,Seasonal,Naver,500595.75,68368,2993.0,139.32,4992608.78,4.377779,167.255513,4.654861,3593.136305,997.333434,2026-06-17T23:59:59Z
naver-SYNTH-001-2026-06-17-C11,synthetic-advertiser-001,naver,SYNTH-001,2026-06-17,C11,New Product Launch,Naver,639771.83,65635,1941.0,77.0,4732086.53,2.957264,329.609393,3.967027,8308.7251,739.652215,2026-06-17T23:59:59Z
naver-SYNTH-001-2026-06-17-C12,synthetic-advertiser-001,naver,SYNTH-001,2026-06-17,C12,Low Efficiency Legacy,Naver,355543.54,31491,744.0,17.52,691918.45,2.36258,477.881101,2.354839,20293.581006,194.608641,2026-06-17T23:59:59Z
naver-SYNTH-001-2026-06-18-C01,synthetic-advertiser-001,naver,SYNTH-001,2026-06-18,C01,Brand Search Core,Naver,511034.55,79539,6123.0,455.73,4438495.16,7.69811,83.461465,7.44292,1121.35376,868.531329,2026-06-18T23:59:59Z
naver-SYNTH-001-2026-06-18-C02,synthetic-advertiser-001,naver,SYNTH-001,2026-06-18,C02,Brand Search Expansion,Naver,353517.72,53743,3141.0,218.65,2628742.76,5.844482,112.549418,6.961159,1616.820138,743.595748,2026-06-18T23:59:59Z
naver-SYNTH-001-2026-06-18-C03,synthetic-advertiser-001,naver,SYNTH-001,2026-06-18,C03,Generic Search High Intent,Naver,624199.81,77745,3176.0,186.87,4812327.18,4.08515,196.536463,5.883816,3340.289009,770.959416,2026-06-18T23:59:59Z
naver-SYNTH-001-2026-06-18-C04,synthetic-advertiser-001,naver,SYNTH-001,2026-06-18,C04,Generic Search Mid Intent,Naver,444911.93,47933,1801.0,85.52,3154322.46,3.757328,247.03605,4.748473,5202.431317,708.976828,2026-06-18T23:59:59Z
naver-SYNTH-001-2026-06-18-C05,synthetic-advertiser-001,naver,SYNTH-001,2026-06-18,C05,Shopping Best Seller,Naver,814070.12,112225,7519.0,415.63,6842084.36,6.699933,108.268402,5.52773,1958.641381,840.478506,2026-06-18T23:59:59Z
naver-SYNTH-001-2026-06-18-C06,synthetic-advertiser-001,naver,SYNTH-001,2026-06-18,C06,Shopping Long Tail,Naver,440137.73,53480,1972.0,89.46,2621665.08,3.68736,223.193575,4.536511,4919.938862,595.64652,2026-06-18T23:59:59Z
naver-SYNTH-001-2026-06-18-C07,synthetic-advertiser-001,naver,SYNTH-001,2026-06-18,C07,Retargeting,Naver,283455.38,48874,4182.0,407.72,3199631.96,8.556697,67.779862,9.749402,695.220697,1128.795626,2026-06-18T23:59:59Z
naver-SYNTH-001-2026-06-18-C08,synthetic-advertiser-001,naver,SYNTH-001,2026-06-18,C08,Competitor,Naver,395374.86,40770,1077.0,44.37,2347433.83,2.641648,367.107574,4.119777,8910.859984,593.723599,2026-06-18T23:59:59Z
naver-SYNTH-001-2026-06-18-C09,synthetic-advertiser-001,naver,SYNTH-001,2026-06-18,C09,Prospecting,Naver,592012.18,56105,1589.0,50.77,4535157.01,2.83219,372.569021,3.195091,11660.669195,766.058064,2026-06-18T23:59:59Z
naver-SYNTH-001-2026-06-18-C10,synthetic-advertiser-001,naver,SYNTH-001,2026-06-18,C10,Seasonal,Naver,475938.51,61175,2302.0,112.11,3536131.78,3.762975,206.750006,4.870113,4245.281552,742.980798,2026-06-18T23:59:59Z
naver-SYNTH-001-2026-06-18-C11,synthetic-advertiser-001,naver,SYNTH-001,2026-06-18,C11,New Product Launch,Naver,657307.48,68975,2056.0,93.47,5775838.6,2.98079,319.702081,4.546206,7032.282861,878.711833,2026-06-18T23:59:59Z
naver-SYNTH-001-2026-06-18-C12,synthetic-advertiser-001,naver,SYNTH-001,2026-06-18,C12,Low Efficiency Legacy,Naver,299170.18,26037,625.0,9.35,749968.32,2.40043,478.672289,1.496,31996.810765,250.682845,2026-06-18T23:59:59Z
naver-SYNTH-001-2026-06-19-C01,synthetic-advertiser-001,naver,SYNTH-001,2026-06-19,C01,Brand Search Core,Naver,502620.04,78107,5723.0,484.55,4648742.01,7.327128,87.824575,8.466713,1037.292418,924.901841,2026-06-19T23:59:59Z
naver-SYNTH-001-2026-06-19-C02,synthetic-advertiser-001,naver,SYNTH-001,2026-06-19,C02,Brand Search Expansion,Naver,329144.2,47774,2766.0,198.3,2295296.21,5.78976,118.996457,7.169197,1659.82955,697.352776,2026-06-19T23:59:59Z
naver-SYNTH-001-2026-06-19-C03,synthetic-advertiser-001,naver,SYNTH-001,2026-06-19,C03,Generic Search High Intent,Naver,647865.25,87240,4851.0,306.31,4512801.62,5.560523,133.552927,6.314368,2115.063989,696.564852,2026-06-19T23:59:59Z
naver-SYNTH-001-2026-06-19-C04,synthetic-advertiser-001,naver,SYNTH-001,2026-06-19,C04,Generic Search Mid Intent,Naver,493094.19,58457,2519.0,136.83,3164929.9,4.30915,195.749975,5.431917,3603.699384,641.850986,2026-06-19T23:59:59Z
naver-SYNTH-001-2026-06-19-C05,synthetic-advertiser-001,naver,SYNTH-001,2026-06-19,C05,Shopping Best Seller,Naver,681271.28,95311,5534.0,365.03,6727397.28,5.806255,123.106483,6.596133,1866.343246,987.477019,2026-06-19T23:59:59Z
naver-SYNTH-001-2026-06-19-C06,synthetic-advertiser-001,naver,SYNTH-001,2026-06-19,C06,Shopping Long Tail,Naver,357556.78,39176,1518.0,60.37,2404637.87,3.874821,235.544653,3.976943,5922.756069,672.519156,2026-06-19T23:59:59Z
naver-SYNTH-001-2026-06-19-C07,synthetic-advertiser-001,naver,SYNTH-001,2026-06-19,C07,Retargeting,Naver,344139.44,59002,5004.0,451.07,3425906.27,8.481068,68.772869,9.014189,762.940205,995.499466,2026-06-19T23:59:59Z
naver-SYNTH-001-2026-06-19-C08,synthetic-advertiser-001,naver,SYNTH-001,2026-06-19,C08,Competitor,Naver,336581.18,37834,1080.0,45.8,1303549.17,2.854575,311.649237,4.240741,7348.933966,387.291169,2026-06-19T23:59:59Z
naver-SYNTH-001-2026-06-19-C09,synthetic-advertiser-001,naver,SYNTH-001,2026-06-19,C09,Prospecting,Naver,584605.29,56938,1013.0,29.94,4219506.16,1.779128,577.102947,2.955577,19525.894646,721.770101,2026-06-19T23:59:59Z
naver-SYNTH-001-2026-06-19-C10,synthetic-advertiser-001,naver,SYNTH-001,2026-06-19,C10,Seasonal,Naver,446487.23,57170,3023.0,165.73,3863406.15,5.287738,147.696735,5.482302,2694.064026,865.28928,2026-06-19T23:59:59Z
naver-SYNTH-001-2026-06-19-C11,synthetic-advertiser-001,naver,SYNTH-001,2026-06-19,C11,New Product Launch,Naver,584182.67,65423,2067.0,80.8,3670995.26,3.159439,282.62345,3.909047,7229.983561,628.398519,2026-06-19T23:59:59Z
naver-SYNTH-001-2026-06-19-C12,synthetic-advertiser-001,naver,SYNTH-001,2026-06-19,C12,Low Efficiency Legacy,Naver,304194.23,29742,832.0,17.12,791214.57,2.797391,365.61806,2.057692,17768.354305,260.101771,2026-06-19T23:59:59Z
naver-SYNTH-001-2026-06-20-C01,synthetic-advertiser-001,naver,SYNTH-001,2026-06-20,C01,Brand Search Core,Naver,514073.53,78959,6255.0,507.97,4526262.82,7.921833,82.186016,8.121023,1012.01553,880.469926,2026-06-20T23:59:59Z
naver-SYNTH-001-2026-06-20-C02,synthetic-advertiser-001,naver,SYNTH-001,2026-06-20,C02,Brand Search Expansion,Naver,306002.46,40153,2517.0,197.13,2358911.53,6.268523,121.574277,7.831943,1552.287602,770.879936,2026-06-20T23:59:59Z
naver-SYNTH-001-2026-06-20-C03,synthetic-advertiser-001,naver,SYNTH-001,2026-06-20,C03,Generic Search High Intent,Naver,594400.74,76156,3267.0,157.73,5472477.65,4.289879,181.940845,4.827977,3768.469798,920.671404,2026-06-20T23:59:59Z
naver-SYNTH-001-2026-06-20-C04,synthetic-advertiser-001,naver,SYNTH-001,2026-06-20,C04,Generic Search Mid Intent,Naver,416574.74,53802,1966.0,80.45,3310698.48,3.654139,211.889489,4.092065,5178.057621,794.742983,2026-06-20T23:59:59Z
naver-SYNTH-001-2026-06-20-C05,synthetic-advertiser-001,naver,SYNTH-001,2026-06-20,C05,Shopping Best Seller,Naver,686777.84,85508,4498.0,258.4,5619062.89,5.260327,152.685159,5.744775,2657.808991,818.17766,2026-06-20T23:59:59Z
naver-SYNTH-001-2026-06-20-C06,synthetic-advertiser-001,naver,SYNTH-001,2026-06-20,C06,Shopping Long Tail,Naver,345833.59,38926,1222.0,51.09,2020424.19,3.13929,283.006208,4.180851,6769.105219,584.218616,2026-06-20T23:59:59Z
naver-SYNTH-001-2026-06-20-C07,synthetic-advertiser-001,naver,SYNTH-001,2026-06-20,C07,Retargeting,Naver,234013.79,37466,3051.0,273.9,2778285.75,8.143383,76.700685,8.977384,854.376742,1187.231639,2026-06-20T23:59:59Z
naver-SYNTH-001-2026-06-20-C08,synthetic-advertiser-001,naver,SYNTH-001,2026-06-20,C08,Competitor,Naver,322601.11,31623,945.0,35.33,1960575.18,2.988331,341.376831,3.738624,9131.081387,607.739759,2026-06-20T23:59:59Z
naver-SYNTH-001-2026-06-20-C09,synthetic-advertiser-001,naver,SYNTH-001,2026-06-20,C09,Prospecting,Naver,547993.44,54489,1482.0,38.39,3266334.13,2.719815,369.766157,2.590418,14274.379899,596.053504,2026-06-20T23:59:59Z
naver-SYNTH-001-2026-06-20-C10,synthetic-advertiser-001,naver,SYNTH-001,2026-06-20,C10,Seasonal,Naver,403557.98,55476,2679.0,0.0,3887494.96,4.829115,150.637543,0.0,0,963.305197,2026-06-20T23:59:59Z
naver-SYNTH-001-2026-06-20-C11,synthetic-advertiser-001,naver,SYNTH-001,2026-06-20,C11,New Product Launch,Naver,589277.78,75602,2726.0,116.35,3751136.94,3.605725,216.169398,4.268158,5064.699436,636.565143,2026-06-20T23:59:59Z
naver-SYNTH-001-2026-06-20-C12,synthetic-advertiser-001,naver,SYNTH-001,2026-06-20,C12,Low Efficiency Legacy,Naver,224832.06,20209,437.0,9.46,637199.71,2.162403,514.489829,2.16476,23766.602016,283.411417,2026-06-20T23:59:59Z
naver-SYNTH-001-2026-06-21-C01,synthetic-advertiser-001,naver,SYNTH-001,2026-06-21,C01,Brand Search Core,Naver,462138.44,76524,4807.0,363.0,4429848.89,6.281689,96.138639,7.551487,1273.108644,958.554521,2026-06-21T23:59:59Z
naver-SYNTH-001-2026-06-21-C02,synthetic-advertiser-001,naver,SYNTH-001,2026-06-21,C02,Brand Search Expansion,Naver,309534.25,42250,2827.0,202.8,2351479.43,6.691124,109.49213,7.173682,1526.303016,759.683111,2026-06-21T23:59:59Z
naver-SYNTH-001-2026-06-21-C03,synthetic-advertiser-001,naver,SYNTH-001,2026-06-21,C03,Generic Search High Intent,Naver,530935.13,60668,3535.0,166.33,4105796.04,5.826795,150.193813,4.705233,3192.058743,773.314065,2026-06-21T23:59:59Z
naver-SYNTH-001-2026-06-21-C04,synthetic-advertiser-001,naver,SYNTH-001,2026-06-21,C04,Generic Search Mid Intent,Naver,452047.85,54567,2246.0,118.02,2910134.5,4.116041,201.267967,5.254675,3830.264822,643.76691,2026-06-21T23:59:59Z
naver-SYNTH-001-2026-06-21-C05,synthetic-advertiser-001,naver,SYNTH-001,2026-06-21,C05,Shopping Best Seller,Naver,668636.63,91634,4713.0,234.82,5531596.05,5.143287,141.870705,4.982389,2847.443296,827.294791,2026-06-21T23:59:59Z
naver-SYNTH-001-2026-06-21-C06,synthetic-advertiser-001,naver,SYNTH-001,2026-06-21,C06,Shopping Long Tail,Naver,354500.49,36903,1586.0,97.31,1851976.47,4.297754,223.518591,6.135561,3643.001597,522.418599,2026-06-21T23:59:59Z
naver-SYNTH-001-2026-06-21-C07,synthetic-advertiser-001,naver,SYNTH-001,2026-06-21,C07,Retargeting,Naver,261368.68,44636,4280.0,443.95,2818890.19,9.588673,61.067448,10.372664,588.734492,1078.511097,2026-06-21T23:59:59Z
naver-SYNTH-001-2026-06-21-C08,synthetic-advertiser-001,naver,SYNTH-001,2026-06-21,C08,Competitor,Naver,287518.48,30624,893.0,32.89,2405650.89,2.916014,321.969177,3.683091,8741.820469,836.694368,2026-06-21T23:59:59Z
naver-SYNTH-001-2026-06-21-C09,synthetic-advertiser-001,naver,SYNTH-001,2026-06-21,C09,Prospecting,Naver,532800.84,55244,1403.0,34.44,4496875.89,2.539642,379.758264,2.45474,15470.407788,844.006901,2026-06-21T23:59:59Z
naver-SYNTH-001-2026-06-21-C10,synthetic-advertiser-001,naver,SYNTH-001,2026-06-21,C10,Seasonal,Naver,370976.16,47747,1900.0,82.99,3312895.5,3.979308,195.250611,4.367895,4470.130877,893.021127,2026-06-21T23:59:59Z
naver-SYNTH-001-2026-06-21-C11,synthetic-advertiser-001,naver,SYNTH-001,2026-06-21,C11,New Product Launch,Naver,577769.97,63312,1546.0,59.09,3830868.17,2.441875,373.719256,3.822122,9777.796065,663.043837,2026-06-21T23:59:59Z
naver-SYNTH-001-2026-06-21-C12,synthetic-advertiser-001,naver,SYNTH-001,2026-06-21,C12,Low Efficiency Legacy,Naver,253818.62,22653,434.0,9.24,684426.74,1.915861,584.835531,2.129032,27469.547661,269.651901,2026-06-21T23:59:59Z
naver-SYNTH-001-2026-06-22-C01,synthetic-advertiser-001,naver,SYNTH-001,2026-06-22,C01,Brand Search Core,Naver,501379.26,72395,5555.0,434.36,4390253.18,7.673182,90.257292,7.819262,1154.294264,875.635185,2026-06-22T23:59:59Z
naver-SYNTH-001-2026-06-22-C02,synthetic-advertiser-001,naver,SYNTH-001,2026-06-22,C02,Brand Search Expansion,Naver,365913.08,58567,3456.0,194.58,2409641.55,5.900934,105.877626,5.630208,1880.527682,658.528406,2026-06-22T23:59:59Z
naver-SYNTH-001-2026-06-22-C03,synthetic-advertiser-001,naver,SYNTH-001,2026-06-22,C03,Generic Search High Intent,Naver,652764.7,80942,3726.0,185.39,5443714.55,4.603296,175.191815,4.975577,3521.035124,833.947446,2026-06-22T23:59:59Z
naver-SYNTH-001-2026-06-22-C04,synthetic-advertiser-001,naver,SYNTH-001,2026-06-22,C04,Generic Search Mid Intent,Naver,532813.84,63073,1962.0,84.75,3339870.61,3.110681,271.566685,4.319572,6286.888914,626.836314,2026-06-22T23:59:59Z
naver-SYNTH-001-2026-06-22-C05,synthetic-advertiser-001,naver,SYNTH-001,2026-06-22,C05,Shopping Best Seller,Naver,612435.04,80592,4858.0,263.61,5275884.13,6.027894,126.06732,5.426307,2323.261782,861.460204,2026-06-22T23:59:59Z
naver-SYNTH-001-2026-06-22-C06,synthetic-advertiser-001,naver,SYNTH-001,2026-06-22,C06,Shopping Long Tail,Naver,437754.74,47290,1887.0,85.75,2522450.11,3.990273,231.984493,4.54425,5105.011526,576.224514,2026-06-22T23:59:59Z
naver-SYNTH-001-2026-06-22-C07,synthetic-advertiser-001,naver,SYNTH-001,2026-06-22,C07,Retargeting,Naver,276924.82,46721,3543.0,346.61,3054746.33,7.583314,78.161111,9.782952,798.952183,1103.095915,2026-06-22T23:59:59Z
naver-SYNTH-001-2026-06-22-C08,synthetic-advertiser-001,naver,SYNTH-001,2026-06-22,C08,Competitor,Naver,304665.89,31208,949.0,31.36,1523382.0,3.040887,321.038876,3.304531,9715.111399,500.017244,2026-06-22T23:59:59Z
naver-SYNTH-001-2026-06-22-C09,synthetic-advertiser-001,naver,SYNTH-001,2026-06-22,C09,Prospecting,Naver,592119.81,57968,1532.0,46.24,3960768.39,2.642837,386.501182,3.018277,12805.359231,668.913338,2026-06-22T23:59:59Z
naver-SYNTH-001-2026-06-22-C10,synthetic-advertiser-001,naver,SYNTH-001,2026-06-22,C10,Seasonal,Naver,466547.76,59647,2980.0,165.02,4088135.1,4.99606,156.559651,5.537584,2827.21948,876.252221,2026-06-22T23:59:59Z
naver-SYNTH-001-2026-06-22-C11,synthetic-advertiser-001,naver,SYNTH-001,2026-06-22,C11,New Product Launch,Naver,561294.59,64813,2310.0,94.08,4323483.36,3.5641,242.984672,4.072727,5966.141496,770.269912,2026-06-22T23:59:59Z
naver-SYNTH-001-2026-06-22-C12,synthetic-advertiser-001,naver,SYNTH-001,2026-06-22,C12,Low Efficiency Legacy,Naver,315822.52,29673,710.0,0.0,741399.54,2.392748,444.820452,0.0,0,234.751955,2026-06-22T23:59:59Z
naver-SYNTH-001-2026-06-23-C01,synthetic-advertiser-001,naver,SYNTH-001,2026-06-23,C01,Brand Search Core,Naver,530593.74,90640,6107.0,503.26,4032671.77,6.737643,86.882878,8.240707,1054.31335,760.030036,2026-06-23T23:59:59Z
naver-SYNTH-001-2026-06-23-C02,synthetic-advertiser-001,naver,SYNTH-001,2026-06-23,C02,Brand Search Expansion,Naver,335176.94,48498,3175.0,230.54,2401688.41,6.546662,105.56754,7.261102,1453.87759,716.54345,2026-06-23T23:59:59Z
naver-SYNTH-001-2026-06-23-C03,synthetic-advertiser-001,naver,SYNTH-001,2026-06-23,C03,Generic Search High Intent,Naver,645540.57,83006,4337.0,267.11,5064806.13,5.224923,148.844954,6.158866,2416.759258,784.583712,2026-06-23T23:59:59Z
naver-SYNTH-001-2026-06-23-C04,synthetic-advertiser-001,naver,SYNTH-001,2026-06-23,C04,Generic Search Mid Intent,Naver,423991.6,51208,2117.0,80.38,2415884.01,4.13412,200.279451,3.796882,5274.839492,569.795255,2026-06-23T23:59:59Z
naver-SYNTH-001-2026-06-23-C05,synthetic-advertiser-001,naver,SYNTH-001,2026-06-23,C05,Shopping Best Seller,Naver,774104.77,99877,5528.0,296.54,6386130.1,5.534808,140.033424,5.364327,2610.456492,824.969741,2026-06-23T23:59:59Z
naver-SYNTH-001-2026-06-23-C06,synthetic-advertiser-001,naver,SYNTH-001,2026-06-23,C06,Shopping Long Tail,Naver,439765.03,52334,2019.0,107.5,2278102.15,3.857913,217.813288,5.324418,4090.837472,518.027129,2026-06-23T23:59:59Z
naver-SYNTH-001-2026-06-23-C07,synthetic-advertiser-001,naver,SYNTH-001,2026-06-23,C07,Retargeting,Naver,298161.38,51724,4175.0,425.66,2903009.8,8.071688,71.415898,10.195449,700.468391,973.637111,2026-06-23T23:59:59Z
naver-SYNTH-001-2026-06-23-C08,synthetic-advertiser-001,naver,SYNTH-001,2026-06-23,C08,Competitor,Naver,340405.04,34311,1223.0,36.83,2185178.68,3.564455,278.336091,3.011447,9242.602201,641.934881,2026-06-23T23:59:59Z
naver-SYNTH-001-2026-06-23-C09,synthetic-advertiser-001,naver,SYNTH-001,2026-06-23,C09,Prospecting,Naver,596603.55,60693,1503.0,46.36,3835408.16,2.476398,396.941815,3.084498,12868.928981,642.873844,2026-06-23T23:59:59Z
naver-SYNTH-001-2026-06-23-C10,synthetic-advertiser-001,naver,SYNTH-001,2026-06-23,C10,Seasonal,Naver,457379.35,50599,2252.0,99.47,3601999.16,4.450681,203.099177,4.416963,4598.163735,787.529912,2026-06-23T23:59:59Z
naver-SYNTH-001-2026-06-23-C11,synthetic-advertiser-001,naver,SYNTH-001,2026-06-23,C11,New Product Launch,Naver,565847.64,60977,1663.0,63.69,3918839.75,2.727258,340.257148,3.829826,8884.40317,692.560946,2026-06-23T23:59:59Z
naver-SYNTH-001-2026-06-23-C12,synthetic-advertiser-001,naver,SYNTH-001,2026-06-23,C12,Low Efficiency Legacy,Naver,317296.51,31631,593.0,12.91,805958.99,1.874743,535.070001,2.177066,24577.576356,254.008147,2026-06-23T23:59:59Z
naver-SYNTH-001-2026-06-24-C01,synthetic-advertiser-001,naver,SYNTH-001,2026-06-24,C01,Brand Search Core,Naver,503225.43,70847,5850.0,479.77,4412017.56,8.25723,86.021441,8.201197,1048.888902,876.747738,2026-06-24T23:59:59Z
naver-SYNTH-001-2026-06-24-C02,synthetic-advertiser-001,naver,SYNTH-001,2026-06-24,C02,Brand Search Expansion,Naver,375688.23,53655,3269.0,219.14,2512602.37,6.092629,114.924513,6.703579,1714.375429,668.79986,2026-06-24T23:59:59Z
naver-SYNTH-001-2026-06-24-C03,synthetic-advertiser-001,naver,SYNTH-001,2026-06-24,C03,Generic Search High Intent,Naver,628691.22,74819,3805.0,163.45,5245209.34,5.085607,165.227654,4.295664,3846.38253,834.306116,2026-06-24T23:59:59Z
naver-SYNTH-001-2026-06-24-C04,synthetic-advertiser-001,naver,SYNTH-001,2026-06-24,C04,Generic Search Mid Intent,Naver,532394.44,59787,1998.0,68.93,3115317.84,3.341864,266.463684,3.44995,7723.697082,585.152212,2026-06-24T23:59:59Z
naver-SYNTH-001-2026-06-24-C05,synthetic-advertiser-001,naver,SYNTH-001,2026-06-24,C05,Shopping Best Seller,Naver,610660.16,83800,4081.0,234.19,5902372.91,4.869928,149.634934,5.738544,2607.541585,966.556075,2026-06-24T23:59:59Z
naver-SYNTH-001-2026-06-24-C06,synthetic-advertiser-001,naver,SYNTH-001,2026-06-24,C06,Shopping Long Tail,Naver,384831.57,44723,1650.0,74.46,2667245.69,3.689377,233.231256,4.512727,5168.299384,693.0943,2026-06-24T23:59:59Z
naver-SYNTH-001-2026-06-24-C07,synthetic-advertiser-001,naver,SYNTH-001,2026-06-24,C07,Retargeting,Naver,290517.14,52508,4650.0,486.55,3197854.12,8.855793,62.476804,10.463441,597.096168,1100.745419,2026-06-24T23:59:59Z
naver-SYNTH-001-2026-06-24-C08,synthetic-advertiser-001,naver,SYNTH-001,2026-06-24,C08,Competitor,Naver,337705.34,33697,1081.0,33.52,1852400.82,3.208001,312.400871,3.100833,10074.741678,548.52577,2026-06-24T23:59:59Z
naver-SYNTH-001-2026-06-24-C09,synthetic-advertiser-001,naver,SYNTH-001,2026-06-24,C09,Prospecting,Naver,589221.28,59600,1658.0,48.07,5241174.92,2.781879,355.380746,2.899276,12257.567648,889.508768,2026-06-24T23:59:59Z
naver-SYNTH-001-2026-06-24-C10,synthetic-advertiser-001,naver,SYNTH-001,2026-06-24,C10,Seasonal,Naver,469124.5,69449,3939.0,172.38,4225043.57,5.671788,119.09736,4.376238,2721.455509,900.62309,2026-06-24T23:59:59Z
naver-SYNTH-001-2026-06-24-C11,synthetic-advertiser-001,naver,SYNTH-001,2026-06-24,C11,New Product Launch,Naver,626533.4,67362,1936.0,69.1,5585731.32,2.874024,323.622621,3.569215,9067.053475,891.529703,2026-06-24T23:59:59Z
naver-SYNTH-001-2026-06-24-C12,synthetic-advertiser-001,naver,SYNTH-001,2026-06-24,C12,Low Efficiency Legacy,Naver,339741.01,32463,686.0,14.97,814064.34,2.113175,495.249282,2.182216,22694.790054,239.613213,2026-06-24T23:59:59Z
naver-SYNTH-001-2026-06-25-C01,synthetic-advertiser-001,naver,SYNTH-001,2026-06-25,C01,Brand Search Core,Naver,478970.03,73095,5519.0,424.66,4146807.67,7.550448,86.785654,7.69451,1127.890607,865.77603,2026-06-25T23:59:59Z
naver-SYNTH-001-2026-06-25-C02,synthetic-advertiser-001,naver,SYNTH-001,2026-06-25,C02,Brand Search Expansion,Naver,348877.74,47678,3064.0,202.05,2320640.25,6.426444,113.863491,6.594321,1726.690103,665.172928,2026-06-25T23:59:59Z
naver-SYNTH-001-2026-06-25-C03,synthetic-advertiser-001,naver,SYNTH-001,2026-06-25,C03,Generic Search High Intent,Naver,543750.44,73013,3875.0,137.73,4174989.67,5.307274,140.322694,3.554323,3947.944819,767.813572,2026-06-25T23:59:59Z
naver-SYNTH-001-2026-06-25-C04,synthetic-advertiser-001,naver,SYNTH-001,2026-06-25,C04,Generic Search Mid Intent,Naver,513405.96,61649,2159.0,87.67,3031296.62,3.502084,237.798038,4.060676,5856.119121,590.428791,2026-06-25T23:59:59Z
naver-SYNTH-001-2026-06-25-C05,synthetic-advertiser-001,naver,SYNTH-001,2026-06-25,C05,Shopping Best Seller,Naver,685714.49,93200,4939.0,292.09,5359031.0,5.299356,138.836706,5.91395,2347.613725,781.525118,2026-06-25T23:59:59Z
naver-SYNTH-001-2026-06-25-C06,synthetic-advertiser-001,naver,SYNTH-001,2026-06-25,C06,Shopping Long Tail,Naver,419589.2,43155,1703.0,86.51,2000566.82,3.94624,246.382385,5.079859,4850.181496,476.791779,2026-06-25T23:59:59Z
naver-SYNTH-001-2026-06-25-C07,synthetic-advertiser-001,naver,SYNTH-001,2026-06-25,C07,Retargeting,Naver,233256.77,39809,3397.0,349.24,2869614.52,8.533246,68.66552,10.280836,667.898215,1230.238455,2026-06-25T23:59:59Z
naver-SYNTH-001-2026-06-25-C08,synthetic-advertiser-001,naver,SYNTH-001,2026-06-25,C08,Competitor,Naver,350464.36,34771,1201.0,41.47,2626110.58,3.454028,291.810461,3.452956,8451.033603,749.323143,2026-06-25T23:59:59Z
naver-SYNTH-001-2026-06-25-C09,synthetic-advertiser-001,naver,SYNTH-001,2026-06-25,C09,Prospecting,Naver,620748.76,66261,1964.0,48.86,4833595.67,2.964036,316.063526,2.48778,12704.641101,778.671815,2026-06-25T23:59:59Z
naver-SYNTH-001-2026-06-25-C10,synthetic-advertiser-001,naver,SYNTH-001,2026-06-25,C10,Seasonal,Naver,512069.34,66180,2936.0,126.25,4509312.37,4.436386,174.410539,4.300068,4055.994797,880.605807,2026-06-25T23:59:59Z
naver-SYNTH-001-2026-06-25-C11,synthetic-advertiser-001,naver,SYNTH-001,2026-06-25,C11,New Product Launch,Naver,589071.3,64081,2204.0,77.8,3977838.17,3.439397,267.27373,3.529946,7571.610561,675.272783,2026-06-25T23:59:59Z
naver-SYNTH-001-2026-06-25-C12,synthetic-advertiser-001,naver,SYNTH-001,2026-06-25,C12,Low Efficiency Legacy,Naver,312318.48,27590,458.0,7.54,837015.25,1.660022,681.918073,1.646288,41421.548739,268.000553,2026-06-25T23:59:59Z
naver-SYNTH-001-2026-06-26-C01,synthetic-advertiser-001,naver,SYNTH-001,2026-06-26,C01,Brand Search Core,Naver,520197.6,88042,6057.0,482.08,4219880.61,6.879671,85.883705,7.959056,1079.069033,811.207245,2026-06-26T23:59:59Z
naver-SYNTH-001-2026-06-26-C02,synthetic-advertiser-001,naver,SYNTH-001,2026-06-26,C02,Brand Search Expansion,Naver,338891.5,48291,3155.0,223.74,2447145.08,6.533308,107.414103,7.091601,1514.666558,722.10283,2026-06-26T23:59:59Z
naver-SYNTH-001-2026-06-26-C03,synthetic-advertiser-001,naver,SYNTH-001,2026-06-26,C03,Generic Search High Intent,Naver,564844.23,70613,2930.0,169.95,5825572.94,4.149378,192.7796,5.800341,3323.590629,1031.359206,2026-06-26T23:59:59Z
naver-SYNTH-001-2026-06-26-C04,synthetic-advertiser-001,naver,SYNTH-001,2026-06-26,C04,Generic Search Mid Intent,Naver,537108.0,68764,2591.0,122.0,3159283.96,3.76796,207.29757,4.708607,4402.524622,588.202734,2026-06-26T23:59:59Z
naver-SYNTH-001-2026-06-26-C05,synthetic-advertiser-001,naver,SYNTH-001,2026-06-26,C05,Shopping Best Seller,Naver,685820.01,85156,4959.0,327.93,6604685.06,5.82343,138.298047,6.612825,2091.361004,963.034751,2026-06-26T23:59:59Z
naver-SYNTH-001-2026-06-26-C06,synthetic-advertiser-001,naver,SYNTH-001,2026-06-26,C06,Shopping Long Tail,Naver,383320.15,42086,1643.0,85.57,2549964.95,3.903911,233.305022,5.208156,4479.609113,665.231123,2026-06-26T23:59:59Z
naver-SYNTH-001-2026-06-26-C07,synthetic-advertiser-001,naver,SYNTH-001,2026-06-26,C07,Retargeting,Naver,242624.94,43252,3607.0,391.01,2740177.03,8.339499,67.265023,10.840311,620.508269,1129.388039,2026-06-26T23:59:59Z
naver-SYNTH-001-2026-06-26-C08,synthetic-advertiser-001,naver,SYNTH-001,2026-06-26,C08,Competitor,Naver,350688.26,35727,1407.0,40.85,2402944.86,3.938198,249.245384,2.90334,8584.77981,685.208251,2026-06-26T23:59:59Z
naver-SYNTH-001-2026-06-26-C09,synthetic-advertiser-001,naver,SYNTH-001,2026-06-26,C09,Prospecting,Naver,605759.52,59959,1532.0,36.3,3379014.56,2.555079,395.404386,2.369452,16687.590053,557.814521,2026-06-26T23:59:59Z
naver-SYNTH-001-2026-06-26-C10,synthetic-advertiser-001,naver,SYNTH-001,2026-06-26,C10,Seasonal,Naver,437907.93,56999,2486.0,139.34,4099358.21,4.36148,176.14961,5.604988,3142.729519,936.123308,2026-06-26T23:59:59Z
naver-SYNTH-001-2026-06-26-C11,synthetic-advertiser-001,naver,SYNTH-001,2026-06-26,C11,New Product Launch,Naver,573606.93,63346,2811.0,124.93,4213875.05,4.437534,204.057962,4.444326,4591.42666,734.627635,2026-06-26T23:59:59Z
naver-SYNTH-001-2026-06-26-C12,synthetic-advertiser-001,naver,SYNTH-001,2026-06-26,C12,Low Efficiency Legacy,Naver,292669.56,26809,571.0,11.51,726065.55,2.129882,512.556148,2.015762,25427.416189,248.083724,2026-06-26T23:59:59Z
naver-SYNTH-001-2026-06-27-C01,synthetic-advertiser-001,naver,SYNTH-001,2026-06-27,C01,Brand Search Core,Naver,418490.57,64805,4637.0,381.06,4010564.11,7.155312,90.250284,8.217813,1098.227494,958.340381,2026-06-27T23:59:59Z
naver-SYNTH-001-2026-06-27-C02,synthetic-advertiser-001,naver,SYNTH-001,2026-06-27,C02,Brand Search Expansion,Naver,285766.15,43694,2868.0,193.17,2112208.05,6.56383,99.639521,6.735356,1479.350554,739.138656,2026-06-27T23:59:59Z
naver-SYNTH-001-2026-06-27-C03,synthetic-advertiser-001,naver,SYNTH-001,2026-06-27,C03,Generic Search High Intent,Naver,528854.34,67100,3763.0,241.43,4680436.33,5.608048,140.540617,6.415892,2190.507974,885.014261,2026-06-27T23:59:59Z
naver-SYNTH-001-2026-06-27-C04,synthetic-advertiser-001,naver,SYNTH-001,2026-06-27,C04,Generic Search Mid Intent,Naver,475256.82,55393,2553.0,135.15,3084979.14,4.608886,186.156216,5.293772,3516.513656,649.11833,2026-06-27T23:59:59Z
naver-SYNTH-001-2026-06-27-C05,synthetic-advertiser-001,naver,SYNTH-001,2026-06-27,C05,Shopping Best Seller,Naver,540380.58,73471,4372.0,230.62,6090592.54,5.950647,123.600316,5.274931,2343.164436,1127.093153,2026-06-27T23:59:59Z
naver-SYNTH-001-2026-06-27-C06,synthetic-advertiser-001,naver,SYNTH-001,2026-06-27,C06,Shopping Long Tail,Naver,381636.49,42353,1910.0,79.95,2427922.53,4.509716,199.809679,4.185864,4773.439488,636.187213,2026-06-27T23:59:59Z
naver-SYNTH-001-2026-06-27-C07,synthetic-advertiser-001,naver,SYNTH-001,2026-06-27,C07,Retargeting,Naver,252618.7,41686,3688.0,359.73,2938500.66,8.847095,68.497477,9.754067,702.245283,1163.215832,2026-06-27T23:59:59Z
naver-SYNTH-001-2026-06-27-C08,synthetic-advertiser-001,naver,SYNTH-001,2026-06-27,C08,Competitor,Naver,322625.55,35366,1336.0,48.09,1790537.09,3.77764,241.486187,3.599551,6708.786577,554.989245,2026-06-27T23:59:59Z
naver-SYNTH-001-2026-06-27-C09,synthetic-advertiser-001,naver,SYNTH-001,2026-06-27,C09,Prospecting,Naver,573989.76,56192,1236.0,43.76,5309736.91,2.199601,464.393011,3.540453,13116.767861,925.057774,2026-06-27T23:59:59Z
naver-SYNTH-001-2026-06-27-C10,synthetic-advertiser-001,naver,SYNTH-001,2026-06-27,C10,Seasonal,Naver,457884.19,59057,2398.0,140.56,4079033.04,4.060484,190.944198,5.861551,3257.571051,890.843832,2026-06-27T23:59:59Z
naver-SYNTH-001-2026-06-27-C11,synthetic-advertiser-001,naver,SYNTH-001,2026-06-27,C11,New Product Launch,Naver,620145.06,72417,2909.0,95.08,5191976.35,4.017013,213.181526,3.268477,6522.350233,837.219658,2026-06-27T23:59:59Z
naver-SYNTH-001-2026-06-27-C12,synthetic-advertiser-001,naver,SYNTH-001,2026-06-27,C12,Low Efficiency Legacy,Naver,222813.39,21282,343.0,6.55,678344.79,1.611691,649.60173,1.909621,34017.311944,304.445248,2026-06-27T23:59:59Z
naver-SYNTH-001-2026-06-28-C01,synthetic-advertiser-001,naver,SYNTH-001,2026-06-28,C01,Brand Search Core,Naver,389172.7,55100,3669.0,304.69,4239555.89,6.658802,106.07051,8.304443,1277.274277,1089.37649,2026-06-28T23:59:59Z
naver-SYNTH-001-2026-06-28-C02,synthetic-advertiser-001,naver,SYNTH-001,2026-06-28,C02,Brand Search Expansion,Naver,285048.75,40232,2443.0,162.52,2175394.4,6.072281,116.6798,6.652476,1753.930301,763.165732,2026-06-28T23:59:59Z
naver-SYNTH-001-2026-06-28-C03,synthetic-advertiser-001,naver,SYNTH-001,2026-06-28,C03,Generic Search High Intent,Naver,587227.96,70042,2921.0,107.4,4738733.28,4.170355,201.036618,3.676823,5467.671891,806.96656,2026-06-28T23:59:59Z
naver-SYNTH-001-2026-06-28-C04,synthetic-advertiser-001,naver,SYNTH-001,2026-06-28,C04,Generic Search Mid Intent,Naver,383225.64,45181,1784.0,77.04,2664872.32,3.948562,214.812579,4.318386,4974.372283,695.379441,2026-06-28T23:59:59Z
naver-SYNTH-001-2026-06-28-C05,synthetic-advertiser-001,naver,SYNTH-001,2026-06-28,C05,Shopping Best Seller,Naver,665794.33,91972,4330.0,245.78,6146393.13,4.707955,153.763124,5.676212,2708.903598,923.166943,2026-06-28T23:59:59Z
naver-SYNTH-001-2026-06-28-C06,synthetic-advertiser-001,naver,SYNTH-001,2026-06-28,C06,Shopping Long Tail,Naver,371913.72,42048,1367.0,55.28,2200476.17,3.251046,272.065631,4.043892,6727.816888,591.663083,2026-06-28T23:59:59Z
naver-SYNTH-001-2026-06-28-C07,synthetic-advertiser-001,naver,SYNTH-001,2026-06-28,C07,Retargeting,Naver,228415.09,35425,2839.0,295.51,2674803.47,8.014114,80.456177,10.408947,772.952135,1171.027502,2026-06-28T23:59:59Z
naver-SYNTH-001-2026-06-28-C08,synthetic-advertiser-001,naver,SYNTH-001,2026-06-28,C08,Competitor,Naver,297334.45,34141,1218.0,50.52,1815968.84,3.567558,244.116954,4.147783,5885.480016,610.749557,2026-06-28T23:59:59Z
naver-SYNTH-001-2026-06-28-C09,synthetic-advertiser-001,naver,SYNTH-001,2026-06-28,C09,Prospecting,Naver,692464.18,70614,2044.0,55.99,4140133.14,2.89461,338.778953,2.739237,12367.640302,597.884087,2026-06-28T23:59:59Z
naver-SYNTH-001-2026-06-28-C10,synthetic-advertiser-001,naver,SYNTH-001,2026-06-28,C10,Seasonal,Naver,410853.21,52418,2403.0,128.66,3807385.31,4.584303,170.975117,5.354141,3193.325092,926.702105,2026-06-28T23:59:59Z
naver-SYNTH-001-2026-06-28-C11,synthetic-advertiser-001,naver,SYNTH-001,2026-06-28,C11,New Product Launch,Naver,601295.59,71078,2586.0,78.25,4098107.56,3.638257,232.519563,3.025909,7684.288687,681.546253,2026-06-28T23:59:59Z
naver-SYNTH-001-2026-06-28-C12,synthetic-advertiser-001,naver,SYNTH-001,2026-06-28,C12,Low Efficiency Legacy,Naver,282505.64,27615,535.0,11.81,728823.89,1.937353,528.047926,2.207477,23920.884052,257.985606,2026-06-28T23:59:59Z
naver-SYNTH-001-2026-06-29-C01,synthetic-advertiser-001,naver,SYNTH-001,2026-06-29,C01,Brand Search Core,Naver,457948.19,63617,4913.0,418.98,4525849.32,7.722779,93.211518,8.527987,1093.00727,988.288513,2026-06-29T23:59:59Z
naver-SYNTH-001-2026-06-29-C02,synthetic-advertiser-001,naver,SYNTH-001,2026-06-29,C02,Brand Search Expansion,Naver,378105.53,53424,3355.0,207.95,2557575.21,6.279949,112.699115,6.198212,1818.252128,676.418356,2026-06-29T23:59:59Z
naver-SYNTH-001-2026-06-29-C03,synthetic-advertiser-001,naver,SYNTH-001,2026-06-29,C03,Generic Search High Intent,Naver,652141.2,78620,3883.0,136.36,4998663.6,4.938947,167.947773,3.511718,4782.496366,766.500194,2026-06-29T23:59:59Z
naver-SYNTH-001-2026-06-29-C04,synthetic-advertiser-001,naver,SYNTH-001,2026-06-29,C04,Generic Search Mid Intent,Naver,475710.34,63432,1828.0,85.14,3303335.18,2.881826,260.235418,4.657549,5587.389529,694.400536,2026-06-29T23:59:59Z
naver-SYNTH-001-2026-06-29-C05,synthetic-advertiser-001,naver,SYNTH-001,2026-06-29,C05,Shopping Best Seller,Naver,744985.65,90760,5488.0,377.4,6638424.46,6.046717,135.748113,6.876822,1973.994822,891.080855,2026-06-29T23:59:59Z
naver-SYNTH-001-2026-06-29-C06,synthetic-advertiser-001,naver,SYNTH-001,2026-06-29,C06,Shopping Long Tail,Naver,432858.69,51556,1736.0,99.15,2396298.25,3.367212,249.342563,5.711406,4365.695296,553.598279,2026-06-29T23:59:59Z
naver-SYNTH-001-2026-06-29-C07,synthetic-advertiser-001,naver,SYNTH-001,2026-06-29,C07,Retargeting,Naver,290819.87,52725,4082.0,412.29,3113153.54,7.742058,71.244456,10.100196,705.376965,1070.474844,2026-06-29T23:59:59Z
naver-SYNTH-001-2026-06-29-C08,synthetic-advertiser-001,naver,SYNTH-001,2026-06-29,C08,Competitor,Naver,379875.09,38033,1259.0,44.83,2052629.24,3.310283,301.727629,3.560763,8473.680246,540.343212,2026-06-29T23:59:59Z
naver-SYNTH-001-2026-06-29-C09,synthetic-advertiser-001,naver,SYNTH-001,2026-06-29,C09,Prospecting,Naver,736077.82,73765,1746.0,39.41,6300651.24,2.366976,421.579509,2.257159,18677.437791,855.976235,2026-06-29T23:59:59Z
naver-SYNTH-001-2026-06-29-C10,synthetic-advertiser-001,naver,SYNTH-001,2026-06-29,C10,Seasonal,Naver,559472.65,69030,3263.0,0.0,4698104.16,4.72693,171.459593,0.0,0,839.737945,2026-06-29T23:59:59Z
naver-SYNTH-001-2026-06-29-C11,synthetic-advertiser-001,naver,SYNTH-001,2026-06-29,C11,New Product Launch,Naver,671734.27,70770,2563.0,108.27,4459069.16,3.621591,262.089062,4.224346,6204.251102,663.814454,2026-06-29T23:59:59Z
naver-SYNTH-001-2026-06-29-C12,synthetic-advertiser-001,naver,SYNTH-001,2026-06-29,C12,Low Efficiency Legacy,Naver,294086.13,25362,617.0,11.77,773242.88,2.432773,476.638778,1.907618,24986.076955,262.93076,2026-06-29T23:59:59Z
naver-SYNTH-001-2026-06-30-C01,synthetic-advertiser-001,naver,SYNTH-001,2026-06-30,C01,Brand Search Core,Naver,491741.58,72190,5119.0,402.62,4161698.5,7.09101,96.06204,7.865208,1221.354087,846.318198,2026-06-30T23:59:59Z
naver-SYNTH-001-2026-06-30-C02,synthetic-advertiser-001,naver,SYNTH-001,2026-06-30,C02,Brand Search Expansion,Naver,361854.21,51812,2975.0,183.44,2565697.12,5.741913,121.631667,6.16605,1972.602541,709.041667,2026-06-30T23:59:59Z
naver-SYNTH-001-2026-06-30-C03,synthetic-advertiser-001,naver,SYNTH-001,2026-06-30,C03,Generic Search High Intent,Naver,608977.57,72688,3403.0,147.67,4550858.31,4.681653,178.953149,4.339406,4123.908479,747.294904,2026-06-30T23:59:59Z
naver-SYNTH-001-2026-06-30-C04,synthetic-advertiser-001,naver,SYNTH-001,2026-06-30,C04,Generic Search Mid Intent,Naver,478098.76,54158,2012.0,89.48,3180804.99,3.715056,237.623637,4.447316,5343.079545,665.302918,2026-06-30T23:59:59Z
naver-SYNTH-001-2026-06-30-C05,synthetic-advertiser-001,naver,SYNTH-001,2026-06-30,C05,Shopping Best Seller,Naver,738907.74,107409,6338.0,434.16,6258585.95,5.900809,116.58374,6.85011,1701.924961,847.005059,2026-06-30T23:59:59Z
naver-SYNTH-001-2026-06-30-C06,synthetic-advertiser-001,naver,SYNTH-001,2026-06-30,C06,Shopping Long Tail,Naver,408370.39,43193,1800.0,99.49,2266681.15,4.167342,226.87244,5.527222,4104.637565,555.055213,2026-06-30T23:59:59Z
naver-SYNTH-001-2026-06-30-C07,synthetic-advertiser-001,naver,SYNTH-001,2026-06-30,C07,Retargeting,Naver,259823.65,44576,4049.0,429.12,3056933.99,9.083363,64.169832,10.598172,605.48017,1176.541851,2026-06-30T23:59:59Z
naver-SYNTH-001-2026-06-30-C08,synthetic-advertiser-001,naver,SYNTH-001,2026-06-30,C08,Competitor,Naver,367242.7,42459,1659.0,56.19,2296344.27,3.907299,221.363894,3.38698,6535.730554,625.293373,2026-06-30T23:59:59Z
naver-SYNTH-001-2026-06-30-C09,synthetic-advertiser-001,naver,SYNTH-001,2026-06-30,C09,Prospecting,Naver,723174.0,73408,2013.0,54.5,3443191.14,2.742208,359.251864,2.707402,13269.247742,476.122085,2026-06-30T23:59:59Z
naver-SYNTH-001-2026-06-30-C10,synthetic-advertiser-001,naver,SYNTH-001,2026-06-30,C10,Seasonal,Naver,543891.0,71149,3157.0,185.09,3209512.57,4.437167,172.280963,5.862844,2938.521796,590.102167,2026-06-30T23:59:59Z
naver-SYNTH-001-2026-06-30-C11,synthetic-advertiser-001,naver,SYNTH-001,2026-06-30,C11,New Product Launch,Naver,663265.81,69530,2663.0,113.64,5018579.31,3.830001,249.067145,4.267368,5836.552324,756.646772,2026-06-30T23:59:59Z
naver-SYNTH-001-2026-06-30-C12,synthetic-advertiser-001,naver,SYNTH-001,2026-06-30,C12,Low Efficiency Legacy,Naver,293764.65,30843,761.0,16.19,774299.03,2.467335,386.024505,2.127464,18144.820783,263.578017,2026-06-30T23:59:59Z
naver-SYNTH-001-2026-07-01-C01,synthetic-advertiser-001,naver,SYNTH-001,2026-07-01,C01,Brand Search Core,Naver,559373.92,97457,7886.0,594.32,4636843.55,8.091774,70.932528,7.536394,941.199884,828.934533,2026-07-01T23:59:59Z
naver-SYNTH-001-2026-07-01-C02,synthetic-advertiser-001,naver,SYNTH-001,2026-07-01,C02,Brand Search Expansion,Naver,340214.19,44271,2761.0,194.36,2453516.34,6.236588,123.221366,7.039478,1750.43317,721.168138,2026-07-01T23:59:59Z
naver-SYNTH-001-2026-07-01-C03,synthetic-advertiser-001,naver,SYNTH-001,2026-07-01,C03,Generic Search High Intent,Naver,627056.15,82430,4787.0,250.25,4657589.2,5.807352,130.991467,5.2277,2505.718882,742.770675,2026-07-01T23:59:59Z
naver-SYNTH-001-2026-07-01-C04,synthetic-advertiser-001,naver,SYNTH-001,2026-07-01,C04,Generic Search Mid Intent,Naver,556567.52,63005,2377.0,136.6,3216506.69,3.772716,234.147043,5.74674,4074.432803,577.918504,2026-07-01T23:59:59Z
naver-SYNTH-001-2026-07-01-C05,synthetic-advertiser-001,naver,SYNTH-001,2026-07-01,C05,Shopping Best Seller,Naver,592228.77,84341,5194.0,359.54,5960100.86,6.158333,114.021712,6.922218,1647.184654,1006.38489,2026-07-01T23:59:59Z
naver-SYNTH-001-2026-07-01-C06,synthetic-advertiser-001,naver,SYNTH-001,2026-07-01,C06,Shopping Long Tail,Naver,403406.94,41372,1681.0,91.36,2545335.6,4.063134,239.980335,5.43486,4415.575126,630.95979,2026-07-01T23:59:59Z
naver-SYNTH-001-2026-07-01-C07,synthetic-advertiser-001,naver,SYNTH-001,2026-07-01,C07,Retargeting,Naver,328400.17,52865,5145.0,571.41,3149649.45,9.732337,63.828993,11.106122,574.718972,959.088866,2026-07-01T23:59:59Z
naver-SYNTH-001-2026-07-01-C08,synthetic-advertiser-001,naver,SYNTH-001,2026-07-01,C08,Competitor,Naver,349511.36,38688,1347.0,42.36,2102341.0,3.4817,259.473915,3.144766,8250.976486,601.508625,2026-07-01T23:59:59Z
naver-SYNTH-001-2026-07-01-C09,synthetic-advertiser-001,naver,SYNTH-001,2026-07-01,C09,Prospecting,Naver,582187.1,58421,1591.0,37.22,5097906.1,2.723336,365.925267,2.339409,15641.781298,875.647382,2026-07-01T23:59:59Z
naver-SYNTH-001-2026-07-01-C10,synthetic-advertiser-001,naver,SYNTH-001,2026-07-01,C10,Seasonal,Naver,499880.75,62066,3014.0,152.54,5851421.47,4.856121,165.852937,5.061048,3277.047014,1170.56347,2026-07-01T23:59:59Z
naver-SYNTH-001-2026-07-01-C11,synthetic-advertiser-001,naver,SYNTH-001,2026-07-01,C11,New Product Launch,Naver,656938.87,68534,2223.0,70.17,4978710.92,3.243645,295.51906,3.156545,9362.104481,757.865174,2026-07-01T23:59:59Z
naver-SYNTH-001-2026-07-01-C12,synthetic-advertiser-001,naver,SYNTH-001,2026-07-01,C12,Low Efficiency Legacy,Naver,327746.9,28779,743.0,13.93,872704.86,2.581744,441.112922,1.874832,23528.133593,266.274022,2026-07-01T23:59:59Z
naver-SYNTH-001-2026-07-02-C01,synthetic-advertiser-001,naver,SYNTH-001,2026-07-02,C01,Brand Search Core,Naver,516732.84,83158,6613.0,511.03,4635830.99,7.952332,78.138945,7.727658,1011.159508,897.142702,2026-07-02T23:59:59Z
naver-SYNTH-001-2026-07-02-C02,synthetic-advertiser-001,naver,SYNTH-001,2026-07-02,C02,Brand Search Expansion,Naver,333848.72,51438,3252.0,250.98,2290138.86,6.322174,102.659509,7.717712,1330.180587,685.981015,2026-07-02T23:59:59Z
naver-SYNTH-001-2026-07-02-C03,synthetic-advertiser-001,naver,SYNTH-001,2026-07-02,C03,Generic Search High Intent,Naver,574602.41,74309,2976.0,148.49,5325826.91,4.004898,193.078766,4.989583,3869.637062,926.871667,2026-07-02T23:59:59Z
naver-SYNTH-001-2026-07-02-C04,synthetic-advertiser-001,naver,SYNTH-001,2026-07-02,C04,Generic Search Mid Intent,Naver,433260.6,48677,1479.0,61.09,2712186.92,3.038396,292.941583,4.130494,7092.16894,625.994359,2026-07-02T23:59:59Z
naver-SYNTH-001-2026-07-02-C05,synthetic-advertiser-001,naver,SYNTH-001,2026-07-02,C05,Shopping Best Seller,Naver,708553.93,96414,5697.0,410.04,6587644.5,5.908893,124.373167,7.197472,1728.011739,929.730848,2026-07-02T23:59:59Z
naver-SYNTH-001-2026-07-02-C06,synthetic-advertiser-001,naver,SYNTH-001,2026-07-02,C06,Shopping Long Tail,Naver,459143.18,55966,1904.0,79.16,2495408.1,3.402066,241.14663,4.157563,5800.1918,543.492356,2026-07-02T23:59:59Z
naver-SYNTH-001-2026-07-02-C07,synthetic-advertiser-001,naver,SYNTH-001,2026-07-02,C07,Retargeting,Naver,261368.42,44802,2913.0,282.28,2932191.11,6.501942,89.724826,9.690354,925.919015,1121.861285,2026-07-02T23:59:59Z
naver-SYNTH-001-2026-07-02-C08,synthetic-advertiser-001,naver,SYNTH-001,2026-07-02,C08,Competitor,Naver,354648.22,36851,1386.0,55.48,2222982.53,3.761092,255.878948,4.002886,6392.361608,626.813387,2026-07-02T23:59:59Z
naver-SYNTH-001-2026-07-02-C09,synthetic-advertiser-001,naver,SYNTH-001,2026-07-02,C09,Prospecting,Naver,648809.51,66770,1796.0,59.72,4152813.93,2.689831,361.252511,3.325167,10864.191384,640.066748,2026-07-02T23:59:59Z
naver-SYNTH-001-2026-07-02-C10,synthetic-advertiser-001,naver,SYNTH-001,2026-07-02,C10,Seasonal,Naver,470636.61,57619,3218.0,171.76,5103341.5,5.584963,146.251277,5.337477,2740.082735,1084.348601,2026-07-02T23:59:59Z
naver-SYNTH-001-2026-07-02-C11,synthetic-advertiser-001,naver,SYNTH-001,2026-07-02,C11,New Product Launch,Naver,584938.9,63719,2196.0,100.04,5242060.79,3.446382,266.365619,4.555556,5847.050163,896.17237,2026-07-02T23:59:59Z
naver-SYNTH-001-2026-07-02-C12,synthetic-advertiser-001,naver,SYNTH-001,2026-07-02,C12,Low Efficiency Legacy,Naver,299635.44,25658,602.0,13.3,705489.21,2.346247,497.73329,2.209302,22528.980498,235.449187,2026-07-02T23:59:59Z
naver-SYNTH-001-2026-07-03-C01,synthetic-advertiser-001,naver,SYNTH-001,2026-07-03,C01,Brand Search Core,Naver,561460.46,89195,5676.0,498.2,4312090.99,6.363585,98.918333,8.777308,1126.978038,768.013299,2026-07-03T23:59:59Z
naver-SYNTH-001-2026-07-03-C02,synthetic-advertiser-001,naver,SYNTH-001,2026-07-03,C02,Brand Search Expansion,Naver,347025.99,44985,2632.0,175.06,2422412.8,5.850839,131.84878,6.651216,1982.325994,698.049392,2026-07-03T23:59:59Z
naver-SYNTH-001-2026-07-03-C03,synthetic-advertiser-001,naver,SYNTH-001,2026-07-03,C03,Generic Search High Intent,Naver,526426.26,63304,2783.0,161.54,4089097.82,4.396247,189.157837,5.804527,3258.79819,776.765547,2026-07-03T23:59:59Z
naver-SYNTH-001-2026-07-03-C04,synthetic-advertiser-001,naver,SYNTH-001,2026-07-03,C04,Generic Search Mid Intent,Naver,562450.0,62593,2258.0,96.07,3672647.78,3.607432,249.092118,4.25465,5854.585218,652.973202,2026-07-03T23:59:59Z
naver-SYNTH-001-2026-07-03-C05,synthetic-advertiser-001,naver,SYNTH-001,2026-07-03,C05,Shopping Best Seller,Naver,653596.39,86219,4915.0,258.62,5719346.47,5.7006,132.979936,5.261851,2527.246096,875.057849,2026-07-03T23:59:59Z
naver-SYNTH-001-2026-07-03-C06,synthetic-advertiser-001,naver,SYNTH-001,2026-07-03,C06,Shopping Long Tail,Naver,426838.26,48637,1859.0,85.79,2515291.54,3.822193,229.606382,4.614847,4975.384831,589.284454,2026-07-03T23:59:59Z
naver-SYNTH-001-2026-07-03-C07,synthetic-advertiser-001,naver,SYNTH-001,2026-07-03,C07,Retargeting,Naver,279290.23,47837,4549.0,540.11,2983811.63,9.509376,61.395962,11.873159,517.098796,1068.355173,2026-07-03T23:59:59Z
naver-SYNTH-001-2026-07-03-C08,synthetic-advertiser-001,naver,SYNTH-001,2026-07-03,C08,Competitor,Naver,344862.14,34432,1095.0,37.58,2322301.56,3.180181,314.942597,3.431963,9176.746777,673.399965,2026-07-03T23:59:59Z
naver-SYNTH-001-2026-07-03-C09,synthetic-advertiser-001,naver,SYNTH-001,2026-07-03,C09,Prospecting,Naver,661953.31,70603,2100.0,52.74,3659758.32,2.974378,315.215864,2.511429,12551.257388,552.872573,2026-07-03T23:59:59Z
naver-SYNTH-001-2026-07-03-C10,synthetic-advertiser-001,naver,SYNTH-001,2026-07-03,C10,Seasonal,Naver,485880.41,63293,3185.0,156.03,5142321.82,5.032152,152.55272,4.898901,3114.019178,1058.351332,2026-07-03T23:59:59Z
naver-SYNTH-001-2026-07-03-C11,synthetic-advertiser-001,naver,SYNTH-001,2026-07-03,C11,New Product Launch,Naver,574062.6,59298,2287.0,88.48,4737232.71,3.856791,251.011194,3.868824,6488.049281,825.211868,2026-07-03T23:59:59Z
naver-SYNTH-001-2026-07-03-C12,synthetic-advertiser-001,naver,SYNTH-001,2026-07-03,C12,Low Efficiency Legacy,Naver,301076.53,29312,682.0,13.56,756372.6,2.326692,441.461188,1.98827,22203.283958,251.222704,2026-07-03T23:59:59Z
naver-SYNTH-001-2026-07-04-C01,synthetic-advertiser-001,naver,SYNTH-001,2026-07-04,C01,Brand Search Core,Naver,498287.72,76903,5492.0,478.57,4479681.36,7.141464,90.729738,8.713948,1041.201335,899.014998,2026-07-04T23:59:59Z
naver-SYNTH-001-2026-07-04-C02,synthetic-advertiser-001,naver,SYNTH-001,2026-07-04,C02,Brand Search Expansion,Naver,321816.84,48620,2775.0,202.35,2144542.75,5.707528,115.970032,7.291892,1590.397027,666.386122,2026-07-04T23:59:59Z
naver-SYNTH-001-2026-07-04-C03,synthetic-advertiser-001,naver,SYNTH-001,2026-07-04,C03,Generic Search High Intent,Naver,575344.37,78011,4196.0,201.85,5689489.09,5.378729,137.117343,4.810534,2850.356063,988.884114,2026-07-04T23:59:59Z
naver-SYNTH-001-2026-07-04-C04,synthetic-advertiser-001,naver,SYNTH-001,2026-07-04,C04,Generic Search Mid Intent,Naver,513434.56,64172,2726.0,131.96,3051101.9,4.247959,188.347234,4.840792,3890.834799,594.253316,2026-07-04T23:59:59Z
naver-SYNTH-001-2026-07-04-C05,synthetic-advertiser-001,naver,SYNTH-001,2026-07-04,C05,Shopping Best Seller,Naver,534417.54,71315,3985.0,279.63,5084197.97,5.587885,134.107287,7.017064,1911.159528,951.353128,2026-07-04T23:59:59Z
naver-SYNTH-001-2026-07-04-C06,synthetic-advertiser-001,naver,SYNTH-001,2026-07-04,C06,Shopping Long Tail,Naver,348434.87,37202,1640.0,66.28,2188060.27,4.408365,212.460286,4.041463,5257.013717,627.968226,2026-07-04T23:59:59Z
naver-SYNTH-001-2026-07-04-C07,synthetic-advertiser-001,naver,SYNTH-001,2026-07-04,C07,Retargeting,Naver,253808.02,36153,3243.0,330.86,3070388.7,8.97021,78.263343,10.202282,767.116068,1209.728782,2026-07-04T23:59:59Z
naver-SYNTH-001-2026-07-04-C08,synthetic-advertiser-001,naver,SYNTH-001,2026-07-04,C08,Competitor,Naver,371839.56,44052,1492.0,57.58,1948258.28,3.386906,249.222228,3.859249,6457.790281,523.951313,2026-07-04T23:59:59Z
naver-SYNTH-001-2026-07-04-C09,synthetic-advertiser-001,naver,SYNTH-001,2026-07-04,C09,Prospecting,Naver,618881.68,60194,1502.0,49.1,4915465.78,2.495265,412.038401,3.268975,12604.51482,794.249687,2026-07-04T23:59:59Z
naver-SYNTH-001-2026-07-04-C10,synthetic-advertiser-001,naver,SYNTH-001,2026-07-04,C10,Seasonal,Naver,446392.02,57382,2811.0,135.79,4228068.48,4.898749,158.801858,4.830665,3287.370378,947.164881,2026-07-04T23:59:59Z
naver-SYNTH-001-2026-07-04-C11,synthetic-advertiser-001,naver,SYNTH-001,2026-07-04,C11,New Product Launch,Naver,580386.7,63623,2626.0,112.34,4174864.39,4.127438,221.0155,4.277989,5166.340591,719.324612,2026-07-04T23:59:59Z
naver-SYNTH-001-2026-07-04-C12,synthetic-advertiser-001,naver,SYNTH-001,2026-07-04,C12,Low Efficiency Legacy,Naver,259627.38,25100,645.0,12.71,657958.64,2.569721,402.523065,1.970543,20427.016278,253.424213,2026-07-04T23:59:59Z
naver-SYNTH-001-2026-07-05-C01,synthetic-advertiser-001,naver,SYNTH-001,2026-07-05,C01,Brand Search Core,Naver,409908.77,65594,4829.0,411.72,4234326.89,7.361954,84.884815,8.525989,995.60083,1032.992501,2026-07-05T23:59:59Z
naver-SYNTH-001-2026-07-05-C02,synthetic-advertiser-001,naver,SYNTH-001,2026-07-05,C02,Brand Search Expansion,Naver,330273.89,46709,3091.0,212.93,2232638.97,6.617568,106.850175,6.888709,1551.091396,675.996205,2026-07-05T23:59:59Z
naver-SYNTH-001-2026-07-05-C03,synthetic-advertiser-001,naver,SYNTH-001,2026-07-05,C03,Generic Search High Intent,Naver,471940.9,57776,3163.0,139.86,4615184.37,5.474592,149.206733,4.421752,3374.380789,977.915751,2026-07-05T23:59:59Z
naver-SYNTH-001-2026-07-05-C04,synthetic-advertiser-001,naver,SYNTH-001,2026-07-05,C04,Generic Search Mid Intent,Naver,494923.31,58186,2170.0,85.2,3606728.79,3.729419,228.075259,3.926267,5808.959057,728.744981,2026-07-05T23:59:59Z
naver-SYNTH-001-2026-07-05-C05,synthetic-advertiser-001,naver,SYNTH-001,2026-07-05,C05,Shopping Best Seller,Naver,684896.4,97957,5122.0,354.34,5242972.0,5.228825,133.716596,6.918001,1932.879169,765.513143,2026-07-05T23:59:59Z
naver-SYNTH-001-2026-07-05-C06,synthetic-advertiser-001,naver,SYNTH-001,2026-07-05,C06,Shopping Long Tail,Naver,314000.98,36186,1496.0,82.52,1751048.71,4.134196,209.893703,5.516043,3805.150022,557.657084,2026-07-05T23:59:59Z
naver-SYNTH-001-2026-07-05-C07,synthetic-advertiser-001,naver,SYNTH-001,2026-07-05,C07,Retargeting,Naver,253171.46,40737,3615.0,309.84,2990570.19,8.873997,70.033598,8.570954,817.103855,1181.243023,2026-07-05T23:59:59Z
naver-SYNTH-001-2026-07-05-C08,synthetic-advertiser-001,naver,SYNTH-001,2026-07-05,C08,Competitor,Naver,374418.7,38992,1238.0,45.52,1846206.41,3.17501,302.438365,3.676898,8225.366779,493.086063,2026-07-05T23:59:59Z
naver-SYNTH-001-2026-07-05-C09,synthetic-advertiser-001,naver,SYNTH-001,2026-07-05,C09,Prospecting,Naver,560439.37,53825,1614.0,38.65,3458328.05,2.998607,347.236286,2.394672,14500.371695,617.074434,2026-07-05T23:59:59Z
naver-SYNTH-001-2026-07-05-C10,synthetic-advertiser-001,naver,SYNTH-001,2026-07-05,C10,Seasonal,Naver,476056.9,62776,2764.0,149.59,3382549.16,4.402957,172.234769,5.412084,3182.411267,710.534633,2026-07-05T23:59:59Z
naver-SYNTH-001-2026-07-05-C11,synthetic-advertiser-001,naver,SYNTH-001,2026-07-05,C11,New Product Launch,Naver,524334.84,61047,2307.0,114.65,4542064.64,3.779055,227.279949,4.969658,4573.352303,866.252685,2026-07-05T23:59:59Z
naver-SYNTH-001-2026-07-05-C12,synthetic-advertiser-001,naver,SYNTH-001,2026-07-05,C12,Low Efficiency Legacy,Naver,263258.03,22856,452.0,7.2,664078.16,1.977599,582.429265,1.59292,36563.615,252.253718,2026-07-05T23:59:59Z
naver-SYNTH-001-2026-07-06-C01,synthetic-advertiser-001,naver,SYNTH-001,2026-07-06,C01,Brand Search Core,Naver,480153.01,74829,4681.0,433.63,4268283.01,6.255596,102.574879,9.263619,1107.287338,888.942262,2026-07-06T23:59:59Z
naver-SYNTH-001-2026-07-06-C02,synthetic-advertiser-001,naver,SYNTH-001,2026-07-06,C02,Brand Search Expansion,Naver,371886.03,57986,3035.0,221.63,2402269.97,5.234022,122.532466,7.302471,1677.958917,645.969395,2026-07-06T23:59:59Z
naver-SYNTH-001-2026-07-06-C03,synthetic-advertiser-001,naver,SYNTH-001,2026-07-06,C03,Generic Search High Intent,Naver,552332.91,70888,3335.0,146.76,4234324.71,4.704604,165.617064,4.4006,3763.511222,766.625463,2026-07-06T23:59:59Z
naver-SYNTH-001-2026-07-06-C04,synthetic-advertiser-001,naver,SYNTH-001,2026-07-06,C04,Generic Search Mid Intent,Naver,493801.2,51321,1983.0,74.43,3048070.29,3.863915,249.017248,3.753404,6634.437755,617.266681,2026-07-06T23:59:59Z
naver-SYNTH-001-2026-07-06-C05,synthetic-advertiser-001,naver,SYNTH-001,2026-07-06,C05,Shopping Best Seller,Naver,692990.4,101161,3837.0,304.23,4808038.59,3.792964,180.607349,7.928851,2277.850301,693.810276,2026-07-06T23:59:59Z
naver-SYNTH-001-2026-07-06-C06,synthetic-advertiser-001,naver,SYNTH-001,2026-07-06,C06,Shopping Long Tail,Naver,307634.8,35027,1192.0,68.25,1996280.22,3.403089,258.082889,5.725671,4507.469655,648.912345,2026-07-06T23:59:59Z
naver-SYNTH-001-2026-07-06-C07,synthetic-advertiser-001,naver,SYNTH-001,2026-07-06,C07,Retargeting,Naver,300546.89,47867,3777.0,395.79,3084156.59,7.890614,79.572913,10.478952,759.359491,1026.181493,2026-07-06T23:59:59Z
naver-SYNTH-001-2026-07-06-C08,synthetic-advertiser-001,naver,SYNTH-001,2026-07-06,C08,Competitor,Naver,393229.62,40856,1308.0,49.49,2523235.6,3.201488,300.634268,3.783639,7945.637955,641.669767,2026-07-06T23:59:59Z
naver-SYNTH-001-2026-07-06-C09,synthetic-advertiser-001,naver,SYNTH-001,2026-07-06,C09,Prospecting,Naver,627126.69,62678,1638.0,43.55,4786303.99,2.613357,382.86123,2.65873,14400.153707,763.211651,2026-07-06T23:59:59Z
naver-SYNTH-001-2026-07-06-C10,synthetic-advertiser-001,naver,SYNTH-001,2026-07-06,C10,Seasonal,Naver,475778.13,58381,2441.0,144.66,4535868.3,4.181155,194.911155,5.92626,3288.940478,953.357883,2026-07-06T23:59:59Z
naver-SYNTH-001-2026-07-06-C11,synthetic-advertiser-001,naver,SYNTH-001,2026-07-06,C11,New Product Launch,Naver,675770.9,81025,2633.0,117.34,4223733.3,3.249614,256.654348,4.456513,5759.083852,625.024443,2026-07-06T23:59:59Z
naver-SYNTH-001-2026-07-06-C12,synthetic-advertiser-001,naver,SYNTH-001,2026-07-06,C12,Low Efficiency Legacy,Naver,301010.47,30086,704.0,19.13,752470.89,2.339959,427.571685,2.71733,15734.995632,249.981637,2026-07-06T23:59:59Z
naver-SYNTH-001-2026-07-07-C01,synthetic-advertiser-001,naver,SYNTH-001,2026-07-07,C01,Brand Search Core,Naver,505991.84,79845,6513.0,518.66,4513489.61,8.157054,77.68952,7.963458,975.575215,892.008377,2026-07-07T23:59:59Z
naver-SYNTH-001-2026-07-07-C02,synthetic-advertiser-001,naver,SYNTH-001,2026-07-07,C02,Brand Search Expansion,Naver,345602.32,52418,3085.0,209.41,2371416.57,5.885383,112.026684,6.788006,1650.362073,686.169165,2026-07-07T23:59:59Z
naver-SYNTH-001-2026-07-07-C03,synthetic-advertiser-001,naver,SYNTH-001,2026-07-07,C03,Generic Search High Intent,Naver,639945.01,82373,3652.0,208.7,5005129.63,4.433492,175.231383,5.714677,3066.339295,782.118704,2026-07-07T23:59:59Z
naver-SYNTH-001-2026-07-07-C04,synthetic-advertiser-001,naver,SYNTH-001,2026-07-07,C04,Generic Search Mid Intent,Naver,476149.19,54361,2382.0,95.76,3186342.52,4.381818,199.894706,4.020151,4972.31819,669.189949,2026-07-07T23:59:59Z
naver-SYNTH-001-2026-07-07-C05,synthetic-advertiser-001,naver,SYNTH-001,2026-07-07,C05,Shopping Best Seller,Naver,719961.97,96996,5234.0,342.83,5947385.35,5.396099,137.554828,6.550057,2100.055337,826.069375,2026-07-07T23:59:59Z
naver-SYNTH-001-2026-07-07-C06,synthetic-advertiser-001,naver,SYNTH-001,2026-07-07,C06,Shopping Long Tail,Naver,435690.74,52438,1977.0,85.13,2310022.43,3.770167,220.379736,4.306019,5117.945938,530.197737,2026-07-07T23:59:59Z
naver-SYNTH-001-2026-07-07-C07,synthetic-advertiser-001,naver,SYNTH-001,2026-07-07,C07,Retargeting,Naver,321068.81,52711,4462.0,428.91,3066282.38,8.465026,71.956255,9.612506,748.569185,955.023438,2026-07-07T23:59:59Z
naver-SYNTH-001-2026-07-07-C08,synthetic-advertiser-001,naver,SYNTH-001,2026-07-07,C08,Competitor,Naver,324534.45,31721,1104.0,41.2,1952157.56,3.480344,293.962365,3.731884,7877.04978,601.525526,2026-07-07T23:59:59Z
naver-SYNTH-001-2026-07-07-C09,synthetic-advertiser-001,naver,SYNTH-001,2026-07-07,C09,Prospecting,Naver,676027.9,70295,1722.0,47.21,3776622.46,2.449676,392.582988,2.74158,14319.591286,558.648901,2026-07-07T23:59:59Z
naver-SYNTH-001-2026-07-07-C10,synthetic-advertiser-001,naver,SYNTH-001,2026-07-07,C10,Seasonal,Naver,508896.42,57718,3201.0,156.06,4415858.37,5.54593,158.980448,4.875351,3260.902314,867.732261,2026-07-07T23:59:59Z
naver-SYNTH-001-2026-07-07-C11,synthetic-advertiser-001,naver,SYNTH-001,2026-07-07,C11,New Product Launch,Naver,633176.53,69598,2476.0,102.4,5323129.32,3.557573,255.725579,4.135703,6183.364586,840.702243,2026-07-07T23:59:59Z
naver-SYNTH-001-2026-07-07-C12,synthetic-advertiser-001,naver,SYNTH-001,2026-07-07,C12,Low Efficiency Legacy,Naver,329772.36,29953,661.0,11.51,861584.85,2.206791,498.899183,1.741301,28650.9435,261.266545,2026-07-07T23:59:59Z
naver-SYNTH-001-2026-07-08-C01,synthetic-advertiser-001,naver,SYNTH-001,2026-07-08,C01,Brand Search Core,Naver,412673.03,63150,4882.0,424.15,3787828.56,7.7308,84.529502,8.688038,972.941245,917.876452,2026-07-08T23:59:59Z
naver-SYNTH-001-2026-07-08-C02,synthetic-advertiser-001,naver,SYNTH-001,2026-07-08,C02,Brand Search Expansion,Naver,424125.64,60003,3748.0,250.23,2609180.74,6.246354,113.160522,6.676361,1694.943204,615.190524,2026-07-08T23:59:59Z
naver-SYNTH-001-2026-07-08-C03,synthetic-advertiser-001,naver,SYNTH-001,2026-07-08,C03,Generic Search High Intent,Naver,577365.84,69282,3177.0,149.5,4254238.67,4.585607,181.733032,4.705697,3861.978874,736.835879,2026-07-08T23:59:59Z
naver-SYNTH-001-2026-07-08-C04,synthetic-advertiser-001,naver,SYNTH-001,2026-07-08,C04,Generic Search Mid Intent,Naver,503199.73,59244,2224.0,56.54,2803508.38,3.753967,226.258871,2.542266,8899.889079,557.136306,2026-07-08T23:59:59Z
naver-SYNTH-001-2026-07-08-C05,synthetic-advertiser-001,naver,SYNTH-001,2026-07-08,C05,Shopping Best Seller,Naver,703726.86,90615,6228.0,340.83,6429832.5,6.873034,112.994036,5.472543,2064.744465,913.682979,2026-07-08T23:59:59Z
naver-SYNTH-001-2026-07-08-C06,synthetic-advertiser-001,naver,SYNTH-001,2026-07-08,C06,Shopping Long Tail,Naver,488895.13,56412,1834.0,115.23,2594910.01,3.251081,266.573138,6.282988,4242.776485,530.770268,2026-07-08T23:59:59Z
naver-SYNTH-001-2026-07-08-C07,synthetic-advertiser-001,naver,SYNTH-001,2026-07-08,C07,Retargeting,Naver,280451.38,43352,3400.0,302.16,2656898.79,7.842775,82.4857,8.887059,928.155218,947.365203,2026-07-08T23:59:59Z
naver-SYNTH-001-2026-07-08-C08,synthetic-advertiser-001,naver,SYNTH-001,2026-07-08,C08,Competitor,Naver,383831.17,40175,1013.0,38.15,1951224.38,2.521469,378.905402,3.766041,10061.105419,508.354851,2026-07-08T23:59:59Z
naver-SYNTH-001-2026-07-08-C09,synthetic-advertiser-001,naver,SYNTH-001,2026-07-08,C09,Prospecting,Naver,725874.48,75559,2045.0,64.93,5751828.65,2.706494,354.950846,3.175061,11179.338993,792.399899,2026-07-08T23:59:59Z
naver-SYNTH-001-2026-07-08-C10,synthetic-advertiser-001,naver,SYNTH-001,2026-07-08,C10,Seasonal,Naver,559444.36,70899,2684.0,112.63,4364895.88,3.785667,208.436796,4.196349,4967.099008,780.219837,2026-07-08T23:59:59Z
naver-SYNTH-001-2026-07-08-C11,synthetic-advertiser-001,naver,SYNTH-001,2026-07-08,C11,New Product Launch,Naver,630012.39,68540,2949.0,151.23,4218329.39,4.302597,213.635942,5.128179,4165.922053,669.562923,2026-07-08T23:59:59Z
naver-SYNTH-001-2026-07-08-C12,synthetic-advertiser-001,naver,SYNTH-001,2026-07-08,C12,Low Efficiency Legacy,Naver,283976.62,26108,579.0,10.46,655770.58,2.217711,490.460476,1.806563,27148.816018,230.92415,2026-07-08T23:59:59Z
naver-SYNTH-001-2026-07-09-C01,synthetic-advertiser-001,naver,SYNTH-001,2026-07-09,C01,Brand Search Core,Naver,427368.16,73924,5472.0,424.74,4064796.75,7.402197,78.100906,7.762061,1006.187689,951.122976,2026-07-09T23:59:59Z
naver-SYNTH-001-2026-07-09-C02,synthetic-advertiser-001,naver,SYNTH-001,2026-07-09,C02,Brand Search Expansion,Naver,336214.22,50640,3282.0,225.01,2317512.63,6.481043,102.441872,6.855881,1494.219025,689.296429,2026-07-09T23:59:59Z
naver-SYNTH-001-2026-07-09-C03,synthetic-advertiser-001,naver,SYNTH-001,2026-07-09,C03,Generic Search High Intent,Naver,644755.05,72421,3918.0,214.88,4752647.16,5.410033,164.562288,5.484431,3000.535397,737.124461,2026-07-09T23:59:59Z
naver-SYNTH-001-2026-07-09-C04,synthetic-advertiser-001,naver,SYNTH-001,2026-07-09,C04,Generic Search Mid Intent,Naver,552026.45,71569,2228.0,73.39,3231272.39,3.11308,247.767706,3.293986,7521.821085,585.347385,2026-07-09T23:59:59Z
naver-SYNTH-001-2026-07-09-C05,synthetic-advertiser-001,naver,SYNTH-001,2026-07-09,C05,Shopping Best Seller,Naver,641284.1,84530,4298.0,203.28,5735798.46,5.084585,149.205234,4.729642,3154.683675,894.423935,2026-07-09T23:59:59Z
naver-SYNTH-001-2026-07-09-C06,synthetic-advertiser-001,naver,SYNTH-001,2026-07-09,C06,Shopping Long Tail,Naver,375288.12,38415,1421.0,66.92,2394099.23,3.699076,264.101421,4.70936,5608.011347,637.936323,2026-07-09T23:59:59Z
naver-SYNTH-001-2026-07-09-C07,synthetic-advertiser-001,naver,SYNTH-001,2026-07-09,C07,Retargeting,Naver,290511.73,45148,3636.0,408.04,3448063.17,8.053513,79.898716,11.222222,711.968754,1186.892924,2026-07-09T23:59:59Z
naver-SYNTH-001-2026-07-09-C08,synthetic-advertiser-001,naver,SYNTH-001,2026-07-09,C08,Competitor,Naver,340091.86,34908,1132.0,45.21,2370317.59,3.24281,300.434506,3.993816,7522.491934,696.963927,2026-07-09T23:59:59Z
naver-SYNTH-001-2026-07-09-C09,synthetic-advertiser-001,naver,SYNTH-001,2026-07-09,C09,Prospecting,Naver,564911.77,56013,1504.0,39.12,5204900.53,2.685091,375.606231,2.601064,14440.484939,921.365212,2026-07-09T23:59:59Z
naver-SYNTH-001-2026-07-09-C10,synthetic-advertiser-001,naver,SYNTH-001,2026-07-09,C10,Seasonal,Naver,519460.18,68016,2646.0,114.13,3150765.7,3.890261,196.319039,4.313303,4551.477933,606.54615,2026-07-09T23:59:59Z
naver-SYNTH-001-2026-07-09-C11,synthetic-advertiser-001,naver,SYNTH-001,2026-07-09,C11,New Product Launch,Naver,668882.28,66223,2130.0,96.24,4674474.18,3.216405,314.029237,4.51831,6950.14833,698.848565,2026-07-09T23:59:59Z
naver-SYNTH-001-2026-07-09-C12,synthetic-advertiser-001,naver,SYNTH-001,2026-07-09,C12,Low Efficiency Legacy,Naver,329265.05,28006,743.0,14.68,798009.46,2.653003,443.156185,1.975774,22429.499032,242.360818,2026-07-09T23:59:59Z
naver-SYNTH-001-2026-07-10-C01,synthetic-advertiser-001,naver,SYNTH-001,2026-07-10,C01,Brand Search Core,Naver,395579.46,63773,4269.0,380.25,4031693.61,6.694055,92.663262,8.907238,1040.314173,1019.186781,2026-07-10T23:59:59Z
naver-SYNTH-001-2026-07-10-C02,synthetic-advertiser-001,naver,SYNTH-001,2026-07-10,C02,Brand Search Expansion,Naver,347223.49,50441,2958.0,196.84,2304383.93,5.864277,117.384548,6.654496,1763.988482,663.660143,2026-07-10T23:59:59Z
naver-SYNTH-001-2026-07-10-C03,synthetic-advertiser-001,naver,SYNTH-001,2026-07-10,C03,Generic Search High Intent,Naver,520662.33,63855,3442.0,144.24,4185228.09,5.390337,151.267382,4.190587,3609.694454,803.827714,2026-07-10T23:59:59Z
naver-SYNTH-001-2026-07-10-C04,synthetic-advertiser-001,naver,SYNTH-001,2026-07-10,C04,Generic Search Mid Intent,Naver,539819.37,59529,2494.0,85.53,2981723.85,4.189555,216.447221,3.429431,6311.462293,552.355846,2026-07-10T23:59:59Z
naver-SYNTH-001-2026-07-10-C05,synthetic-advertiser-001,naver,SYNTH-001,2026-07-10,C05,Shopping Best Seller,Naver,769409.44,103997,7437.0,300.87,6538229.94,7.151168,103.456964,4.045583,2557.282012,849.772515,2026-07-10T23:59:59Z
naver-SYNTH-001-2026-07-10-C06,synthetic-advertiser-001,naver,SYNTH-001,2026-07-10,C06,Shopping Long Tail,Naver,376473.91,41547,1564.0,82.09,1920035.59,3.764411,240.712219,5.248721,4586.11172,510.004952,2026-07-10T23:59:59Z
naver-SYNTH-001-2026-07-10-C07,synthetic-advertiser-001,naver,SYNTH-001,2026-07-10,C07,Retargeting,Naver,294230.51,54785,4907.0,420.39,3028095.78,8.956831,59.961384,8.567149,699.898925,1029.157646,2026-07-10T23:59:59Z
naver-SYNTH-001-2026-07-10-C08,synthetic-advertiser-001,naver,SYNTH-001,2026-07-10,C08,Competitor,Naver,305610.22,37111,1092.0,39.35,1638520.44,2.942524,279.862842,3.60348,7766.460571,536.147129,2026-07-10T23:59:59Z
naver-SYNTH-001-2026-07-10-C09,synthetic-advertiser-001,naver,SYNTH-001,2026-07-10,C09,Prospecting,Naver,642138.77,64455,1615.0,50.75,5541886.06,2.505624,397.609144,3.142415,12652.980635,863.035583,2026-07-10T23:59:59Z
naver-SYNTH-001-2026-07-10-C10,synthetic-advertiser-001,naver,SYNTH-001,2026-07-10,C10,Seasonal,Naver,520289.46,63997,2459.0,116.41,5914845.59,3.842368,211.585792,4.734038,4469.456761,1136.837478,2026-07-10T23:59:59Z
naver-SYNTH-001-2026-07-10-C11,synthetic-advertiser-001,naver,SYNTH-001,2026-07-10,C11,New Product Launch,Naver,683987.15,70871,2221.0,101.64,5222803.93,3.133863,307.963597,4.576317,6729.507566,763.582172,2026-07-10T23:59:59Z
naver-SYNTH-001-2026-07-10-C12,synthetic-advertiser-001,naver,SYNTH-001,2026-07-10,C12,Low Efficiency Legacy,Naver,298329.05,26009,490.0,8.98,812049.63,1.883963,608.834789,1.832653,33221.497405,272.199317,2026-07-10T23:59:59Z
naver-SYNTH-001-2026-07-11-C01,synthetic-advertiser-001,naver,SYNTH-001,2026-07-11,C01,Brand Search Core,Naver,443899.38,74841,5650.0,428.18,4657506.34,7.549338,78.566261,7.578407,1036.712073,1049.225703,2026-07-11T23:59:59Z
naver-SYNTH-001-2026-07-11-C02,synthetic-advertiser-001,naver,SYNTH-001,2026-07-11,C02,Brand Search Expansion,Naver,273938.63,42400,2762.0,151.42,2054475.05,6.514151,99.181256,5.482259,1809.13108,749.976398,2026-07-11T23:59:59Z
naver-SYNTH-001-2026-07-11-C03,synthetic-advertiser-001,naver,SYNTH-001,2026-07-11,C03,Generic Search High Intent,Naver,566683.71,74145,2957.0,179.81,4230829.55,3.988131,191.641429,6.080825,3151.569473,746.594529,2026-07-11T23:59:59Z
naver-SYNTH-001-2026-07-11-C04,synthetic-advertiser-001,naver,SYNTH-001,2026-07-11,C04,Generic Search Mid Intent,Naver,439710.48,51818,1864.0,99.55,3033279.71,3.597206,235.896181,5.340665,4416.981235,689.835661,2026-07-11T23:59:59Z
naver-SYNTH-001-2026-07-11-C05,synthetic-advertiser-001,naver,SYNTH-001,2026-07-11,C05,Shopping Best Seller,Naver,706187.19,86512,4988.0,279.29,5898945.97,5.765674,141.577224,5.599238,2528.508687,835.323274,2026-07-11T23:59:59Z
naver-SYNTH-001-2026-07-11-C06,synthetic-advertiser-001,naver,SYNTH-001,2026-07-11,C06,Shopping Long Tail,Naver,360173.24,46573,1719.0,78.68,2363588.11,3.69098,209.524863,4.57708,4577.697496,656.23646,2026-07-11T23:59:59Z
naver-SYNTH-001-2026-07-11-C07,synthetic-advertiser-001,naver,SYNTH-001,2026-07-11,C07,Retargeting,Naver,290965.5,50267,3880.0,427.75,3197299.0,7.718782,74.991108,11.024485,680.223259,1098.858459,2026-07-11T23:59:59Z
naver-SYNTH-001-2026-07-11-C08,synthetic-advertiser-001,naver,SYNTH-001,2026-07-11,C08,Competitor,Naver,350046.21,34566,1106.0,39.7,2570306.61,3.199676,316.49748,3.589512,8817.284959,734.276366,2026-07-11T23:59:59Z
naver-SYNTH-001-2026-07-11-C09,synthetic-advertiser-001,naver,SYNTH-001,2026-07-11,C09,Prospecting,Naver,628357.61,62687,1247.0,34.28,4233229.72,1.989248,503.895435,2.748998,18330.151891,673.697537,2026-07-11T23:59:59Z
naver-SYNTH-001-2026-07-11-C10,synthetic-advertiser-001,naver,SYNTH-001,2026-07-11,C10,Seasonal,Naver,514973.58,68402,3984.0,179.29,3716535.08,5.824391,129.260437,4.500251,2872.293942,721.69432,2026-07-11T23:59:59Z
naver-SYNTH-001-2026-07-11-C11,synthetic-advertiser-001,naver,SYNTH-001,2026-07-11,C11,New Product Launch,Naver,640321.84,65694,2098.0,100.21,2915037.57,3.193595,305.205833,4.776454,6389.799803,455.24569,2026-07-11T23:59:59Z
naver-SYNTH-001-2026-07-11-C12,synthetic-advertiser-001,naver,SYNTH-001,2026-07-11,C12,Low Efficiency Legacy,Naver,285845.4,24602,492.0,9.18,764321.07,1.999837,580.986577,1.865854,31137.842676,267.389675,2026-07-11T23:59:59Z
naver-SYNTH-001-2026-07-12-C01,synthetic-advertiser-001,naver,SYNTH-001,2026-07-12,C01,Brand Search Core,Naver,424286.81,65628,5155.0,452.25,4026077.18,7.854879,82.305881,8.773036,938.168743,948.90462,2026-07-12T23:59:59Z
naver-SYNTH-001-2026-07-12-C02,synthetic-advertiser-001,naver,SYNTH-001,2026-07-12,C02,Brand Search Expansion,Naver,293629.67,39630,2598.0,209.04,2196523.7,6.55564,113.021429,8.046189,1404.65783,748.059171,2026-07-12T23:59:59Z
naver-SYNTH-001-2026-07-12-C03,synthetic-advertiser-001,naver,SYNTH-001,2026-07-12,C03,Generic Search High Intent,Naver,480873.25,60941,3919.0,241.92,4032947.16,6.43081,122.703049,6.173003,1987.736642,838.671557,2026-07-12T23:59:59Z
naver-SYNTH-001-2026-07-12-C04,synthetic-advertiser-001,naver,SYNTH-001,2026-07-12,C04,Generic Search Mid Intent,Naver,460233.26,48512,1809.0,62.34,2987010.19,3.728974,254.413078,3.446103,7382.631657,649.020936,2026-07-12T23:59:59Z
naver-SYNTH-001-2026-07-12-C05,synthetic-advertiser-001,naver,SYNTH-001,2026-07-12,C05,Shopping Best Seller,Naver,676140.64,94347,4669.0,248.81,5678707.92,4.948753,144.814872,5.328978,2717.497843,839.87082,2026-07-12T23:59:59Z
naver-SYNTH-001-2026-07-12-C06,synthetic-advertiser-001,naver,SYNTH-001,2026-07-12,C06,Shopping Long Tail,Naver,370899.18,43396,1990.0,113.42,2120563.67,4.585676,186.381497,5.699497,3270.139126,571.735875,2026-07-12T23:59:59Z
naver-SYNTH-001-2026-07-12-C07,synthetic-advertiser-001,naver,SYNTH-001,2026-07-12,C07,Retargeting,Naver,244076.88,39025,3493.0,339.81,2900729.96,8.950673,69.876003,9.728314,718.274565,1188.449295,2026-07-12T23:59:59Z
naver-SYNTH-001-2026-07-12-C08,synthetic-advertiser-001,naver,SYNTH-001,2026-07-12,C08,Competitor,Naver,340230.87,36498,1274.0,38.08,2129120.5,3.490602,267.057202,2.989011,8934.634317,625.786974,2026-07-12T23:59:59Z
naver-SYNTH-001-2026-07-12-C09,synthetic-advertiser-001,naver,SYNTH-001,2026-07-12,C09,Prospecting,Naver,634667.37,59694,1255.0,31.89,5187908.72,2.102389,505.711053,2.541036,19901.76769,817.421685,2026-07-12T23:59:59Z
naver-SYNTH-001-2026-07-12-C10,synthetic-advertiser-001,naver,SYNTH-001,2026-07-12,C10,Seasonal,Naver,474528.3,65305,3069.0,145.5,4984957.41,4.699487,154.619842,4.740958,3261.362862,1050.507935,2026-07-12T23:59:59Z
naver-SYNTH-001-2026-07-12-C11,synthetic-advertiser-001,naver,SYNTH-001,2026-07-12,C11,New Product Launch,Naver,571883.07,64896,2586.0,137.37,4325041.63,3.984837,221.145811,5.312065,4163.085596,756.280762,2026-07-12T23:59:59Z
naver-SYNTH-001-2026-07-12-C12,synthetic-advertiser-001,naver,SYNTH-001,2026-07-12,C12,Low Efficiency Legacy,Naver,293293.88,24913,604.0,11.97,796330.54,2.424437,485.58589,1.981788,24502.412495,271.512841,2026-07-12T23:59:59Z
naver-SYNTH-001-2026-07-13-C01,synthetic-advertiser-001,naver,SYNTH-001,2026-07-13,C01,Brand Search Core,Naver,484328.82,74839,5821.0,403.02,4653312.24,7.77803,83.203714,6.923553,1201.74885,960.775414,2026-07-13T23:59:59Z
naver-SYNTH-001-2026-07-13-C02,synthetic-advertiser-001,naver,SYNTH-001,2026-07-13,C02,Brand Search Expansion,Naver,347842.48,48986,2460.0,177.84,2318197.43,5.021843,141.399382,7.229268,1955.929374,666.450351,2026-07-13T23:59:59Z
naver-SYNTH-001-2026-07-13-C03,synthetic-advertiser-001,naver,SYNTH-001,2026-07-13,C03,Generic Search High Intent,Naver,683163.87,80114,3568.0,235.71,5608979.76,4.453654,191.469694,6.606222,2898.32365,821.02992,2026-07-13T23:59:59Z
naver-SYNTH-001-2026-07-13-C04,synthetic-advertiser-001,naver,SYNTH-001,2026-07-13,C04,Generic Search Mid Intent,Naver,482541.67,58357,2251.0,98.06,3053321.45,3.857292,214.367689,4.356286,4920.881789,632.758091,2026-07-13T23:59:59Z
naver-SYNTH-001-2026-07-13-C05,synthetic-advertiser-001,naver,SYNTH-001,2026-07-13,C05,Shopping Best Seller,Naver,800033.8,103778,5962.0,337.89,6855419.82,5.744956,134.188829,5.667393,2367.734464,856.891276,2026-07-13T23:59:59Z
naver-SYNTH-001-2026-07-13-C06,synthetic-advertiser-001,naver,SYNTH-001,2026-07-13,C06,Shopping Long Tail,Naver,388076.12,48381,2130.0,80.52,2504385.59,4.402555,182.195361,3.780282,4819.623929,645.3336,2026-07-13T23:59:59Z
naver-SYNTH-001-2026-07-13-C07,synthetic-advertiser-001,naver,SYNTH-001,2026-07-13,C07,Retargeting,Naver,257869.71,41881,3608.0,300.35,2987305.62,8.614885,71.47165,8.324557,858.564054,1158.455398,2026-07-13T23:59:59Z
naver-SYNTH-001-2026-07-13-C08,synthetic-advertiser-001,naver,SYNTH-001,2026-07-13,C08,Competitor,Naver,384832.0,39217,1141.0,37.27,1453105.08,2.909453,337.276074,3.266433,10325.516518,377.59466,2026-07-13T23:59:59Z
naver-SYNTH-001-2026-07-13-C09,synthetic-advertiser-001,naver,SYNTH-001,2026-07-13,C09,Prospecting,Naver,703305.21,70305,2025.0,42.6,5414049.65,2.880307,347.311215,2.103704,16509.511974,769.800873,2026-07-13T23:59:59Z
naver-SYNTH-001-2026-07-13-C10,synthetic-advertiser-001,naver,SYNTH-001,2026-07-13,C10,Seasonal,Naver,550502.89,72938,3755.0,141.37,5853316.0,5.148208,146.605297,3.764847,3894.057363,1063.26708,2026-07-13T23:59:59Z
naver-SYNTH-001-2026-07-13-C11,synthetic-advertiser-001,naver,SYNTH-001,2026-07-13,C11,New Product Launch,Naver,727618.03,83450,3329.0,131.85,4444946.12,3.989215,218.569548,3.960649,5518.528829,610.89005,2026-07-13T23:59:59Z
naver-SYNTH-001-2026-07-13-C12,synthetic-advertiser-001,naver,SYNTH-001,2026-07-13,C12,Low Efficiency Legacy,Naver,281768.56,26358,554.0,9.84,827964.0,2.101829,508.607501,1.776173,28635.015809,293.84542,2026-07-13T23:59:59Z
naver-SYNTH-001-2026-07-14-C01,synthetic-advertiser-001,naver,SYNTH-001,2026-07-14,C01,Brand Search Core,Naver,513001.29,68050,5262.0,395.62,4335788.89,7.73255,97.491693,7.518434,1296.702113,845.180895,2026-07-14T23:59:59Z
naver-SYNTH-001-2026-07-14-C02,synthetic-advertiser-001,naver,SYNTH-001,2026-07-14,C02,Brand Search Expansion,Naver,331511.41,48442,3328.0,218.44,2359744.2,6.870071,99.612802,6.563702,1517.63141,711.81388,2026-07-14T23:59:59Z
naver-SYNTH-001-2026-07-14-C03,synthetic-advertiser-001,naver,SYNTH-001,2026-07-14,C03,Generic Search High Intent,Naver,533624.05,64757,2881.0,164.1,4179581.64,4.44894,185.221816,5.695939,3251.822368,783.244614,2026-07-14T23:59:59Z
naver-SYNTH-001-2026-07-14-C04,synthetic-advertiser-001,naver,SYNTH-001,2026-07-14,C04,Generic Search Mid Intent,Naver,507286.53,54815,2580.0,109.2,3291562.05,4.706741,196.622688,4.232558,4645.481081,648.85658,2026-07-14T23:59:59Z
naver-SYNTH-001-2026-07-14-C05,synthetic-advertiser-001,naver,SYNTH-001,2026-07-14,C05,Shopping Best Seller,Naver,692218.82,88381,4267.0,315.21,6136401.48,4.827961,162.226112,7.387157,2196.056026,886.482901,2026-07-14T23:59:59Z
naver-SYNTH-001-2026-07-14-C06,synthetic-advertiser-001,naver,SYNTH-001,2026-07-14,C06,Shopping Long Tail,Naver,429975.39,47035,1878.0,97.03,2369760.73,3.992771,228.953884,5.166667,4431.365502,551.138683,2026-07-14T23:59:59Z
naver-SYNTH-001-2026-07-14-C07,synthetic-advertiser-001,naver,SYNTH-001,2026-07-14,C07,Retargeting,Naver,257220.34,43718,3581.0,369.69,3074326.03,8.191134,71.829193,10.323653,695.77305,1195.211094,2026-07-14T23:59:59Z
naver-SYNTH-001-2026-07-14-C08,synthetic-advertiser-001,naver,SYNTH-001,2026-07-14,C08,Competitor,Naver,387923.59,40573,1522.0,51.35,2762327.98,3.751263,254.877522,3.37385,7554.500258,712.080437,2026-07-14T23:59:59Z
naver-SYNTH-001-2026-07-14-C09,synthetic-advertiser-001,naver,SYNTH-001,2026-07-14,C09,Prospecting,Naver,624732.38,61807,2094.0,54.9,3185566.66,3.387966,298.344019,2.621777,11379.460409,509.909008,2026-07-14T23:59:59Z
naver-SYNTH-001-2026-07-14-C10,synthetic-advertiser-001,naver,SYNTH-001,2026-07-14,C10,Seasonal,Naver,480374.71,59162,2985.0,152.78,4883932.9,5.045468,160.92955,5.118258,3144.225082,1016.692348,2026-07-14T23:59:59Z
naver-SYNTH-001-2026-07-14-C11,synthetic-advertiser-001,naver,SYNTH-001,2026-07-14,C11,New Product Launch,Naver,596390.89,65156,2417.0,110.36,5101570.34,3.709559,246.748403,4.565991,5404.049379,855.407156,2026-07-14T23:59:59Z
naver-SYNTH-001-2026-07-14-C12,synthetic-advertiser-001,naver,SYNTH-001,2026-07-14,C12,Low Efficiency Legacy,Naver,310398.88,27255,561.0,12.46,795149.9,2.058338,553.295694,2.221034,24911.627954,256.170349,2026-07-14T23:59:59Z
naver-SYNTH-001-2026-07-15-C01,synthetic-advertiser-001,naver,SYNTH-001,2026-07-15,C01,Brand Search Core,Naver,472065.67,74902,5506.0,446.41,4384632.87,7.350939,85.736591,8.107701,1057.471087,928.818418,2026-07-15T23:59:59Z
naver-SYNTH-001-2026-07-15-C02,synthetic-advertiser-001,naver,SYNTH-001,2026-07-15,C02,Brand Search Expansion,Naver,375883.78,57623,3348.0,237.65,2648698.36,5.81018,112.271141,7.098268,1581.669592,704.658864,2026-07-15T23:59:59Z
naver-SYNTH-001-2026-07-15-C03,synthetic-advertiser-001,naver,SYNTH-001,2026-07-15,C03,Generic Search High Intent,Naver,616742.28,76302,4124.0,235.84,5348062.78,5.404839,149.549534,5.71872,2615.087671,867.147103,2026-07-15T23:59:59Z
naver-SYNTH-001-2026-07-15-C04,synthetic-advertiser-001,naver,SYNTH-001,2026-07-15,C04,Generic Search Mid Intent,Naver,387013.27,43211,1463.0,72.02,2568848.08,3.385712,264.534021,4.922761,5373.691645,663.762271,2026-07-15T23:59:59Z
naver-SYNTH-001-2026-07-15-C05,synthetic-advertiser-001,naver,SYNTH-001,2026-07-15,C05,Shopping Best Seller,Naver,679870.55,86333,4618.0,252.98,5933715.27,5.349055,147.22186,5.478129,2687.447819,872.771335,2026-07-15T23:59:59Z
naver-SYNTH-001-2026-07-15-C06,synthetic-advertiser-001,naver,SYNTH-001,2026-07-15,C06,Shopping Long Tail,Naver,399370.41,41729,1816.0,103.15,2013641.12,4.35189,219.917625,5.680066,3871.744122,504.203889,2026-07-15T23:59:59Z
naver-SYNTH-001-2026-07-15-C07,synthetic-advertiser-001,naver,SYNTH-001,2026-07-15,C07,Retargeting,Naver,299875.62,45520,3627.0,359.73,3242283.87,7.967926,82.678694,9.918114,833.613048,1081.209552,2026-07-15T23:59:59Z
naver-SYNTH-001-2026-07-15-C08,synthetic-advertiser-001,naver,SYNTH-001,2026-07-15,C08,Competitor,Naver,323412.17,35278,1015.0,43.17,2089894.41,2.877147,318.632678,4.253202,7491.595276,646.201539,2026-07-15T23:59:59Z
naver-SYNTH-001-2026-07-15-C09,synthetic-advertiser-001,naver,SYNTH-001,2026-07-15,C09,Prospecting,Naver,644005.67,67006,1846.0,56.18,5164253.46,2.754977,348.865478,3.043337,11463.255119,801.895648,2026-07-15T23:59:59Z
naver-SYNTH-001-2026-07-15-C10,synthetic-advertiser-001,naver,SYNTH-001,2026-07-15,C10,Seasonal,Naver,551783.85,67903,3147.0,140.59,5954153.68,4.634552,175.336464,4.467429,3924.773111,1079.073566,2026-07-15T23:59:59Z
naver-SYNTH-001-2026-07-15-C11,synthetic-advertiser-001,naver,SYNTH-001,2026-07-15,C11,New Product Launch,Naver,674273.25,73616,2908.0,135.01,3667823.8,3.950228,231.868381,4.64271,4994.246746,543.966973,2026-07-15T23:59:59Z
naver-SYNTH-001-2026-07-15-C12,synthetic-advertiser-001,naver,SYNTH-001,2026-07-15,C12,Low Efficiency Legacy,Naver,312427.77,29252,720.0,13.29,748188.73,2.46137,433.927453,1.845833,23508.485015,239.47575,2026-07-15T23:59:59Z
naver-SYNTH-001-2026-07-16-C01,synthetic-advertiser-001,naver,SYNTH-001,2026-07-16,C01,Brand Search Core,Naver,499808.33,71915,6006.0,479.16,4750196.01,8.351526,83.21817,7.978022,1043.092766,950.403529,2026-07-16T23:59:59Z
naver-SYNTH-001-2026-07-16-C02,synthetic-advertiser-001,naver,SYNTH-001,2026-07-16,C02,Brand Search Expansion,Naver,372554.62,57399,3464.0,238.43,2550777.54,6.034948,107.55041,6.883083,1562.53249,684.672097,2026-07-16T23:59:59Z
naver-SYNTH-001-2026-07-16-C03,synthetic-advertiser-001,naver,SYNTH-001,2026-07-16,C03,Generic Search High Intent,Naver,626511.36,79528,4059.0,238.13,4480078.32,5.103863,154.351159,5.866716,2630.963571,715.083339,2026-07-16T23:59:59Z
naver-SYNTH-001-2026-07-16-C04,synthetic-advertiser-001,naver,SYNTH-001,2026-07-16,C04,Generic Search Mid Intent,Naver,511504.95,58188,2636.0,96.19,3260500.48,4.530144,194.045886,3.64909,5317.652092,637.432824,2026-07-16T23:59:59Z
naver-SYNTH-001-2026-07-16-C05,synthetic-advertiser-001,naver,SYNTH-001,2026-07-16,C05,Shopping Best Seller,Naver,737350.83,107252,5213.0,375.4,6738610.38,4.860515,141.444625,7.201228,1964.173756,913.894732,2026-07-16T23:59:59Z
naver-SYNTH-001-2026-07-16-C06,synthetic-advertiser-001,naver,SYNTH-001,2026-07-16,C06,Shopping Long Tail,Naver,405277.43,43434,1251.0,65.96,2077502.02,2.880232,323.962772,5.272582,6144.290907,512.612318,2026-07-16T23:59:59Z
naver-SYNTH-001-2026-07-16-C07,synthetic-advertiser-001,naver,SYNTH-001,2026-07-16,C07,Retargeting,Naver,271678.49,40687,3375.0,360.7,2972133.45,8.295033,80.49733,10.687407,753.197917,1093.989246,2026-07-16T23:59:59Z
naver-SYNTH-001-2026-07-16-C08,synthetic-advertiser-001,naver,SYNTH-001,2026-07-16,C08,Competitor,Naver,350899.75,35676,1100.0,47.01,1885807.21,3.083305,318.999769,4.273636,7464.363888,537.420511,2026-07-16T23:59:59Z
naver-SYNTH-001-2026-07-16-C09,synthetic-advertiser-001,naver,SYNTH-001,2026-07-16,C09,Prospecting,Naver,596709.0,62294,1904.0,55.37,3919853.59,3.056474,313.397582,2.908088,10776.756306,656.912099,2026-07-16T23:59:59Z
naver-SYNTH-001-2026-07-16-C10,synthetic-advertiser-001,naver,SYNTH-001,2026-07-16,C10,Seasonal,Naver,534101.85,67527,3001.0,142.62,4914344.24,4.444148,177.974624,4.752416,3744.929516,920.113693,2026-07-16T23:59:59Z
naver-SYNTH-001-2026-07-16-C11,synthetic-advertiser-001,naver,SYNTH-001,2026-07-16,C11,New Product Launch,Naver,689506.9,69425,2324.0,84.98,4248890.98,3.347497,296.689718,3.656627,8113.755059,616.221673,2026-07-16T23:59:59Z
naver-SYNTH-001-2026-07-16-C12,synthetic-advertiser-001,naver,SYNTH-001,2026-07-16,C12,Low Efficiency Legacy,Naver,276258.08,23321,531.0,9.47,852250.57,2.276918,520.26003,1.783427,29171.919316,308.497977,2026-07-16T23:59:59Z
naver-SYNTH-001-2026-07-17-C01,synthetic-advertiser-001,naver,SYNTH-001,2026-07-17,C01,Brand Search Core,Naver,456259.19,64404,4495.0,334.11,4098684.53,6.97938,101.503713,7.432925,1365.595736,898.323717,2026-07-17T23:59:59Z
naver-SYNTH-001-2026-07-17-C02,synthetic-advertiser-001,naver,SYNTH-001,2026-07-17,C02,Brand Search Expansion,Naver,331678.41,45617,2920.0,203.42,2203887.63,6.401122,113.588495,6.966438,1630.510306,664.465212,2026-07-17T23:59:59Z
naver-SYNTH-001-2026-07-17-C03,synthetic-advertiser-001,naver,SYNTH-001,2026-07-17,C03,Generic Search High Intent,Naver,578011.2,79444,3195.0,164.85,4924997.72,4.021701,180.911173,5.159624,3506.285691,852.059225,2026-07-17T23:59:59Z
naver-SYNTH-001-2026-07-17-C04,synthetic-advertiser-001,naver,SYNTH-001,2026-07-17,C04,Generic Search Mid Intent,Naver,454828.59,50166,1575.0,73.71,2753977.27,3.139577,288.780058,4.68,6170.514065,605.497833,2026-07-17T23:59:59Z
naver-SYNTH-001-2026-07-17-C05,synthetic-advertiser-001,naver,SYNTH-001,2026-07-17,C05,Shopping Best Seller,Naver,703954.32,92757,6038.0,342.42,6186696.45,6.509482,116.587333,5.671083,2055.821265,878.849137,2026-07-17T23:59:59Z
naver-SYNTH-001-2026-07-17-C06,synthetic-advertiser-001,naver,SYNTH-001,2026-07-17,C06,Shopping Long Tail,Naver,393411.9,50788,2046.0,109.26,2462012.47,4.028511,192.283432,5.340176,3600.694682,625.810369,2026-07-17T23:59:59Z
naver-SYNTH-001-2026-07-17-C07,synthetic-advertiser-001,naver,SYNTH-001,2026-07-17,C07,Retargeting,Naver,312279.62,51377,4687.0,468.78,3356389.64,9.122759,66.626758,10.001707,666.15388,1074.802668,2026-07-17T23:59:59Z
naver-SYNTH-001-2026-07-17-C08,synthetic-advertiser-001,naver,SYNTH-001,2026-07-17,C08,Competitor,Naver,334021.56,37612,1232.0,41.53,2132098.0,3.27555,271.121393,3.370942,8042.898039,638.3115,2026-07-17T23:59:59Z
naver-SYNTH-001-2026-07-17-C09,synthetic-advertiser-001,naver,SYNTH-001,2026-07-17,C09,Prospecting,Naver,656810.03,57550,1611.0,49.99,5718736.4,2.799305,407.703307,3.103042,13138.82831,870.683479,2026-07-17T23:59:59Z
naver-SYNTH-001-2026-07-17-C10,synthetic-advertiser-001,naver,SYNTH-001,2026-07-17,C10,Seasonal,Naver,548169.87,67818,2492.0,106.73,4382309.73,3.674541,219.971858,4.282905,5136.043013,799.443742,2026-07-17T23:59:59Z
naver-SYNTH-001-2026-07-17-C11,synthetic-advertiser-001,naver,SYNTH-001,2026-07-17,C11,New Product Launch,Naver,604979.26,70857,3046.0,100.27,5280492.91,4.298799,198.614335,3.291858,6033.502182,872.838662,2026-07-17T23:59:59Z
naver-SYNTH-001-2026-07-17-C12,synthetic-advertiser-001,naver,SYNTH-001,2026-07-17,C12,Low Efficiency Legacy,Naver,310091.44,26849,622.0,12.63,781839.04,2.31666,498.539296,2.030547,24551.974809,252.131769,2026-07-17T23:59:59Z
naver-SYNTH-001-2026-07-18-C01,synthetic-advertiser-001,naver,SYNTH-001,2026-07-18,C01,Brand Search Core,Naver,503334.95,77884,4869.0,384.6,4527452.51,6.251605,103.375427,7.898953,1308.723229,899.49098,2026-07-18T23:59:59Z
naver-SYNTH-001-2026-07-18-C02,synthetic-advertiser-001,naver,SYNTH-001,2026-07-18,C02,Brand Search Expansion,Naver,309679.06,40869,2433.0,180.31,2318786.88,5.953167,127.282803,7.411015,1717.481337,748.770962,2026-07-18T23:59:59Z
naver-SYNTH-001-2026-07-18-C03,synthetic-advertiser-001,naver,SYNTH-001,2026-07-18,C03,Generic Search High Intent,Naver,548206.76,65455,3159.0,180.67,4356580.91,4.826216,173.538069,5.719215,3034.298772,794.69668,2026-07-18T23:59:59Z
naver-SYNTH-001-2026-07-18-C04,synthetic-advertiser-001,naver,SYNTH-001,2026-07-18,C04,Generic Search Mid Intent,Naver,491498.22,55219,1996.0,90.6,3004303.23,3.614698,246.241595,4.539078,5424.9252,611.254139,2026-07-18T23:59:59Z
naver-SYNTH-001-2026-07-18-C05,synthetic-advertiser-001,naver,SYNTH-001,2026-07-18,C05,Shopping Best Seller,Naver,618681.8,79541,3522.0,246.15,6127628.08,4.427905,175.662066,6.988927,2513.434076,990.432902,2026-07-18T23:59:59Z
naver-SYNTH-001-2026-07-18-C06,synthetic-advertiser-001,naver,SYNTH-001,2026-07-18,C06,Shopping Long Tail,Naver,411925.94,44038,1956.0,113.01,2090487.62,4.441619,210.596083,5.777607,3645.039715,507.491134,2026-07-18T23:59:59Z
naver-SYNTH-001-2026-07-18-C07,synthetic-advertiser-001,naver,SYNTH-001,2026-07-18,C07,Retargeting,Naver,253275.94,43525,3686.0,365.65,2780510.23,8.468696,68.712953,9.919967,692.673166,1097.818529,2026-07-18T23:59:59Z
naver-SYNTH-001-2026-07-18-C08,synthetic-advertiser-001,naver,SYNTH-001,2026-07-18,C08,Competitor,Naver,321417.09,33872,1086.0,43.04,1442632.13,3.206188,295.964171,3.963168,7467.869188,448.834917,2026-07-18T23:59:59Z
naver-SYNTH-001-2026-07-18-C09,synthetic-advertiser-001,naver,SYNTH-001,2026-07-18,C09,Prospecting,Naver,735971.06,73118,1821.0,51.21,5812895.05,2.490495,404.157641,2.812191,14371.627902,789.826575,2026-07-18T23:59:59Z
naver-SYNTH-001-2026-07-18-C10,synthetic-advertiser-001,naver,SYNTH-001,2026-07-18,C10,Seasonal,Naver,540611.71,67245,3231.0,222.09,5274053.47,4.804818,167.320244,6.873723,2434.20104,975.571446,2026-07-18T23:59:59Z
naver-SYNTH-001-2026-07-18-C11,synthetic-advertiser-001,naver,SYNTH-001,2026-07-18,C11,New Product Launch,Naver,609508.17,67208,2643.0,80.75,4553124.98,3.932568,230.612248,3.05524,7548.088798,747.016234,2026-07-18T23:59:59Z
naver-SYNTH-001-2026-07-18-C12,synthetic-advertiser-001,naver,SYNTH-001,2026-07-18,C12,Low Efficiency Legacy,Naver,257594.74,22595,569.0,11.87,700803.43,2.518256,452.714832,2.086116,21701.325971,272.056579,2026-07-18T23:59:59Z
naver-SYNTH-001-2026-07-19-C01,synthetic-advertiser-001,naver,SYNTH-001,2026-07-19,C01,Brand Search Core,Naver,410814.03,67523,5022.0,399.11,4085213.49,7.437466,81.802874,7.947232,1029.325336,994.419163,2026-07-19T23:59:59Z
naver-SYNTH-001-2026-07-19-C02,synthetic-advertiser-001,naver,SYNTH-001,2026-07-19,C02,Brand Search Expansion,Naver,314239.49,48743,3139.0,236.84,2171751.32,6.439899,100.108153,7.545078,1326.800759,691.113427,2026-07-19T23:59:59Z
naver-SYNTH-001-2026-07-19-C03,synthetic-advertiser-001,naver,SYNTH-001,2026-07-19,C03,Generic Search High Intent,Naver,484341.6,59136,3278.0,169.47,3392496.84,5.543155,147.755217,5.169921,2857.978412,700.434741,2026-07-19T23:59:59Z
naver-SYNTH-001-2026-07-19-C04,synthetic-advertiser-001,naver,SYNTH-001,2026-07-19,C04,Generic Search Mid Intent,Naver,438818.9,51196,1823.0,66.47,2588302.96,3.560825,240.712506,3.646188,6601.758652,589.833978,2026-07-19T23:59:59Z
naver-SYNTH-001-2026-07-19-C05,synthetic-advertiser-001,naver,SYNTH-001,2026-07-19,C05,Shopping Best Seller,Naver,681329.86,90095,5643.0,376.63,5206685.86,6.263389,120.738943,6.674287,1809.016429,764.194582,2026-07-19T23:59:59Z
naver-SYNTH-001-2026-07-19-C06,synthetic-advertiser-001,naver,SYNTH-001,2026-07-19,C06,Shopping Long Tail,Naver,366700.59,39865,1270.0,51.28,2322505.51,3.185752,288.740626,4.037795,7150.947636,633.351989,2026-07-19T23:59:59Z
naver-SYNTH-001-2026-07-19-C07,synthetic-advertiser-001,naver,SYNTH-001,2026-07-19,C07,Retargeting,Naver,268434.77,43662,3647.0,367.9,2963193.33,8.352801,73.604268,10.087743,729.640569,1103.878378,2026-07-19T23:59:59Z
naver-SYNTH-001-2026-07-19-C08,synthetic-advertiser-001,naver,SYNTH-001,2026-07-19,C08,Competitor,Naver,308236.04,30321,1038.0,33.26,1711189.23,3.42337,296.951867,3.204239,9267.469573,555.155471,2026-07-19T23:59:59Z
naver-SYNTH-001-2026-07-19-C09,synthetic-advertiser-001,naver,SYNTH-001,2026-07-19,C09,Prospecting,Naver,641531.04,69247,1859.0,65.57,4833923.94,2.684593,345.094697,3.527165,9783.910958,753.498058,2026-07-19T23:59:59Z
naver-SYNTH-001-2026-07-19-C10,synthetic-advertiser-001,naver,SYNTH-001,2026-07-19,C10,Seasonal,Naver,483697.14,53826,2413.0,130.89,4278227.47,4.482964,200.454678,5.424368,3695.447607,884.484761,2026-07-19T23:59:59Z
naver-SYNTH-001-2026-07-19-C11,synthetic-advertiser-001,naver,SYNTH-001,2026-07-19,C11,New Product Launch,Naver,592179.34,69410,2007.0,89.85,3944836.82,2.891514,295.056972,4.476831,6590.755072,666.155763,2026-07-19T23:59:59Z
naver-SYNTH-001-2026-07-19-C12,synthetic-advertiser-001,naver,SYNTH-001,2026-07-19,C12,Low Efficiency Legacy,Naver,275481.2,23823,590.0,15.17,814009.97,2.476598,466.917287,2.571186,18159.604447,295.486577,2026-07-19T23:59:59Z
naver-SYNTH-001-2026-07-20-C01,synthetic-advertiser-001,naver,SYNTH-001,2026-07-20,C01,Brand Search Core,Naver,565818.01,78477,5060.0,404.01,4463582.7,6.447749,111.82174,7.984387,1400.504955,788.872508,2026-07-20T23:59:59Z
naver-SYNTH-001-2026-07-20-C02,synthetic-advertiser-001,naver,SYNTH-001,2026-07-20,C02,Brand Search Expansion,Naver,343242.68,50868,3164.0,221.75,2236970.26,6.22002,108.483781,7.008534,1547.881327,651.716807,2026-07-20T23:59:59Z
naver-SYNTH-001-2026-07-20-C03,synthetic-advertiser-001,naver,SYNTH-001,2026-07-20,C03,Generic Search High Intent,Naver,605753.89,76434,5104.0,270.27,4576296.5,6.677657,118.682189,5.295259,2241.291645,755.471249,2026-07-20T23:59:59Z
naver-SYNTH-001-2026-07-20-C04,synthetic-advertiser-001,naver,SYNTH-001,2026-07-20,C04,Generic Search Mid Intent,Naver,518047.47,56391,2421.0,92.94,3308362.09,4.293238,213.980779,3.83891,5573.998981,638.621421,2026-07-20T23:59:59Z
naver-SYNTH-001-2026-07-20-C05,synthetic-advertiser-001,naver,SYNTH-001,2026-07-20,C05,Shopping Best Seller,Naver,729118.46,89631,5442.0,305.07,5709446.89,6.07156,133.979871,5.605843,2390.003792,783.061632,2026-07-20T23:59:59Z
naver-SYNTH-001-2026-07-20-C06,synthetic-advertiser-001,naver,SYNTH-001,2026-07-20,C06,Shopping Long Tail,Naver,394958.36,41662,1620.0,83.91,2928450.02,3.888436,243.801457,5.17963,4706.92837,741.457917,2026-07-20T23:59:59Z
naver-SYNTH-001-2026-07-20-C07,synthetic-advertiser-001,naver,SYNTH-001,2026-07-20,C07,Retargeting,Naver,322214.11,52748,4714.0,494.27,3174041.15,8.936832,68.352591,10.485151,651.898991,985.072042,2026-07-20T23:59:59Z
naver-SYNTH-001-2026-07-20-C08,synthetic-advertiser-001,naver,SYNTH-001,2026-07-20,C08,Competitor,Naver,391075.51,41673,1622.0,70.77,2363271.57,3.892208,241.106972,4.363132,5526.006906,604.300582,2026-07-20T23:59:59Z
naver-SYNTH-001-2026-07-20-C09,synthetic-advertiser-001,naver,SYNTH-001,2026-07-20,C09,Prospecting,Naver,700774.41,74276,2314.0,54.52,3373797.1,3.115407,302.841144,2.356093,12853.529094,481.438401,2026-07-20T23:59:59Z
naver-SYNTH-001-2026-07-20-C10,synthetic-advertiser-001,naver,SYNTH-001,2026-07-20,C10,Seasonal,Naver,555906.21,72555,2997.0,160.68,5505700.45,4.130659,185.487559,5.361361,3459.710072,990.400955,2026-07-20T23:59:59Z
naver-SYNTH-001-2026-07-20-C11,synthetic-advertiser-001,naver,SYNTH-001,2026-07-20,C11,New Product Launch,Naver,613636.14,72636,1983.0,87.3,3206438.19,2.730051,309.44838,4.402421,7029.05082,522.530862,2026-07-20T23:59:59Z
naver-SYNTH-001-2026-07-20-C12,synthetic-advertiser-001,naver,SYNTH-001,2026-07-20,C12,Low Efficiency Legacy,Naver,343838.21,30802,792.0,18.91,834478.53,2.571262,434.13916,2.387626,18182.877556,242.69511,2026-07-20T23:59:59Z
naver-SYNTH-001-2026-07-21-C01,synthetic-advertiser-001,naver,SYNTH-001,2026-07-21,C01,Brand Search Core,Naver,488744.61,68451,4924.0,413.47,4351264.43,7.193467,99.257639,8.397035,1182.055807,890.294092,2026-07-21T23:59:59Z
naver-SYNTH-001-2026-07-21-C02,synthetic-advertiser-001,naver,SYNTH-001,2026-07-21,C02,Brand Search Expansion,Naver,351381.12,49896,2808.0,210.27,2251520.16,5.627706,125.135725,7.488248,1671.094863,640.762994,2026-07-21T23:59:59Z
naver-SYNTH-001-2026-07-21-C03,synthetic-advertiser-001,naver,SYNTH-001,2026-07-21,C03,Generic Search High Intent,Naver,579263.19,68373,3815.0,194.44,5111718.67,5.579688,151.838321,5.096723,2979.13595,882.451833,2026-07-21T23:59:59Z
naver-SYNTH-001-2026-07-21-C04,synthetic-advertiser-001,naver,SYNTH-001,2026-07-21,C04,Generic Search Mid Intent,Naver,479910.57,62875,2601.0,119.97,3089986.9,4.136779,184.510021,4.612457,4000.254775,643.867238,2026-07-21T23:59:59Z
naver-SYNTH-001-2026-07-21-C05,synthetic-advertiser-001,naver,SYNTH-001,2026-07-21,C05,Shopping Best Seller,Naver,663187.74,97890,4597.0,351.64,5379891.88,4.696087,144.265333,7.649337,1885.98492,811.217032,2026-07-21T23:59:59Z
naver-SYNTH-001-2026-07-21-C06,synthetic-advertiser-001,naver,SYNTH-001,2026-07-21,C06,Shopping Long Tail,Naver,421698.48,47146,1696.0,103.16,2490463.64,3.597336,248.642969,6.082547,4087.809962,590.579237,2026-07-21T23:59:59Z
naver-SYNTH-001-2026-07-21-C07,synthetic-advertiser-001,naver,SYNTH-001,2026-07-21,C07,Retargeting,Naver,277207.46,46524,3877.0,365.99,3201708.75,8.333333,71.500505,9.440031,757.418119,1154.986512,2026-07-21T23:59:59Z
naver-SYNTH-001-2026-07-21-C08,synthetic-advertiser-001,naver,SYNTH-001,2026-07-21,C08,Competitor,Naver,383829.7,40430,1693.0,54.29,2636809.46,4.187485,226.715709,3.206734,7069.988875,686.973804,2026-07-21T23:59:59Z
naver-SYNTH-001-2026-07-21-C09,synthetic-advertiser-001,naver,SYNTH-001,2026-07-21,C09,Prospecting,Naver,685272.7,71457,2045.0,53.99,6389326.16,2.861861,335.096676,2.640098,12692.585704,932.37716,2026-07-21T23:59:59Z
naver-SYNTH-001-2026-07-21-C10,synthetic-advertiser-001,naver,SYNTH-001,2026-07-21,C10,Seasonal,Naver,491383.76,60083,2403.0,124.45,3844714.99,3.999467,204.487625,5.178943,3948.443248,782.426138,2026-07-21T23:59:59Z
naver-SYNTH-001-2026-07-21-C11,synthetic-advertiser-001,naver,SYNTH-001,2026-07-21,C11,New Product Launch,Naver,732015.36,86838,3415.0,122.92,4797459.19,3.93261,214.352962,3.599414,5955.217742,655.376844,2026-07-21T23:59:59Z
naver-SYNTH-001-2026-07-21-C12,synthetic-advertiser-001,naver,SYNTH-001,2026-07-21,C12,Low Efficiency Legacy,Naver,285860.25,27619,636.0,11.3,799402.89,2.302763,449.465809,1.77673,25297.367642,279.648143,2026-07-21T23:59:59Z
naver-SYNTH-001-2026-07-22-C01,synthetic-advertiser-001,naver,SYNTH-001,2026-07-22,C01,Brand Search Core,Naver,512756.29,80520,6347.0,402.02,4466403.1,7.882514,80.787189,6.334016,1275.449703,871.057692,2026-07-22T23:59:59Z
naver-SYNTH-001-2026-07-22-C02,synthetic-advertiser-001,naver,SYNTH-001,2026-07-22,C02,Brand Search Expansion,Naver,346471.68,46690,2897.0,193.88,2351875.86,6.204755,119.596715,6.69244,1787.041902,678.807524,2026-07-22T23:59:59Z
naver-SYNTH-001-2026-07-22-C03,synthetic-advertiser-001,naver,SYNTH-001,2026-07-22,C03,Generic Search High Intent,Naver,573374.01,73372,3230.0,163.8,4506123.67,4.402224,177.515172,5.071207,3500.451812,785.89605,2026-07-22T23:59:59Z
naver-SYNTH-001-2026-07-22-C04,synthetic-advertiser-001,naver,SYNTH-001,2026-07-22,C04,Generic Search Mid Intent,Naver,508876.0,66705,2318.0,90.72,3003791.69,3.475002,219.532354,3.913719,5609.303311,590.279696,2026-07-22T23:59:59Z
naver-SYNTH-001-2026-07-22-C05,synthetic-advertiser-001,naver,SYNTH-001,2026-07-22,C05,Shopping Best Seller,Naver,727930.82,99658,6218.0,375.4,6176629.35,6.239339,117.068321,6.037311,1939.080505,848.518729,2026-07-22T23:59:59Z
naver-SYNTH-001-2026-07-22-C06,synthetic-advertiser-001,naver,SYNTH-001,2026-07-22,C06,Shopping Long Tail,Naver,385596.61,43088,2146.0,0.0,2548441.24,4.980505,179.68155,0.0,0,660.908627,2026-07-22T23:59:59Z
naver-SYNTH-001-2026-07-22-C07,synthetic-advertiser-001,naver,SYNTH-001,2026-07-22,C07,Retargeting,Naver,250639.43,39242,3364.0,335.41,2700175.5,8.572448,74.506371,9.970571,747.262853,1077.314716,2026-07-22T23:59:59Z
naver-SYNTH-001-2026-07-22-C08,synthetic-advertiser-001,naver,SYNTH-001,2026-07-22,C08,Competitor,Naver,346842.12,36602,1118.0,34.47,2427307.1,3.054478,310.234451,3.083184,10062.144354,699.830555,2026-07-22T23:59:59Z
naver-SYNTH-001-2026-07-22-C09,synthetic-advertiser-001,naver,SYNTH-001,2026-07-22,C09,Prospecting,Naver,743890.27,81393,2105.0,65.86,4128864.64,2.586217,353.392052,3.128741,11295.023824,555.036786,2026-07-22T23:59:59Z
naver-SYNTH-001-2026-07-22-C10,synthetic-advertiser-001,naver,SYNTH-001,2026-07-22,C10,Seasonal,Naver,542852.68,68612,3078.0,155.52,5277836.59,4.486096,176.365394,5.052632,3490.565085,972.241044,2026-07-22T23:59:59Z
naver-SYNTH-001-2026-07-22-C11,synthetic-advertiser-001,naver,SYNTH-001,2026-07-22,C11,New Product Launch,Naver,685502.99,70096,2547.0,74.38,5627951.47,3.633588,269.141338,2.920298,9216.227302,820.995908,2026-07-22T23:59:59Z
naver-SYNTH-001-2026-07-22-C12,synthetic-advertiser-001,naver,SYNTH-001,2026-07-22,C12,Low Efficiency Legacy,Naver,303929.84,27061,658.0,13.07,681340.66,2.431544,461.899454,1.986322,23254.004632,224.176955,2026-07-22T23:59:59Z
naver-SYNTH-001-2026-07-23-C01,synthetic-advertiser-001,naver,SYNTH-001,2026-07-23,C01,Brand Search Core,Naver,498828.47,70317,5514.0,439.35,4014713.25,7.841631,90.46581,7.9679,1135.37834,804.828405,2026-07-23T23:59:59Z
naver-SYNTH-001-2026-07-23-C02,synthetic-advertiser-001,naver,SYNTH-001,2026-07-23,C02,Brand Search Expansion,Naver,348053.78,49227,3254.0,235.48,2418509.83,6.610194,106.961825,7.236632,1478.060893,694.866707,2026-07-23T23:59:59Z
naver-SYNTH-001-2026-07-23-C03,synthetic-advertiser-001,naver,SYNTH-001,2026-07-23,C03,Generic Search High Intent,Naver,536363.07,65313,2843.0,144.83,4634584.45,4.352885,188.660946,5.094267,3703.397568,864.07598,2026-07-23T23:59:59Z
naver-SYNTH-001-2026-07-23-C04,synthetic-advertiser-001,naver,SYNTH-001,2026-07-23,C04,Generic Search Mid Intent,Naver,453846.95,54086,2156.0,97.07,3147076.83,3.986244,210.504149,4.502319,4675.460447,693.422499,2026-07-23T23:59:59Z
naver-SYNTH-001-2026-07-23-C05,synthetic-advertiser-001,naver,SYNTH-001,2026-07-23,C05,Shopping Best Seller,Naver,753997.04,99775,7217.0,537.16,5500741.51,7.233275,104.475134,7.442982,1403.673099,729.544177,2026-07-23T23:59:59Z
naver-SYNTH-001-2026-07-23-C06,synthetic-advertiser-001,naver,SYNTH-001,2026-07-23,C06,Shopping Long Tail,Naver,437712.16,50848,1712.0,65.85,2549758.67,3.366897,255.672993,3.846379,6647.10956,582.51949,2026-07-23T23:59:59Z
naver-SYNTH-001-2026-07-23-C07,synthetic-advertiser-001,naver,SYNTH-001,2026-07-23,C07,Retargeting,Naver,316252.32,51104,4466.0,495.16,3350947.89,8.739042,70.813327,11.087326,638.687125,1059.580504,2026-07-23T23:59:59Z
naver-SYNTH-001-2026-07-23-C08,synthetic-advertiser-001,naver,SYNTH-001,2026-07-23,C08,Competitor,Naver,399417.6,41292,1523.0,63.76,2187612.0,3.688366,262.257127,4.186474,6264.391538,547.700446,2026-07-23T23:59:59Z
naver-SYNTH-001-2026-07-23-C09,synthetic-advertiser-001,naver,SYNTH-001,2026-07-23,C09,Prospecting,Naver,720389.53,73736,2111.0,57.21,3679865.44,2.862916,341.255105,2.71009,12592.021075,510.816066,2026-07-23T23:59:59Z
naver-SYNTH-001-2026-07-23-C10,synthetic-advertiser-001,naver,SYNTH-001,2026-07-23,C10,Seasonal,Naver,632720.83,84710,3569.0,230.05,5647678.29,4.213198,177.282386,6.445783,2750.362243,892.601916,2026-07-23T23:59:59Z
naver-SYNTH-001-2026-07-23-C11,synthetic-advertiser-001,naver,SYNTH-001,2026-07-23,C11,New Product Launch,Naver,672586.16,72298,2201.0,102.0,4104160.0,3.044344,305.58208,4.634257,6593.981933,610.205838,2026-07-23T23:59:59Z
naver-SYNTH-001-2026-07-23-C12,synthetic-advertiser-001,naver,SYNTH-001,2026-07-23,C12,Low Efficiency Legacy,Naver,335334.76,29006,615.0,11.84,929474.99,2.120251,545.259772,1.925203,28322.192553,277.17824,2026-07-23T23:59:59Z
naver-SYNTH-001-2026-07-24-C01,synthetic-advertiser-001,naver,SYNTH-001,2026-07-24,C01,Brand Search Core,Naver,485545.87,69470,5015.0,371.07,4221026.28,7.218943,96.818718,7.399202,1308.502084,869.336256,2026-07-24T23:59:59Z
naver-SYNTH-001-2026-07-24-C02,synthetic-advertiser-001,naver,SYNTH-001,2026-07-24,C02,Brand Search Expansion,Naver,341369.25,47883,2703.0,181.84,2566975.79,5.64501,126.292731,6.72734,1877.305604,751.964561,2026-07-24T23:59:59Z
naver-SYNTH-001-2026-07-24-C03,synthetic-advertiser-001,naver,SYNTH-001,2026-07-24,C03,Generic Search High Intent,Naver,552632.36,64627,3005.0,163.88,4404362.59,4.649759,183.904281,5.453577,3372.176985,796.978764,2026-07-24T23:59:59Z
naver-SYNTH-001-2026-07-24-C04,synthetic-advertiser-001,naver,SYNTH-001,2026-07-24,C04,Generic Search Mid Intent,Naver,500904.52,62361,1789.0,81.99,3265534.56,2.86878,279.991348,4.583007,6109.336767,651.927547,2026-07-24T23:59:59Z
naver-SYNTH-001-2026-07-24-C05,synthetic-advertiser-001,naver,SYNTH-001,2026-07-24,C05,Shopping Best Seller,Naver,772743.88,104126,5550.0,290.09,5427871.21,5.330081,139.233132,5.226847,2663.807384,702.415292,2026-07-24T23:59:59Z
naver-SYNTH-001-2026-07-24-C06,synthetic-advertiser-001,naver,SYNTH-001,2026-07-24,C06,Shopping Long Tail,Naver,437674.34,42174,1553.0,95.24,2713701.25,3.682364,281.825073,6.132646,4595.488651,620.027497,2026-07-24T23:59:59Z
naver-SYNTH-001-2026-07-24-C07,synthetic-advertiser-001,naver,SYNTH-001,2026-07-24,C07,Retargeting,Naver,291278.03,49738,4427.0,471.97,3162049.32,8.900639,65.795806,10.66117,617.153702,1085.577683,2026-07-24T23:59:59Z
naver-SYNTH-001-2026-07-24-C08,synthetic-advertiser-001,naver,SYNTH-001,2026-07-24,C08,Competitor,Naver,333806.23,34419,1158.0,40.18,2427862.35,3.364421,288.260989,3.469775,8307.770675,727.326863,2026-07-24T23:59:59Z
naver-SYNTH-001-2026-07-24-C09,synthetic-advertiser-001,naver,SYNTH-001,2026-07-24,C09,Prospecting,Naver,735647.1,74425,1628.0,42.15,5378526.95,2.187437,451.871681,2.589066,17453.07467,731.128685,2026-07-24T23:59:59Z
naver-SYNTH-001-2026-07-24-C10,synthetic-advertiser-001,naver,SYNTH-001,2026-07-24,C10,Seasonal,Naver,654310.05,91099,4458.0,213.92,5004897.02,4.893577,146.772107,4.798564,3058.667038,764.912139,2026-07-24T23:59:59Z
naver-SYNTH-001-2026-07-24-C11,synthetic-advertiser-001,naver,SYNTH-001,2026-07-24,C11,New Product Launch,Naver,557574.12,62516,2191.0,110.47,3613288.16,3.504703,254.483854,5.04199,5047.289974,648.037275,2026-07-24T23:59:59Z
naver-SYNTH-001-2026-07-24-C12,synthetic-advertiser-001,naver,SYNTH-001,2026-07-24,C12,Low Efficiency Legacy,Naver,284775.52,23921,471.0,8.91,709701.54,1.968981,604.618932,1.89172,31961.337485,249.214381,2026-07-24T23:59:59Z
naver-SYNTH-001-2026-07-25-C01,synthetic-advertiser-001,naver,SYNTH-001,2026-07-25,C01,Brand Search Core,Naver,426907.53,66797,4462.0,296.16,4280600.01,6.679941,95.676274,6.637382,1441.476005,1002.699571,2026-07-25T23:59:59Z
naver-SYNTH-001-2026-07-25-C02,synthetic-advertiser-001,naver,SYNTH-001,2026-07-25,C02,Brand Search Expansion,Naver,298357.89,43869,2810.0,188.61,2108656.73,6.405434,106.177184,6.7121,1581.877344,706.754147,2026-07-25T23:59:59Z
naver-SYNTH-001-2026-07-25-C03,synthetic-advertiser-001,naver,SYNTH-001,2026-07-25,C03,Generic Search High Intent,Naver,495047.26,61810,3095.0,97.87,4047417.27,5.00728,159.95065,3.162197,5058.212549,817.581992,2026-07-25T23:59:59Z
naver-SYNTH-001-2026-07-25-C04,synthetic-advertiser-001,naver,SYNTH-001,2026-07-25,C04,Generic Search Mid Intent,Naver,458380.61,51110,2255.0,109.83,3076519.4,4.412052,203.272996,4.87051,4173.546452,671.17137,2026-07-25T23:59:59Z
naver-SYNTH-001-2026-07-25-C05,synthetic-advertiser-001,naver,SYNTH-001,2026-07-25,C05,Shopping Best Seller,Naver,543155.42,76658,3572.0,214.66,5325676.54,4.659657,152.059189,6.009518,2530.305714,980.506922,2026-07-25T23:59:59Z
naver-SYNTH-001-2026-07-25-C06,synthetic-advertiser-001,naver,SYNTH-001,2026-07-25,C06,Shopping Long Tail,Naver,399565.99,40941,1661.0,65.02,2099446.73,4.057058,240.557492,3.914509,6145.278296,525.431783,2026-07-25T23:59:59Z
naver-SYNTH-001-2026-07-25-C07,synthetic-advertiser-001,naver,SYNTH-001,2026-07-25,C07,Retargeting,Naver,290090.21,48394,4008.0,446.9,3271743.71,8.282018,72.377798,11.1502,649.116612,1127.836636,2026-07-25T23:59:59Z
naver-SYNTH-001-2026-07-25-C08,synthetic-advertiser-001,naver,SYNTH-001,2026-07-25,C08,Competitor,Naver,360396.9,32462,1166.0,38.87,2995957.59,3.591892,309.088252,3.333619,9271.852369,831.293937,2026-07-25T23:59:59Z
naver-SYNTH-001-2026-07-25-C09,synthetic-advertiser-001,naver,SYNTH-001,2026-07-25,C09,Prospecting,Naver,620692.29,66423,1761.0,51.63,5058801.18,2.65119,352.465811,2.931857,12021.930905,815.025615,2026-07-25T23:59:59Z
naver-SYNTH-001-2026-07-25-C10,synthetic-advertiser-001,naver,SYNTH-001,2026-07-25,C10,Seasonal,Naver,511232.26,60734,2645.0,137.27,6104497.2,4.355056,193.282519,5.189792,3724.282534,1194.075107,2026-07-25T23:59:59Z
naver-SYNTH-001-2026-07-25-C11,synthetic-advertiser-001,naver,SYNTH-001,2026-07-25,C11,New Product Launch,Naver,611694.71,66052,2065.0,82.57,4551947.59,3.126325,296.220198,3.998547,7408.195579,744.153501,2026-07-25T23:59:59Z
naver-SYNTH-001-2026-07-25-C12,synthetic-advertiser-001,naver,SYNTH-001,2026-07-25,C12,Low Efficiency Legacy,Naver,267593.56,26505,649.0,10.81,771069.18,2.448595,412.316732,1.665639,24754.260797,288.149379,2026-07-25T23:59:59Z
naver-SYNTH-001-2026-07-26-C01,synthetic-advertiser-001,naver,SYNTH-001,2026-07-26,C01,Brand Search Core,Naver,411486.48,64902,4888.0,407.26,4057120.4,7.531355,84.182994,8.331833,1010.377832,985.966888,2026-07-26T23:59:59Z
naver-SYNTH-001-2026-07-26-C02,synthetic-advertiser-001,naver,SYNTH-001,2026-07-26,C02,Brand Search Expansion,Naver,258028.42,36608,2330.0,146.13,1870425.65,6.364729,110.741813,6.271674,1765.745734,724.891322,2026-07-26T23:59:59Z
naver-SYNTH-001-2026-07-26-C03,synthetic-advertiser-001,naver,SYNTH-001,2026-07-26,C03,Generic Search High Intent,Naver,542014.12,63378,3061.0,153.7,4883740.43,4.829752,177.070931,5.021235,3526.441906,901.035646,2026-07-26T23:59:59Z
naver-SYNTH-001-2026-07-26-C04,synthetic-advertiser-001,naver,SYNTH-001,2026-07-26,C04,Generic Search Mid Intent,Naver,434508.66,54046,1976.0,98.26,2961498.34,3.656145,219.893048,4.972672,4422.029942,681.574062,2026-07-26T23:59:59Z
naver-SYNTH-001-2026-07-26-C05,synthetic-advertiser-001,naver,SYNTH-001,2026-07-26,C05,Shopping Best Seller,Naver,593932.7,77669,4555.0,305.55,5379078.47,5.864631,130.391371,6.708013,1943.815074,905.671384,2026-07-26T23:59:59Z
naver-SYNTH-001-2026-07-26-C06,synthetic-advertiser-001,naver,SYNTH-001,2026-07-26,C06,Shopping Long Tail,Naver,354835.43,39526,1830.0,77.18,2148550.43,4.629864,193.899141,4.217486,4597.504894,605.506176,2026-07-26T23:59:59Z
naver-SYNTH-001-2026-07-26-C07,synthetic-advertiser-001,naver,SYNTH-001,2026-07-26,C07,Retargeting,Naver,261428.15,44703,3560.0,338.19,3092608.5,7.963671,73.434872,9.499719,773.021515,1182.966926,2026-07-26T23:59:59Z
naver-SYNTH-001-2026-07-26-C08,synthetic-advertiser-001,naver,SYNTH-001,2026-07-26,C08,Competitor,Naver,280991.02,30562,1200.0,32.78,1438706.78,3.926445,234.159184,2.731667,8572.026276,512.011655,2026-07-26T23:59:59Z
naver-SYNTH-001-2026-07-26-C09,synthetic-advertiser-001,naver,SYNTH-001,2026-07-26,C09,Prospecting,Naver,598085.1,53741,1426.0,33.06,4241105.04,2.653468,419.414513,2.318373,18090.898221,709.113982,2026-07-26T23:59:59Z
naver-SYNTH-001-2026-07-26-C10,synthetic-advertiser-001,naver,SYNTH-001,2026-07-26,C10,Seasonal,Naver,483123.78,58637,2484.0,112.18,4633072.2,4.236233,194.494274,4.516103,4306.683688,958.982446,2026-07-26T23:59:59Z
naver-SYNTH-001-2026-07-26-C11,synthetic-advertiser-001,naver,SYNTH-001,2026-07-26,C11,New Product Launch,Naver,592676.28,64184,2196.0,88.87,4435559.67,3.421413,269.889019,4.046903,6669.025373,748.394998,2026-07-26T23:59:59Z
naver-SYNTH-001-2026-07-26-C12,synthetic-advertiser-001,naver,SYNTH-001,2026-07-26,C12,Low Efficiency Legacy,Naver,269708.28,23267,394.0,10.62,717643.78,1.693385,684.538778,2.695431,25396.259751,266.081479,2026-07-26T23:59:59Z
naver-SYNTH-001-2026-07-27-C01,synthetic-advertiser-001,naver,SYNTH-001,2026-07-27,C01,Brand Search Core,Naver,525166.13,83565,6089.0,469.08,4205543.1,7.286543,86.248339,7.703728,1119.566246,800.802418,2026-07-27T23:59:59Z
naver-SYNTH-001-2026-07-27-C02,synthetic-advertiser-001,naver,SYNTH-001,2026-07-27,C02,Brand Search Expansion,Naver,295161.45,44970,2782.0,175.62,2225272.31,6.186346,106.096856,6.312725,1680.682463,753.916978,2026-07-27T23:59:59Z
naver-SYNTH-001-2026-07-27-C03,synthetic-advertiser-001,naver,SYNTH-001,2026-07-27,C03,Generic Search High Intent,Naver,647094.23,91972,3751.0,188.64,5818589.69,4.078415,172.512459,5.029059,3430.312937,899.187382,2026-07-27T23:59:59Z
naver-SYNTH-001-2026-07-27-C04,synthetic-advertiser-001,naver,SYNTH-001,2026-07-27,C04,Generic Search Mid Intent,Naver,448975.07,51044,1802.0,85.71,2857669.02,3.530288,249.153755,4.756382,5238.304349,636.487244,2026-07-27T23:59:59Z
naver-SYNTH-001-2026-07-27-C05,synthetic-advertiser-001,naver,SYNTH-001,2026-07-27,C05,Shopping Best Seller,Naver,755091.88,98788,5137.0,235.03,6250967.9,5.200024,146.990828,4.575238,3212.746813,827.84202,2026-07-27T23:59:59Z
naver-SYNTH-001-2026-07-27-C06,synthetic-advertiser-001,naver,SYNTH-001,2026-07-27,C06,Shopping Long Tail,Naver,444626.03,47008,1956.0,95.35,3020853.77,4.160994,227.313921,4.874744,4663.094166,679.414513,2026-07-27T23:59:59Z
naver-SYNTH-001-2026-07-27-C07,synthetic-advertiser-001,naver,SYNTH-001,2026-07-27,C07,Retargeting,Naver,271270.22,48614,4201.0,421.31,3022879.26,8.641544,64.572772,10.028803,643.873196,1114.342483,2026-07-27T23:59:59Z
naver-SYNTH-001-2026-07-27-C08,synthetic-advertiser-001,naver,SYNTH-001,2026-07-27,C08,Competitor,Naver,394693.17,42435,1456.0,50.77,1725062.48,3.43113,271.080475,3.486951,7774.141654,437.064181,2026-07-27T23:59:59Z
naver-SYNTH-001-2026-07-27-C09,synthetic-advertiser-001,naver,SYNTH-001,2026-07-27,C09,Prospecting,Naver,715519.26,71159,1718.0,46.31,3450981.04,2.414312,416.483856,2.695576,15450.642717,482.304421,2026-07-27T23:59:59Z
naver-SYNTH-001-2026-07-27-C10,synthetic-advertiser-001,naver,SYNTH-001,2026-07-27,C10,Seasonal,Naver,546290.04,63719,3063.0,180.72,4584554.04,4.807043,178.351304,5.900098,3022.853277,839.216107,2026-07-27T23:59:59Z
naver-SYNTH-001-2026-07-27-C11,synthetic-advertiser-001,naver,SYNTH-001,2026-07-27,C11,New Product Launch,Naver,776117.02,91616,2886.0,125.63,5567548.97,3.150105,268.924816,4.353084,6177.800041,717.359474,2026-07-27T23:59:59Z
naver-SYNTH-001-2026-07-27-C12,synthetic-advertiser-001,naver,SYNTH-001,2026-07-27,C12,Low Efficiency Legacy,Naver,301271.61,27683,552.0,10.99,888164.49,1.994004,545.78191,1.990942,27413.249729,294.805233,2026-07-27T23:59:59Z
naver-SYNTH-001-2026-07-28-C01,synthetic-advertiser-001,naver,SYNTH-001,2026-07-28,C01,Brand Search Core,Naver,534383.71,86844,6683.0,505.95,4644298.41,7.695408,79.961651,7.570702,1056.198662,869.094304,2026-07-28T23:59:59Z
naver-SYNTH-001-2026-07-28-C02,synthetic-advertiser-001,naver,SYNTH-001,2026-07-28,C02,Brand Search Expansion,Naver,315441.2,49725,2873.0,200.02,2031978.39,5.777778,109.795056,6.962061,1577.048273,644.170267,2026-07-28T23:59:59Z
naver-SYNTH-001-2026-07-28-C03,synthetic-advertiser-001,naver,SYNTH-001,2026-07-28,C03,Generic Search High Intent,Naver,566848.01,70821,2898.0,131.8,4189557.53,4.092007,195.599726,4.547964,4300.81947,739.097163,2026-07-28T23:59:59Z
naver-SYNTH-001-2026-07-28-C04,synthetic-advertiser-001,naver,SYNTH-001,2026-07-28,C04,Generic Search Mid Intent,Naver,476523.78,54937,2241.0,97.19,2848192.72,4.079218,212.638904,4.336903,4903.012479,597.702114,2026-07-28T23:59:59Z
naver-SYNTH-001-2026-07-28-C05,synthetic-advertiser-001,naver,SYNTH-001,2026-07-28,C05,Shopping Best Seller,Naver,663892.93,99067,4933.0,215.76,6103472.27,4.979458,134.581985,4.373809,3076.997277,919.345872,2026-07-28T23:59:59Z
naver-SYNTH-001-2026-07-28-C06,synthetic-advertiser-001,naver,SYNTH-001,2026-07-28,C06,Shopping Long Tail,Naver,365632.35,45219,1754.0,74.12,2246963.64,3.8789,208.456299,4.22577,4932.978249,614.541807,2026-07-28T23:59:59Z
naver-SYNTH-001-2026-07-28-C07,synthetic-advertiser-001,naver,SYNTH-001,2026-07-28,C07,Retargeting,Naver,263435.06,45157,3937.0,438.12,3100011.2,8.718471,66.91264,11.12827,601.285182,1176.764835,2026-07-28T23:59:59Z
naver-SYNTH-001-2026-07-28-C08,synthetic-advertiser-001,naver,SYNTH-001,2026-07-28,C08,Competitor,Naver,345544.12,36907,1003.0,24.39,1975535.06,2.717642,344.510586,2.431705,14167.450502,571.717172,2026-07-28T23:59:59Z
naver-SYNTH-001-2026-07-28-C09,synthetic-advertiser-001,naver,SYNTH-001,2026-07-28,C09,Prospecting,Naver,760577.18,74482,1706.0,52.29,3704485.15,2.290486,445.824841,3.065064,14545.365818,487.062359,2026-07-28T23:59:59Z
naver-SYNTH-001-2026-07-28-C10,synthetic-advertiser-001,naver,SYNTH-001,2026-07-28,C10,Seasonal,Naver,541651.63,64032,2591.0,0.0,6629942.99,4.046414,209.051191,0.0,0,1224.023443,2026-07-28T23:59:59Z
naver-SYNTH-001-2026-07-28-C11,synthetic-advertiser-001,naver,SYNTH-001,2026-07-28,C11,New Product Launch,Naver,682941.53,88649,3316.0,139.35,4603950.14,3.740595,205.953417,4.202352,4900.908015,674.135328,2026-07-28T23:59:59Z
naver-SYNTH-001-2026-07-28-C12,synthetic-advertiser-001,naver,SYNTH-001,2026-07-28,C12,Low Efficiency Legacy,Naver,289638.96,26401,449.0,9.32,762911.0,1.700693,645.075625,2.075724,31077.14116,263.400688,2026-07-28T23:59:59Z
naver-SYNTH-001-2026-07-29-C01,synthetic-advertiser-001,naver,SYNTH-001,2026-07-29,C01,Brand Search Core,Naver,449403.6,62684,4695.0,375.8,4373974.71,7.48995,95.719617,8.00426,1195.858446,973.284299,2026-07-29T23:59:59Z
naver-SYNTH-001-2026-07-29-C02,synthetic-advertiser-001,naver,SYNTH-001,2026-07-29,C02,Brand Search Expansion,Naver,326122.49,52894,3274.0,224.19,2437212.03,6.189738,99.609801,6.847587,1454.670093,747.330257,2026-07-29T23:59:59Z
naver-SYNTH-001-2026-07-29-C03,synthetic-advertiser-001,naver,SYNTH-001,2026-07-29,C03,Generic Search High Intent,Naver,575888.3,70260,4297.0,221.5,4212961.45,6.115855,134.021015,5.154759,2599.947192,731.558782,2026-07-29T23:59:59Z
naver-SYNTH-001-2026-07-29-C04,synthetic-advertiser-001,naver,SYNTH-001,2026-07-29,C04,Generic Search Mid Intent,Naver,545103.07,62722,2601.0,121.33,3227067.38,4.14687,209.574421,4.664744,4492.731136,592.010496,2026-07-29T23:59:59Z
naver-SYNTH-001-2026-07-29-C05,synthetic-advertiser-001,naver,SYNTH-001,2026-07-29,C05,Shopping Best Seller,Naver,809271.72,109956,5864.0,377.73,5894478.54,5.333042,138.006773,6.441508,2142.460799,728.368287,2026-07-29T23:59:59Z
naver-SYNTH-001-2026-07-29-C06,synthetic-advertiser-001,naver,SYNTH-001,2026-07-29,C06,Shopping Long Tail,Naver,439157.4,47734,1693.0,87.82,2668420.15,3.546738,259.395983,5.187242,5000.6536,607.622725,2026-07-29T23:59:59Z
naver-SYNTH-001-2026-07-29-C07,synthetic-advertiser-001,naver,SYNTH-001,2026-07-29,C07,Retargeting,Naver,287003.74,48392,3731.0,354.28,2935840.72,7.709952,76.92408,9.495578,810.104271,1022.927683,2026-07-29T23:59:59Z
naver-SYNTH-001-2026-07-29-C08,synthetic-advertiser-001,naver,SYNTH-001,2026-07-29,C08,Competitor,Naver,412693.98,46327,1337.0,36.65,1917086.99,2.886006,308.671637,2.741212,11260.408709,464.529915,2026-07-29T23:59:59Z
naver-SYNTH-001-2026-07-29-C09,synthetic-advertiser-001,naver,SYNTH-001,2026-07-29,C09,Prospecting,Naver,722778.99,74660,2097.0,62.52,5570717.1,2.808733,344.672863,2.981402,11560.764467,770.735888,2026-07-29T23:59:59Z
naver-SYNTH-001-2026-07-29-C10,synthetic-advertiser-001,naver,SYNTH-001,2026-07-29,C10,Seasonal,Naver,614284.51,71873,3655.0,230.99,7022317.93,5.085359,168.066898,6.319836,2659.355441,1143.17027,2026-07-29T23:59:59Z
naver-SYNTH-001-2026-07-29-C11,synthetic-advertiser-001,naver,SYNTH-001,2026-07-29,C11,New Product Launch,Naver,673476.9,71589,2475.0,123.97,4584361.96,3.457235,272.111877,5.008889,5432.579619,680.700703,2026-07-29T23:59:59Z
naver-SYNTH-001-2026-07-29-C12,synthetic-advertiser-001,naver,SYNTH-001,2026-07-29,C12,Low Efficiency Legacy,Naver,280960.06,26249,677.0,12.47,760806.79,2.579146,415.00747,1.84195,22530.878662,270.788239,2026-07-29T23:59:59Z
naver-SYNTH-001-2026-07-30-C01,synthetic-advertiser-001,naver,SYNTH-001,2026-07-30,C01,Brand Search Core,Naver,417906.39,57264,3768.0,289.23,3835541.56,6.58005,110.909339,7.675955,1444.892958,917.799213,2026-07-30T23:59:59Z
naver-SYNTH-001-2026-07-30-C02,synthetic-advertiser-001,naver,SYNTH-001,2026-07-30,C02,Brand Search Expansion,Naver,375036.66,60174,3528.0,239.19,2386929.65,5.862997,106.302908,6.779762,1567.944562,636.452355,2026-07-30T23:59:59Z
naver-SYNTH-001-2026-07-30-C03,synthetic-advertiser-001,naver,SYNTH-001,2026-07-30,C03,Generic Search High Intent,Naver,653922.03,88156,4318.0,227.4,5502437.8,4.898135,151.440953,5.266327,2875.646588,841.451658,2026-07-30T23:59:59Z
naver-SYNTH-001-2026-07-30-C04,synthetic-advertiser-001,naver,SYNTH-001,2026-07-30,C04,Generic Search Mid Intent,Naver,517875.64,57417,1885.0,79.25,2486098.53,3.283,274.735089,4.204244,6534.70842,480.05705,2026-07-30T23:59:59Z
naver-SYNTH-001-2026-07-30-C05,synthetic-advertiser-001,naver,SYNTH-001,2026-07-30,C05,Shopping Best Seller,Naver,655994.65,86244,5609.0,378.57,5556181.45,6.503641,116.95394,6.749331,1732.822601,846.985784,2026-07-30T23:59:59Z
naver-SYNTH-001-2026-07-30-C06,synthetic-advertiser-001,naver,SYNTH-001,2026-07-30,C06,Shopping Long Tail,Naver,401433.4,46779,1921.0,127.89,1969505.64,4.106544,208.971055,6.65747,3138.895902,490.618282,2026-07-30T23:59:59Z
naver-SYNTH-001-2026-07-30-C07,synthetic-advertiser-001,naver,SYNTH-001,2026-07-30,C07,Retargeting,Naver,254699.18,37756,3280.0,343.15,3119942.45,8.687361,77.652188,10.46189,742.238602,1224.95192,2026-07-30T23:59:59Z
naver-SYNTH-001-2026-07-30-C08,synthetic-advertiser-001,naver,SYNTH-001,2026-07-30,C08,Competitor,Naver,390883.27,41655,1201.0,49.0,1575232.35,2.883207,325.46484,4.079933,7977.209647,402.993032,2026-07-30T23:59:59Z
naver-SYNTH-001-2026-07-30-C09,synthetic-advertiser-001,naver,SYNTH-001,2026-07-30,C09,Prospecting,Naver,632923.71,64117,1856.0,52.62,6098210.34,2.894708,341.014931,2.835129,12028.196744,963.498478,2026-07-30T23:59:59Z
naver-SYNTH-001-2026-07-30-C10,synthetic-advertiser-001,naver,SYNTH-001,2026-07-30,C10,Seasonal,Naver,578152.87,69729,3418.0,180.4,4837259.89,4.901834,169.149465,5.27794,3204.838538,836.674887,2026-07-30T23:59:59Z
naver-SYNTH-001-2026-07-30-C11,synthetic-advertiser-001,naver,SYNTH-001,2026-07-30,C11,New Product Launch,Naver,652927.09,71900,2586.0,85.61,4430519.76,3.596662,252.485339,3.310518,7626.761917,678.562714,2026-07-30T23:59:59Z
naver-SYNTH-001-2026-07-30-C12,synthetic-advertiser-001,naver,SYNTH-001,2026-07-30,C12,Low Efficiency Legacy,Naver,308175.76,25399,543.0,10.52,763361.39,2.137879,567.542837,1.937385,29294.273831,247.703256,2026-07-30T23:59:59Z
naver-SYNTH-001-2026-07-31-C01,synthetic-advertiser-001,naver,SYNTH-001,2026-07-31,C01,Brand Search Core,Naver,495524.52,72574,5805.0,482.95,4052732.59,7.998732,85.361675,8.319552,1026.036902,817.867212,2026-07-31T23:59:59Z
naver-SYNTH-001-2026-07-31-C02,synthetic-advertiser-001,naver,SYNTH-001,2026-07-31,C02,Brand Search Expansion,Naver,331090.94,48282,2863.0,196.3,2277699.54,5.929746,115.644756,6.856444,1686.657846,687.937753,2026-07-31T23:59:59Z
naver-SYNTH-001-2026-07-31-C03,synthetic-advertiser-001,naver,SYNTH-001,2026-07-31,C03,Generic Search High Intent,Naver,557766.04,66037,4177.0,256.25,4943101.76,6.325242,133.532688,6.134786,2176.64795,886.232117,2026-07-31T23:59:59Z
naver-SYNTH-001-2026-07-31-C04,synthetic-advertiser-001,naver,SYNTH-001,2026-07-31,C04,Generic Search Mid Intent,Naver,463125.8,54910,1943.0,88.52,2909964.54,3.538518,238.356046,4.555841,5231.877513,628.331343,2026-07-31T23:59:59Z
naver-SYNTH-001-2026-07-31-C05,synthetic-advertiser-001,naver,SYNTH-001,2026-07-31,C05,Shopping Best Seller,Naver,719665.89,96607,5369.0,268.84,7203981.0,5.557568,134.040956,5.007264,2676.930124,1001.017424,2026-07-31T23:59:59Z
naver-SYNTH-001-2026-07-31-C06,synthetic-advertiser-001,naver,SYNTH-001,2026-07-31,C06,Shopping Long Tail,Naver,395657.95,39158,1597.0,80.76,2436974.51,4.078349,247.75075,5.056982,4899.182111,615.929624,2026-07-31T23:59:59Z
naver-SYNTH-001-2026-07-31-C07,synthetic-advertiser-001,naver,SYNTH-001,2026-07-31,C07,Retargeting,Naver,282376.89,42529,3416.0,342.4,2977754.23,8.032166,82.663023,10.023419,824.698848,1054.531864,2026-07-31T23:59:59Z
naver-SYNTH-001-2026-07-31-C08,synthetic-advertiser-001,naver,SYNTH-001,2026-07-31,C08,Competitor,Naver,431776.81,47793,1624.0,63.93,2223493.36,3.397987,265.87242,3.936576,6753.89973,514.963591,2026-07-31T23:59:59Z
naver-SYNTH-001-2026-07-31-C09,synthetic-advertiser-001,naver,SYNTH-001,2026-07-31,C09,Prospecting,Naver,726252.98,74966,2215.0,62.67,4516670.19,2.954673,327.879449,2.829345,11588.526873,621.91417,2026-07-31T23:59:59Z
naver-SYNTH-001-2026-07-31-C10,synthetic-advertiser-001,naver,SYNTH-001,2026-07-31,C10,Seasonal,Naver,614541.59,80387,3530.0,203.13,4427308.8,4.391257,174.091102,5.754391,3025.361054,720.4246,2026-07-31T23:59:59Z
naver-SYNTH-001-2026-07-31-C11,synthetic-advertiser-001,naver,SYNTH-001,2026-07-31,C11,New Product Launch,Naver,620469.56,75952,2536.0,124.6,6295647.58,3.338951,244.664655,4.913249,4979.691531,1014.658565,2026-07-31T23:59:59Z
naver-SYNTH-001-2026-07-31-C12,synthetic-advertiser-001,naver,SYNTH-001,2026-07-31,C12,Low Efficiency Legacy,Naver,314106.51,28335,653.0,12.79,845992.56,2.30457,481.020693,1.958652,24558.75781,269.333021,2026-07-31T23:59:59Z
naver-SYNTH-001-2026-08-01-C01,synthetic-advertiser-001,naver,SYNTH-001,2026-08-01,C01,Brand Search Core,Naver,482414.88,75175,5425.0,381.39,4529702.99,7.216495,88.924401,7.03023,1264.886012,938.964201,2026-08-01T23:59:59Z
naver-SYNTH-001-2026-08-01-C02,synthetic-advertiser-001,naver,SYNTH-001,2026-08-01,C02,Brand Search Expansion,Naver,318418.44,44604,3053.0,191.75,2266223.71,6.844678,104.296901,6.280708,1660.591592,711.712463,2026-08-01T23:59:59Z
naver-SYNTH-001-2026-08-01-C03,synthetic-advertiser-001,naver,SYNTH-001,2026-08-01,C03,Generic Search High Intent,Naver,535624.01,60109,3028.0,169.33,4000481.22,5.037515,176.890361,5.59214,3163.196205,746.88235,2026-08-01T23:59:59Z
naver-SYNTH-001-2026-08-01-C04,synthetic-advertiser-001,naver,SYNTH-001,2026-08-01,C04,Generic Search Mid Intent,Naver,442036.64,56236,2234.0,91.26,2839410.13,3.972544,197.867786,4.085049,4843.706279,642.347241,2026-08-01T23:59:59Z
naver-SYNTH-001-2026-08-01-C05,synthetic-advertiser-001,naver,SYNTH-001,2026-08-01,C05,Shopping Best Seller,Naver,609882.42,79024,5348.0,271.59,6090915.94,6.767564,114.039345,5.078347,2245.599689,998.703314,2026-08-01T23:59:59Z
naver-SYNTH-001-2026-08-01-C06,synthetic-advertiser-001,naver,SYNTH-001,2026-08-01,C06,Shopping Long Tail,Naver,379999.22,39029,1464.0,60.48,2473585.29,3.751057,259.562306,4.131148,6283.055818,650.94484,2026-08-01T23:59:59Z
naver-SYNTH-001-2026-08-01-C07,synthetic-advertiser-001,naver,SYNTH-001,2026-08-01,C07,Retargeting,Naver,254046.1,44399,3676.0,354.92,3202334.89,8.279466,69.109385,9.65506,715.78412,1260.532986,2026-08-01T23:59:59Z
naver-SYNTH-001-2026-08-01-C08,synthetic-advertiser-001,naver,SYNTH-001,2026-08-01,C08,Competitor,Naver,315355.48,33148,1091.0,36.78,1874202.41,3.2913,289.051773,3.371219,8574.102347,594.314197,2026-08-01T23:59:59Z
naver-SYNTH-001-2026-08-01-C09,synthetic-advertiser-001,naver,SYNTH-001,2026-08-01,C09,Prospecting,Naver,705510.08,70061,1443.0,38.06,2850960.42,2.059634,488.918971,2.637561,18536.786015,404.099178,2026-08-01T23:59:59Z
naver-SYNTH-001-2026-08-01-C10,synthetic-advertiser-001,naver,SYNTH-001,2026-08-01,C10,Seasonal,Naver,569302.36,80409,3919.0,206.94,5645162.47,4.873833,145.267251,5.280429,2751.050338,991.593027,2026-08-01T23:59:59Z
naver-SYNTH-001-2026-08-01-C11,synthetic-advertiser-001,naver,SYNTH-001,2026-08-01,C11,New Product Launch,Naver,623265.51,69542,2592.0,90.57,4872653.74,3.727244,240.457371,3.494213,6881.588902,781.794225,2026-08-01T23:59:59Z
naver-SYNTH-001-2026-08-01-C12,synthetic-advertiser-001,naver,SYNTH-001,2026-08-01,C12,Low Efficiency Legacy,Naver,262422.74,23583,496.0,10.52,591504.8,2.10321,529.078104,2.120968,24945.12733,225.401503,2026-08-01T23:59:59Z
naver-SYNTH-001-2026-08-02-C01,synthetic-advertiser-001,naver,SYNTH-001,2026-08-02,C01,Brand Search Core,Naver,468416.48,74451,5887.0,492.81,3858955.43,7.907214,79.567942,8.371157,950.501157,823.829996,2026-08-02T23:59:59Z
naver-SYNTH-001-2026-08-02-C02,synthetic-advertiser-001,naver,SYNTH-001,2026-08-02,C02,Brand Search Expansion,Naver,334251.54,51007,3252.0,209.67,2132714.09,6.375596,102.783375,6.447417,1594.179117,638.056632,2026-08-02T23:59:59Z
naver-SYNTH-001-2026-08-02-C03,synthetic-advertiser-001,naver,SYNTH-001,2026-08-02,C03,Generic Search High Intent,Naver,530108.48,62049,2603.0,152.36,4589490.82,4.195072,203.652894,5.853246,3479.315326,865.764454,2026-08-02T23:59:59Z
naver-SYNTH-001-2026-08-02-C04,synthetic-advertiser-001,naver,SYNTH-001,2026-08-02,C04,Generic Search Mid Intent,Naver,376205.77,44539,1890.0,92.51,2693499.62,4.243472,199.050674,4.894709,4066.649809,715.964457,2026-08-02T23:59:59Z
naver-SYNTH-001-2026-08-02-C05,synthetic-advertiser-001,naver,SYNTH-001,2026-08-02,C05,Shopping Best Seller,Naver,628775.69,88739,5880.0,334.84,6018274.33,6.626173,106.934641,5.694558,1877.839229,957.141705,2026-08-02T23:59:59Z
naver-SYNTH-001-2026-08-02-C06,synthetic-advertiser-001,naver,SYNTH-001,2026-08-02,C06,Shopping Long Tail,Naver,364910.96,40029,1679.0,79.86,2283769.61,4.194459,217.338272,4.756403,4569.383411,625.842976,2026-08-02T23:59:59Z
naver-SYNTH-001-2026-08-02-C07,synthetic-advertiser-001,naver,SYNTH-001,2026-08-02,C07,Retargeting,Naver,242994.3,38075,3243.0,315.37,2843755.09,8.5174,74.928862,9.724638,770.505438,1170.297036,2026-08-02T23:59:59Z
naver-SYNTH-001-2026-08-02-C08,synthetic-advertiser-001,naver,SYNTH-001,2026-08-02,C08,Competitor,Naver,376462.1,39978,1305.0,45.23,2611000.32,3.264295,288.476703,3.4659,8323.283161,693.562603,2026-08-02T23:59:59Z
naver-SYNTH-001-2026-08-02-C09,synthetic-advertiser-001,naver,SYNTH-001,2026-08-02,C09,Prospecting,Naver,646339.82,65906,1606.0,45.72,4729486.29,2.436804,402.453191,2.846824,14136.916541,731.733697,2026-08-02T23:59:59Z
naver-SYNTH-001-2026-08-02-C10,synthetic-advertiser-001,naver,SYNTH-001,2026-08-02,C10,Seasonal,Naver,600271.38,78784,3288.0,112.6,4101435.01,4.173436,182.564289,3.424574,5331.006933,683.263461,2026-08-02T23:59:59Z
naver-SYNTH-001-2026-08-02-C11,synthetic-advertiser-001,naver,SYNTH-001,2026-08-02,C11,New Product Launch,Naver,504909.68,56404,1643.0,73.47,5331408.99,2.912914,307.309604,4.471698,6872.324479,1055.913406,2026-08-02T23:59:59Z
naver-SYNTH-001-2026-08-02-C12,synthetic-advertiser-001,naver,SYNTH-001,2026-08-02,C12,Low Efficiency Legacy,Naver,270999.01,26480,555.0,13.22,769537.4,2.095921,488.286508,2.381982,20499.168818,283.963177,2026-08-02T23:59:59Z
naver-SYNTH-001-2026-08-03-C01,synthetic-advertiser-001,naver,SYNTH-001,2026-08-03,C01,Brand Search Core,Naver,541510.26,80803,5793.0,511.2,3866965.32,7.169288,93.476655,8.824443,1059.292377,714.107485,2026-08-03T23:59:59Z
naver-SYNTH-001-2026-08-03-C02,synthetic-advertiser-001,naver,SYNTH-001,2026-08-03,C02,Brand Search Expansion,Naver,290960.64,41826,2644.0,165.81,1992744.91,6.321427,110.045627,6.27118,1754.783406,684.88471,2026-08-03T23:59:59Z
naver-SYNTH-001-2026-08-03-C03,synthetic-advertiser-001,naver,SYNTH-001,2026-08-03,C03,Generic Search High Intent,Naver,657617.84,80884,3826.0,146.38,5487808.84,4.730231,171.881297,3.825928,4492.538883,834.498168,2026-08-03T23:59:59Z
naver-SYNTH-001-2026-08-03-C04,synthetic-advertiser-001,naver,SYNTH-001,2026-08-03,C04,Generic Search Mid Intent,Naver,591867.33,64992,2248.0,68.01,3212722.36,3.458887,263.28618,3.025356,8702.651575,542.811231,2026-08-03T23:59:59Z
naver-SYNTH-001-2026-08-03-C05,synthetic-advertiser-001,naver,SYNTH-001,2026-08-03,C05,Shopping Best Seller,Naver,729116.06,91380,5090.0,283.21,6817612.07,5.570147,143.244805,5.564047,2574.471451,935.051694,2026-08-03T23:59:59Z
naver-SYNTH-001-2026-08-03-C06,synthetic-advertiser-001,naver,SYNTH-001,2026-08-03,C06,Shopping Long Tail,Naver,405578.5,44557,1864.0,76.9,2265256.83,4.183406,217.585034,4.125536,5274.102771,558.524876,2026-08-03T23:59:59Z
naver-SYNTH-001-2026-08-03-C07,synthetic-advertiser-001,naver,SYNTH-001,2026-08-03,C07,Retargeting,Naver,282380.52,52165,4707.0,442.19,3364612.31,9.023291,59.991612,9.394306,638.595439,1191.517158,2026-08-03T23:59:59Z
naver-SYNTH-001-2026-08-03-C08,synthetic-advertiser-001,naver,SYNTH-001,2026-08-03,C08,Competitor,Naver,330546.53,34137,1414.0,55.76,1818231.49,4.142133,233.766993,3.943423,5928.022385,550.068245,2026-08-03T23:59:59Z
naver-SYNTH-001-2026-08-03-C09,synthetic-advertiser-001,naver,SYNTH-001,2026-08-03,C09,Prospecting,Naver,700237.66,68095,1575.0,43.51,3486513.6,2.312945,444.595338,2.76254,16093.717689,497.904329,2026-08-03T23:59:59Z
naver-SYNTH-001-2026-08-03-C10,synthetic-advertiser-001,naver,SYNTH-001,2026-08-03,C10,Seasonal,Naver,559894.6,66118,2254.0,111.94,6239574.49,3.409057,248.400443,4.966282,5001.738425,1114.419482,2026-08-03T23:59:59Z
naver-SYNTH-001-2026-08-03-C11,synthetic-advertiser-001,naver,SYNTH-001,2026-08-03,C11,New Product Launch,Naver,696306.34,77271,3097.0,123.9,5462107.88,4.007972,224.832527,4.000646,5619.905869,784.440352,2026-08-03T23:59:59Z
naver-SYNTH-001-2026-08-03-C12,synthetic-advertiser-001,naver,SYNTH-001,2026-08-03,C12,Low Efficiency Legacy,Naver,351374.65,34947,749.0,17.0,973164.33,2.143245,469.125038,2.269693,20669.097265,276.959171,2026-08-03T23:59:59Z
naver-SYNTH-001-2026-08-04-C01,synthetic-advertiser-001,naver,SYNTH-001,2026-08-04,C01,Brand Search Core,Naver,408926.89,60300,4986.0,362.21,4103485.52,8.268657,82.01502,7.264541,1128.977363,1003.476567,2026-08-04T23:59:59Z
naver-SYNTH-001-2026-08-04-C02,synthetic-advertiser-001,naver,SYNTH-001,2026-08-04,C02,Brand Search Expansion,Naver,298417.99,46009,2922.0,209.68,2021276.3,6.350931,102.127991,7.175907,1423.206735,677.330585,2026-08-04T23:59:59Z
naver-SYNTH-001-2026-08-04-C03,synthetic-advertiser-001,naver,SYNTH-001,2026-08-04,C03,Generic Search High Intent,Naver,628502.75,76894,3897.0,188.31,4646843.89,5.068016,161.278612,4.832179,3337.596266,739.351397,2026-08-04T23:59:59Z
naver-SYNTH-001-2026-08-04-C04,synthetic-advertiser-001,naver,SYNTH-001,2026-08-04,C04,Generic Search Mid Intent,Naver,434859.42,52285,1995.0,65.79,2306059.28,3.815626,217.974646,3.297744,6609.810297,530.29995,2026-08-04T23:59:59Z
naver-SYNTH-001-2026-08-04-C05,synthetic-advertiser-001,naver,SYNTH-001,2026-08-04,C05,Shopping Best Seller,Naver,711394.51,107309,6145.0,263.52,6070057.74,5.726454,115.768025,4.288365,2699.584512,853.261818,2026-08-04T23:59:59Z
naver-SYNTH-001-2026-08-04-C06,synthetic-advertiser-001,naver,SYNTH-001,2026-08-04,C06,Shopping Long Tail,Naver,389988.98,39956,1572.0,70.61,2447502.53,3.934328,248.08459,4.49173,5523.140847,627.582491,2026-08-04T23:59:59Z
naver-SYNTH-001-2026-08-04-C07,synthetic-advertiser-001,naver,SYNTH-001,2026-08-04,C07,Retargeting,Naver,275821.93,46233,3636.0,350.16,3135605.73,7.864512,75.858617,9.630363,787.702564,1136.822489,2026-08-04T23:59:59Z
naver-SYNTH-001-2026-08-04-C08,synthetic-advertiser-001,naver,SYNTH-001,2026-08-04,C08,Competitor,Naver,393110.27,44323,1378.0,45.33,2449392.11,3.108995,285.27596,3.28955,8672.187785,623.08016,2026-08-04T23:59:59Z
naver-SYNTH-001-2026-08-04-C09,synthetic-advertiser-001,naver,SYNTH-001,2026-08-04,C09,Prospecting,Naver,608500.26,61371,1570.0,44.71,5091665.31,2.558212,387.579781,2.847771,13609.936408,836.756477,2026-08-04T23:59:59Z
naver-SYNTH-001-2026-08-04-C10,synthetic-advertiser-001,naver,SYNTH-001,2026-08-04,C10,Seasonal,Naver,538284.44,71166,3599.0,145.65,5346719.18,5.05719,149.565001,4.046957,3695.739369,993.288826,2026-08-04T23:59:59Z
naver-SYNTH-001-2026-08-04-C11,synthetic-advertiser-001,naver,SYNTH-001,2026-08-04,C11,New Product Launch,Naver,629932.87,71197,3022.0,132.99,4969190.4,4.244561,208.448998,4.400728,4736.693528,788.844433,2026-08-04T23:59:59Z
naver-SYNTH-001-2026-08-04-C12,synthetic-advertiser-001,naver,SYNTH-001,2026-08-04,C12,Low Efficiency Legacy,Naver,295559.98,24011,483.0,9.45,800870.67,2.011578,611.925414,1.956522,31276.187848,270.967228,2026-08-04T23:59:59Z
naver-SYNTH-001-2026-08-05-C01,synthetic-advertiser-001,naver,SYNTH-001,2026-08-05,C01,Brand Search Core,Naver,532092.21,81614,7341.0,618.8,4300980.19,8.99478,72.482252,8.429369,859.877523,808.314819,2026-08-05T23:59:59Z
naver-SYNTH-001-2026-08-05-C02,synthetic-advertiser-001,naver,SYNTH-001,2026-08-05,C02,Brand Search Expansion,Naver,332006.05,47888,3073.0,194.13,2371900.17,6.417056,108.039716,6.31728,1710.225353,714.41475,2026-08-05T23:59:59Z
naver-SYNTH-001-2026-08-05-C03,synthetic-advertiser-001,naver,SYNTH-001,2026-08-05,C03,Generic Search High Intent,Naver,597675.92,74446,3184.0,175.98,4819527.72,4.276926,187.712286,5.52701,3396.271833,806.378103,2026-08-05T23:59:59Z
naver-SYNTH-001-2026-08-05-C04,synthetic-advertiser-001,naver,SYNTH-001,2026-08-05,C04,Generic Search Mid Intent,Naver,537705.14,57405,1970.0,97.84,2699479.34,3.431757,272.946772,4.966497,5495.759817,502.037109,2026-08-05T23:59:59Z
naver-SYNTH-001-2026-08-05-C05,synthetic-advertiser-001,naver,SYNTH-001,2026-08-05,C05,Shopping Best Seller,Naver,787133.13,103603,5740.0,296.38,6433999.08,5.54038,137.131208,5.163415,2655.824055,817.39655,2026-08-05T23:59:59Z
naver-SYNTH-001-2026-08-05-C06,synthetic-advertiser-001,naver,SYNTH-001,2026-08-05,C06,Shopping Long Tail,Naver,441846.89,50846,1980.0,93.33,2177831.17,3.894112,223.154996,4.713636,4734.242933,492.89272,2026-08-05T23:59:59Z
naver-SYNTH-001-2026-08-05-C07,synthetic-advertiser-001,naver,SYNTH-001,2026-08-05,C07,Retargeting,Naver,316373.91,53890,4226.0,389.44,3429853.45,7.8419,74.863679,9.215334,812.381644,1084.113883,2026-08-05T23:59:59Z
naver-SYNTH-001-2026-08-05-C08,synthetic-advertiser-001,naver,SYNTH-001,2026-08-05,C08,Competitor,Naver,421637.83,41102,1325.0,40.1,2880988.0,3.223687,318.217227,3.026415,10514.659011,683.284994,2026-08-05T23:59:59Z
naver-SYNTH-001-2026-08-05-C09,synthetic-advertiser-001,naver,SYNTH-001,2026-08-05,C09,Prospecting,Naver,677847.82,66881,2018.0,69.21,4331596.61,3.017299,335.900804,3.429633,9794.07345,639.021984,2026-08-05T23:59:59Z
naver-SYNTH-001-2026-08-05-C10,synthetic-advertiser-001,naver,SYNTH-001,2026-08-05,C10,Seasonal,Naver,568641.45,67107,2935.0,144.81,7339813.04,4.373612,193.744956,4.933901,3926.810615,1290.76294,2026-08-05T23:59:59Z
naver-SYNTH-001-2026-08-05-C11,synthetic-advertiser-001,naver,SYNTH-001,2026-08-05,C11,New Product Launch,Naver,727721.06,83816,2827.0,107.4,6151897.25,3.372864,257.418132,3.79908,6775.801303,845.36474,2026-08-05T23:59:59Z
naver-SYNTH-001-2026-08-05-C12,synthetic-advertiser-001,naver,SYNTH-001,2026-08-05,C12,Low Efficiency Legacy,Naver,313418.86,27283,563.0,10.52,735342.81,2.063556,556.694253,1.868561,29792.667722,234.61983,2026-08-05T23:59:59Z
naver-SYNTH-001-2026-08-06-C01,synthetic-advertiser-001,naver,SYNTH-001,2026-08-06,C01,Brand Search Core,Naver,537920.76,83706,7309.0,0.0,4611887.43,8.731752,73.59704,0.0,0,857.354421,2026-08-06T23:59:59Z
naver-SYNTH-001-2026-08-06-C02,synthetic-advertiser-001,naver,SYNTH-001,2026-08-06,C02,Brand Search Expansion,Naver,319500.01,42247,2831.0,183.12,2114551.33,6.701068,112.857652,6.468386,1744.757599,661.831378,2026-08-06T23:59:59Z
naver-SYNTH-001-2026-08-06-C03,synthetic-advertiser-001,naver,SYNTH-001,2026-08-06,C03,Generic Search High Intent,Naver,550948.89,66497,3336.0,165.87,4812186.61,5.016768,165.152544,4.972122,3321.57042,873.436128,2026-08-06T23:59:59Z
naver-SYNTH-001-2026-08-06-C04,synthetic-advertiser-001,naver,SYNTH-001,2026-08-06,C04,Generic Search Mid Intent,Naver,551359.68,66608,2226.0,84.3,2638962.73,3.341941,247.69078,3.787062,6540.446942,478.628169,2026-08-06T23:59:59Z
naver-SYNTH-001-2026-08-06-C05,synthetic-advertiser-001,naver,SYNTH-001,2026-08-06,C05,Shopping Best Seller,Naver,694831.81,104129,5900.0,255.36,6673831.1,5.666049,117.768104,4.328136,2720.989244,960.495903,2026-08-06T23:59:59Z
naver-SYNTH-001-2026-08-06-C06,synthetic-advertiser-001,naver,SYNTH-001,2026-08-06,C06,Shopping Long Tail,Naver,398368.3,43446,2142.0,99.62,2344636.53,4.930258,185.979597,4.650794,3998.878706,588.560021,2026-08-06T23:59:59Z
naver-SYNTH-001-2026-08-06-C07,synthetic-advertiser-001,naver,SYNTH-001,2026-08-06,C07,Retargeting,Naver,274769.91,46178,3571.0,400.67,3234120.91,7.73312,76.944808,11.220106,685.776102,1177.028774,2026-08-06T23:59:59Z
naver-SYNTH-001-2026-08-06-C08,synthetic-advertiser-001,naver,SYNTH-001,2026-08-06,C08,Competitor,Naver,390414.24,39360,1566.0,38.81,2902442.74,3.978659,249.306669,2.478289,10059.630102,743.426446,2026-08-06T23:59:59Z
naver-SYNTH-001-2026-08-06-C09,synthetic-advertiser-001,naver,SYNTH-001,2026-08-06,C09,Prospecting,Naver,712887.18,74922,2169.0,69.12,6904613.36,2.895011,328.6709,3.186722,10313.761304,968.542224,2026-08-06T23:59:59Z
naver-SYNTH-001-2026-08-06-C10,synthetic-advertiser-001,naver,SYNTH-001,2026-08-06,C10,Seasonal,Naver,491016.81,60386,3361.0,152.14,5590688.78,5.56586,146.092475,4.526629,3227.401126,1138.594178,2026-08-06T23:59:59Z
naver-SYNTH-001-2026-08-06-C11,synthetic-advertiser-001,naver,SYNTH-001,2026-08-06,C11,New Product Launch,Naver,635615.59,64592,2333.0,96.52,3591444.51,3.611902,272.445602,4.137162,6585.325208,565.03405,2026-08-06T23:59:59Z
naver-SYNTH-001-2026-08-06-C12,synthetic-advertiser-001,naver,SYNTH-001,2026-08-06,C12,Low Efficiency Legacy,Naver,295638.56,28125,580.0,13.31,669176.0,2.062222,509.721659,2.294828,22211.762752,226.349361,2026-08-06T23:59:59Z
naver-SYNTH-001-2026-08-07-C01,synthetic-advertiser-001,naver,SYNTH-001,2026-08-07,C01,Brand Search Core,Naver,468790.27,71748,5461.0,403.69,4004237.14,7.611362,85.843301,7.392236,1161.263022,854.163877,2026-08-07T23:59:59Z
naver-SYNTH-001-2026-08-07-C02,synthetic-advertiser-001,naver,SYNTH-001,2026-08-07,C02,Brand Search Expansion,Naver,346045.06,48077,2978.0,188.69,2334987.04,6.19423,116.20049,6.336132,1833.934274,674.763873,2026-08-07T23:59:59Z
naver-SYNTH-001-2026-08-07-C03,synthetic-advertiser-001,naver,SYNTH-001,2026-08-07,C03,Generic Search High Intent,Naver,590269.94,70521,3444.0,176.08,4697603.37,4.883652,171.390806,5.11266,3352.282688,795.839849,2026-08-07T23:59:59Z
naver-SYNTH-001-2026-08-07-C04,synthetic-advertiser-001,naver,SYNTH-001,2026-08-07,C04,Generic Search Mid Intent,Naver,539544.33,59138,2446.0,110.3,3119100.21,4.136088,220.58231,4.509403,4891.607715,578.098968,2026-08-07T23:59:59Z
naver-SYNTH-001-2026-08-07-C05,synthetic-advertiser-001,naver,SYNTH-001,2026-08-07,C05,Shopping Best Seller,Naver,705453.1,86893,5025.0,279.65,6607134.33,5.782974,140.388677,5.565174,2522.628656,936.580234,2026-08-07T23:59:59Z
naver-SYNTH-001-2026-08-07-C06,synthetic-advertiser-001,naver,SYNTH-001,2026-08-07,C06,Shopping Long Tail,Naver,435277.12,44221,1815.0,66.74,1989354.23,4.104385,239.822107,3.677135,6521.982691,457.03165,2026-08-07T23:59:59Z
naver-SYNTH-001-2026-08-07-C07,synthetic-advertiser-001,naver,SYNTH-001,2026-08-07,C07,Retargeting,Naver,268686.83,45071,3854.0,439.76,3168321.23,8.550953,69.716354,11.410483,610.985145,1179.187406,2026-08-07T23:59:59Z
naver-SYNTH-001-2026-08-07-C08,synthetic-advertiser-001,naver,SYNTH-001,2026-08-07,C08,Competitor,Naver,369885.43,39167,1263.0,49.58,1665648.49,3.224653,292.862575,3.925574,7460.375806,450.314703,2026-08-07T23:59:59Z
naver-SYNTH-001-2026-08-07-C09,synthetic-advertiser-001,naver,SYNTH-001,2026-08-07,C09,Prospecting,Naver,718758.46,77541,2063.0,45.08,4305514.03,2.660528,348.404489,2.185167,15944.065234,599.020988,2026-08-07T23:59:59Z
naver-SYNTH-001-2026-08-07-C10,synthetic-advertiser-001,naver,SYNTH-001,2026-08-07,C10,Seasonal,Naver,594190.4,74743,3451.0,181.14,4881929.11,4.617155,172.179193,5.248913,3280.282635,821.610234,2026-08-07T23:59:59Z
naver-SYNTH-001-2026-08-07-C11,synthetic-advertiser-001,naver,SYNTH-001,2026-08-07,C11,New Product Launch,Naver,647217.75,69256,2281.0,91.09,4803922.33,3.293577,283.742988,3.993424,7105.255846,742.24205,2026-08-07T23:59:59Z
naver-SYNTH-001-2026-08-07-C12,synthetic-advertiser-001,naver,SYNTH-001,2026-08-07,C12,Low Efficiency Legacy,Naver,307996.2,26248,599.0,12.51,628800.39,2.282079,514.183977,2.088481,24620.000199,204.158488,2026-08-07T23:59:59Z
naver-SYNTH-001-2026-08-08-C01,synthetic-advertiser-001,naver,SYNTH-001,2026-08-08,C01,Brand Search Core,Naver,495644.47,82552,6429.0,519.5,4357209.1,7.787819,77.095112,8.080572,954.079831,879.099707,2026-08-08T23:59:59Z
naver-SYNTH-001-2026-08-08-C02,synthetic-advertiser-001,naver,SYNTH-001,2026-08-08,C02,Brand Search Expansion,Naver,292612.88,40924,2651.0,152.55,2169522.03,6.477861,110.378304,5.754432,1918.144109,741.430796,2026-08-08T23:59:59Z
naver-SYNTH-001-2026-08-08-C03,synthetic-advertiser-001,naver,SYNTH-001,2026-08-08,C03,Generic Search High Intent,Naver,481185.1,59381,2722.0,137.03,4180207.89,4.583958,176.776305,5.034166,3511.531074,868.731776,2026-08-08T23:59:59Z
naver-SYNTH-001-2026-08-08-C04,synthetic-advertiser-001,naver,SYNTH-001,2026-08-08,C04,Generic Search Mid Intent,Naver,443281.77,53671,1620.0,54.31,2696170.12,3.01839,273.630723,3.352469,8162.065378,608.229415,2026-08-08T23:59:59Z
naver-SYNTH-001-2026-08-08-C05,synthetic-advertiser-001,naver,SYNTH-001,2026-08-08,C05,Shopping Best Seller,Naver,654997.48,82657,5449.0,321.04,6482148.56,6.592303,120.20508,5.891723,2040.236352,989.644812,2026-08-08T23:59:59Z
naver-SYNTH-001-2026-08-08-C06,synthetic-advertiser-001,naver,SYNTH-001,2026-08-08,C06,Shopping Long Tail,Naver,387961.27,44404,1727.0,64.4,2166274.91,3.889289,224.644626,3.72901,6024.243317,558.374014,2026-08-08T23:59:59Z
naver-SYNTH-001-2026-08-08-C07,synthetic-advertiser-001,naver,SYNTH-001,2026-08-08,C07,Retargeting,Naver,250813.79,39674,3105.0,324.75,2781964.66,7.826284,80.77739,10.458937,772.328851,1109.175299,2026-08-08T23:59:59Z
naver-SYNTH-001-2026-08-08-C08,synthetic-advertiser-001,naver,SYNTH-001,2026-08-08,C08,Competitor,Naver,373606.53,37548,1108.0,39.35,1348841.66,2.95089,337.190009,3.551444,9494.448018,361.032679,2026-08-08T23:59:59Z
naver-SYNTH-001-2026-08-08-C09,synthetic-advertiser-001,naver,SYNTH-001,2026-08-08,C09,Prospecting,Naver,705931.6,74330,2079.0,63.92,4570468.78,2.796986,339.553437,3.074555,11043.986159,647.437912,2026-08-08T23:59:59Z
naver-SYNTH-001-2026-08-08-C10,synthetic-advertiser-001,naver,SYNTH-001,2026-08-08,C10,Seasonal,Naver,595417.18,71843,2452.0,136.35,4419542.29,3.412998,242.829193,5.560767,4366.829338,742.259787,2026-08-08T23:59:59Z
naver-SYNTH-001-2026-08-08-C11,synthetic-advertiser-001,naver,SYNTH-001,2026-08-08,C11,New Product Launch,Naver,572531.21,63134,2559.0,122.03,3007573.51,4.053283,223.732398,4.76866,4691.725044,525.311716,2026-08-08T23:59:59Z
naver-SYNTH-001-2026-08-08-C12,synthetic-advertiser-001,naver,SYNTH-001,2026-08-08,C12,Low Efficiency Legacy,Naver,328257.26,26601,568.0,10.66,786156.23,2.135258,577.917715,1.876761,30793.364178,239.493935,2026-08-08T23:59:59Z
naver-SYNTH-001-2026-08-09-C01,synthetic-advertiser-001,naver,SYNTH-001,2026-08-09,C01,Brand Search Core,Naver,419376.23,62782,4397.0,345.38,3905781.32,7.0036,95.377809,7.854901,1214.245834,931.331124,2026-08-09T23:59:59Z
naver-SYNTH-001-2026-08-09-C02,synthetic-advertiser-001,naver,SYNTH-001,2026-08-09,C02,Brand Search Expansion,Naver,302557.37,41259,2425.0,156.01,2025424.3,5.877506,124.765926,6.433402,1939.346006,669.43479,2026-08-09T23:59:59Z
naver-SYNTH-001-2026-08-09-C03,synthetic-advertiser-001,naver,SYNTH-001,2026-08-09,C03,Generic Search High Intent,Naver,522611.29,65692,3301.0,151.35,5485504.81,5.024965,158.319082,4.584974,3452.99827,1049.633817,2026-08-09T23:59:59Z
naver-SYNTH-001-2026-08-09-C04,synthetic-advertiser-001,naver,SYNTH-001,2026-08-09,C04,Generic Search Mid Intent,Naver,448686.77,60368,2278.0,91.26,3055066.54,3.773522,196.965221,4.006146,4916.576511,680.890709,2026-08-09T23:59:59Z
naver-SYNTH-001-2026-08-09-C05,synthetic-advertiser-001,naver,SYNTH-001,2026-08-09,C05,Shopping Best Seller,Naver,590727.54,77301,4376.0,238.12,5288381.32,5.660988,134.992583,5.441499,2480.797677,895.231885,2026-08-09T23:59:59Z
naver-SYNTH-001-2026-08-09-C06,synthetic-advertiser-001,naver,SYNTH-001,2026-08-09,C06,Shopping Long Tail,Naver,323345.77,36647,1374.0,65.28,2096995.02,3.749284,235.331708,4.751092,4953.213347,648.530222,2026-08-09T23:59:59Z
naver-SYNTH-001-2026-08-09-C07,synthetic-advertiser-001,naver,SYNTH-001,2026-08-09,C07,Retargeting,Naver,285626.64,49249,4059.0,363.26,2969416.31,8.241792,70.368721,8.949495,786.287058,1039.614633,2026-08-09T23:59:59Z
naver-SYNTH-001-2026-08-09-C08,synthetic-advertiser-001,naver,SYNTH-001,2026-08-09,C08,Competitor,Naver,358185.44,37356,1426.0,30.73,2305879.58,3.817325,251.181936,2.154979,11655.888077,643.766976,2026-08-09T23:59:59Z
naver-SYNTH-001-2026-08-09-C09,synthetic-advertiser-001,naver,SYNTH-001,2026-08-09,C09,Prospecting,Naver,626864.0,55141,1495.0,24.59,4700034.99,2.711231,419.307022,1.644816,25492.639183,749.769488,2026-08-09T23:59:59Z
naver-SYNTH-001-2026-08-09-C10,synthetic-advertiser-001,naver,SYNTH-001,2026-08-09,C10,Seasonal,Naver,558843.59,76478,3341.0,146.95,5800311.81,4.368577,167.268359,4.398384,3802.950582,1037.913278,2026-08-09T23:59:59Z
naver-SYNTH-001-2026-08-09-C11,synthetic-advertiser-001,naver,SYNTH-001,2026-08-09,C11,New Product Launch,Naver,559309.44,61288,2527.0,111.94,3262198.17,4.123156,221.333376,4.429759,4996.511002,583.254621,2026-08-09T23:59:59Z
naver-SYNTH-001-2026-08-09-C12,synthetic-advertiser-001,naver,SYNTH-001,2026-08-09,C12,Low Efficiency Legacy,Naver,242553.68,20522,449.0,7.36,733406.73,2.187896,540.208641,1.639198,32955.66303,302.368831,2026-08-09T23:59:59Z
naver-SYNTH-001-2026-08-10-C01,synthetic-advertiser-001,naver,SYNTH-001,2026-08-10,C01,Brand Search Core,Naver,480781.32,76115,6238.0,533.32,3967830.34,8.195494,77.072991,8.549535,901.487511,825.28796,2026-08-10T23:59:59Z
naver-SYNTH-001-2026-08-10-C02,synthetic-advertiser-001,naver,SYNTH-001,2026-08-10,C02,Brand Search Expansion,Naver,330052.29,46082,2780.0,196.7,2395492.24,6.032724,118.723846,7.07554,1677.947594,725.791731,2026-08-10T23:59:59Z
naver-SYNTH-001-2026-08-10-C03,synthetic-advertiser-001,naver,SYNTH-001,2026-08-10,C03,Generic Search High Intent,Naver,589338.09,73842,3450.0,226.53,4757438.75,4.672138,170.822634,6.566087,2601.589578,807.251195,2026-08-10T23:59:59Z
naver-SYNTH-001-2026-08-10-C04,synthetic-advertiser-001,naver,SYNTH-001,2026-08-10,C04,Generic Search Mid Intent,Naver,481061.41,56622,2256.0,117.96,2979903.85,3.984317,213.23644,5.228723,4078.174029,619.443547,2026-08-10T23:59:59Z
naver-SYNTH-001-2026-08-10-C05,synthetic-advertiser-001,naver,SYNTH-001,2026-08-10,C05,Shopping Best Seller,Naver,759121.44,86808,5374.0,271.5,6354250.35,6.190674,141.258177,5.052103,2796.02742,837.053201,2026-08-10T23:59:59Z
naver-SYNTH-001-2026-08-10-C06,synthetic-advertiser-001,naver,SYNTH-001,2026-08-10,C06,Shopping Long Tail,Naver,351143.45,38957,1490.0,83.22,1804406.87,3.82473,235.666746,5.585235,4219.459888,513.866017,2026-08-10T23:59:59Z
naver-SYNTH-001-2026-08-10-C07,synthetic-advertiser-001,naver,SYNTH-001,2026-08-10,C07,Retargeting,Naver,260163.27,41418,3318.0,344.42,3035054.36,8.01101,78.409666,10.38035,755.366332,1166.596014,2026-08-10T23:59:59Z
naver-SYNTH-001-2026-08-10-C08,synthetic-advertiser-001,naver,SYNTH-001,2026-08-10,C08,Competitor,Naver,417262.63,44870,1413.0,41.39,2719851.97,3.149097,295.302642,2.929229,10081.24266,651.832145,2026-08-10T23:59:59Z
naver-SYNTH-001-2026-08-10-C09,synthetic-advertiser-001,naver,SYNTH-001,2026-08-10,C09,Prospecting,Naver,716140.25,70593,2252.0,63.96,4910539.06,3.190118,318.001886,2.840142,11196.689284,685.695168,2026-08-10T23:59:59Z
naver-SYNTH-001-2026-08-10-C10,synthetic-advertiser-001,naver,SYNTH-001,2026-08-10,C10,Seasonal,Naver,615427.46,78377,3339.0,150.03,7052916.28,4.260178,184.314904,4.493261,4102.029353,1146.019099,2026-08-10T23:59:59Z
naver-SYNTH-001-2026-08-10-C11,synthetic-advertiser-001,naver,SYNTH-001,2026-08-10,C11,New Product Launch,Naver,664494.55,69149,1816.0,80.85,3703486.5,2.626213,365.911096,4.452093,8218.856523,557.338883,2026-08-10T23:59:59Z
naver-SYNTH-001-2026-08-10-C12,synthetic-advertiser-001,naver,SYNTH-001,2026-08-10,C12,Low Efficiency Legacy,Naver,312541.75,31778,683.0,14.35,659165.45,2.149286,457.601393,2.101025,21779.912994,210.904767,2026-08-10T23:59:59Z
naver-SYNTH-001-2026-08-11-C01,synthetic-advertiser-001,naver,SYNTH-001,2026-08-11,C01,Brand Search Core,Naver,478058.69,70911,5651.0,471.3,4347704.85,7.969144,84.597185,8.340117,1014.340528,909.450017,2026-08-11T23:59:59Z
naver-SYNTH-001-2026-08-11-C02,synthetic-advertiser-001,naver,SYNTH-001,2026-08-11,C02,Brand Search Expansion,Naver,338073.85,46397,3251.0,208.95,2275728.66,7.006919,103.990725,6.427253,1617.965286,673.145434,2026-08-11T23:59:59Z
naver-SYNTH-001-2026-08-11-C03,synthetic-advertiser-001,naver,SYNTH-001,2026-08-11,C03,Generic Search High Intent,Naver,645725.05,92139,4596.0,175.93,4602144.36,4.988116,140.497182,3.827894,3670.352114,712.709594,2026-08-11T23:59:59Z
naver-SYNTH-001-2026-08-11-C04,synthetic-advertiser-001,naver,SYNTH-001,2026-08-11,C04,Generic Search Mid Intent,Naver,514857.59,59243,3068.0,132.58,2798840.43,5.178671,167.815383,4.321382,3883.373018,543.614479,2026-08-11T23:59:59Z
naver-SYNTH-001-2026-08-11-C05,synthetic-advertiser-001,naver,SYNTH-001,2026-08-11,C05,Shopping Best Seller,Naver,693412.95,89227,6009.0,412.2,5736039.14,6.734509,115.395731,6.85971,1682.224525,827.218347,2026-08-11T23:59:59Z
naver-SYNTH-001-2026-08-11-C06,synthetic-advertiser-001,naver,SYNTH-001,2026-08-11,C06,Shopping Long Tail,Naver,442546.84,48967,1513.0,61.81,2460522.19,3.089836,292.496261,4.085261,7159.793601,555.991356,2026-08-11T23:59:59Z
naver-SYNTH-001-2026-08-11-C07,synthetic-advertiser-001,naver,SYNTH-001,2026-08-11,C07,Retargeting,Naver,275874.28,51721,4509.0,384.01,3193375.45,8.717929,61.183029,8.516523,718.403895,1157.547362,2026-08-11T23:59:59Z
naver-SYNTH-001-2026-08-11-C08,synthetic-advertiser-001,naver,SYNTH-001,2026-08-11,C08,Competitor,Naver,416140.71,46330,1482.0,50.82,3164667.18,3.198791,280.796702,3.42915,8188.522474,760.48007,2026-08-11T23:59:59Z
naver-SYNTH-001-2026-08-11-C09,synthetic-advertiser-001,naver,SYNTH-001,2026-08-11,C09,Prospecting,Naver,815127.81,72686,2100.0,66.53,5298255.18,2.88914,388.156099,3.168095,12252.033789,649.990728,2026-08-11T23:59:59Z
naver-SYNTH-001-2026-08-11-C10,synthetic-advertiser-001,naver,SYNTH-001,2026-08-11,C10,Seasonal,Naver,652355.2,88272,4042.0,184.56,5736810.86,4.579028,161.39416,4.566056,3534.651037,879.399889,2026-08-11T23:59:59Z
naver-SYNTH-001-2026-08-11-C11,synthetic-advertiser-001,naver,SYNTH-001,2026-08-11,C11,New Product Launch,Naver,587858.98,75261,2220.0,103.38,5492891.97,2.949735,264.801343,4.656757,5686.389836,934.389394,2026-08-11T23:59:59Z
naver-SYNTH-001-2026-08-11-C12,synthetic-advertiser-001,naver,SYNTH-001,2026-08-11,C12,Low Efficiency Legacy,Naver,314770.3,26959,616.0,11.26,791814.67,2.284951,510.990748,1.827922,27954.733619,251.55317,2026-08-11T23:59:59Z
naver-SYNTH-001-2026-08-12-C01,synthetic-advertiser-001,naver,SYNTH-001,2026-08-12,C01,Brand Search Core,Naver,518285.66,85037,6603.0,569.88,4319482.38,7.764855,78.492451,8.630622,909.464546,833.417312,2026-08-12T23:59:59Z
naver-SYNTH-001-2026-08-12-C02,synthetic-advertiser-001,naver,SYNTH-001,2026-08-12,C02,Brand Search Expansion,Naver,329474.73,44065,2734.0,172.18,2242922.55,6.204471,120.510141,6.297732,1913.548185,680.757086,2026-08-12T23:59:59Z
naver-SYNTH-001-2026-08-12-C03,synthetic-advertiser-001,naver,SYNTH-001,2026-08-12,C03,Generic Search High Intent,Naver,585517.56,73937,3942.0,209.84,4746413.54,5.331566,148.533119,5.323186,2790.304783,810.635563,2026-08-12T23:59:59Z
naver-SYNTH-001-2026-08-12-C04,synthetic-advertiser-001,naver,SYNTH-001,2026-08-12,C04,Generic Search Mid Intent,Naver,435176.58,46245,1696.0,75.53,2767915.42,3.667424,256.589965,4.45342,5761.638829,636.044205,2026-08-12T23:59:59Z
naver-SYNTH-001-2026-08-12-C05,synthetic-advertiser-001,naver,SYNTH-001,2026-08-12,C05,Shopping Best Seller,Naver,662932.54,85013,4370.0,258.19,6086295.76,5.14039,151.700809,5.908238,2567.615072,918.086749,2026-08-12T23:59:59Z
naver-SYNTH-001-2026-08-12-C06,synthetic-advertiser-001,naver,SYNTH-001,2026-08-12,C06,Shopping Long Tail,Naver,415003.42,41259,1522.0,68.86,2296643.71,3.688892,272.66979,4.52431,6026.77056,553.403562,2026-08-12T23:59:59Z
naver-SYNTH-001-2026-08-12-C07,synthetic-advertiser-001,naver,SYNTH-001,2026-08-12,C07,Retargeting,Naver,313337.72,51842,4115.0,388.26,3228043.86,7.93758,76.145254,9.435237,807.030647,1030.212344,2026-08-12T23:59:59Z
naver-SYNTH-001-2026-08-12-C08,synthetic-advertiser-001,naver,SYNTH-001,2026-08-12,C08,Competitor,Naver,428188.75,44081,1259.0,41.66,1955255.99,2.856106,340.102265,3.308975,10278.17454,456.634133,2026-08-12T23:59:59Z
naver-SYNTH-001-2026-08-12-C09,synthetic-advertiser-001,naver,SYNTH-001,2026-08-12,C09,Prospecting,Naver,725032.99,67344,2237.0,67.62,5559458.52,3.321751,324.109519,3.022798,10722.167898,766.78697,2026-08-12T23:59:59Z
naver-SYNTH-001-2026-08-12-C10,synthetic-advertiser-001,naver,SYNTH-001,2026-08-12,C10,Seasonal,Naver,523613.05,66527,3137.0,144.04,5071564.91,4.715379,166.91522,4.591648,3635.191933,968.571152,2026-08-12T23:59:59Z
naver-SYNTH-001-2026-08-12-C11,synthetic-advertiser-001,naver,SYNTH-001,2026-08-12,C11,New Product Launch,Naver,603742.31,62936,2045.0,71.09,3338766.36,3.249333,295.228511,3.476284,8492.647426,553.011828,2026-08-12T23:59:59Z
naver-SYNTH-001-2026-08-12-C12,synthetic-advertiser-001,naver,SYNTH-001,2026-08-12,C12,Low Efficiency Legacy,Naver,340109.74,30407,565.0,9.93,792719.05,1.858125,601.964147,1.757522,34250.729392,233.077431,2026-08-12T23:59:59Z
naver-SYNTH-001-2026-08-13-C01,synthetic-advertiser-001,naver,SYNTH-001,2026-08-13,C01,Brand Search Core,Naver,447804.86,62097,5070.0,417.35,4063477.67,8.164646,88.32443,8.231755,1072.971991,907.42152,2026-08-13T23:59:59Z
naver-SYNTH-001-2026-08-13-C02,synthetic-advertiser-001,naver,SYNTH-001,2026-08-13,C02,Brand Search Expansion,Naver,340576.67,46375,2862.0,208.84,2318719.15,6.171429,118.999536,7.296995,1630.801918,680.821482,2026-08-13T23:59:59Z
naver-SYNTH-001-2026-08-13-C03,synthetic-advertiser-001,naver,SYNTH-001,2026-08-13,C03,Generic Search High Intent,Naver,597608.88,75984,4544.0,207.9,4795306.51,5.980206,131.516039,4.575264,2874.501583,802.415539,2026-08-13T23:59:59Z
naver-SYNTH-001-2026-08-13-C04,synthetic-advertiser-001,naver,SYNTH-001,2026-08-13,C04,Generic Search Mid Intent,Naver,418933.21,48386,2252.0,88.09,2488928.28,4.654239,186.027181,3.911634,4755.740853,594.110997,2026-08-13T23:59:59Z
naver-SYNTH-001-2026-08-13-C05,synthetic-advertiser-001,naver,SYNTH-001,2026-08-13,C05,Shopping Best Seller,Naver,822169.99,119170,6568.0,387.73,6885730.97,5.511454,125.178135,5.903319,2120.470412,837.506967,2026-08-13T23:59:59Z
naver-SYNTH-001-2026-08-13-C06,synthetic-advertiser-001,naver,SYNTH-001,2026-08-13,C06,Shopping Long Tail,Naver,426902.37,45623,2011.0,90.88,2669559.01,4.407864,212.283627,4.519145,4697.429297,625.332434,2026-08-13T23:59:59Z
naver-SYNTH-001-2026-08-13-C07,synthetic-advertiser-001,naver,SYNTH-001,2026-08-13,C07,Retargeting,Naver,290720.2,50103,4699.0,462.0,3269295.06,9.37868,61.868524,9.831879,629.264493,1124.550376,2026-08-13T23:59:59Z
naver-SYNTH-001-2026-08-13-C08,synthetic-advertiser-001,naver,SYNTH-001,2026-08-13,C08,Competitor,Naver,366820.96,39618,1233.0,38.96,2454224.82,3.112222,297.50281,3.159773,9415.322502,669.052496,2026-08-13T23:59:59Z
naver-SYNTH-001-2026-08-13-C09,synthetic-advertiser-001,naver,SYNTH-001,2026-08-13,C09,Prospecting,Naver,732678.59,69296,1467.0,45.4,6077493.92,2.117005,499.440077,3.094751,16138.29501,829.489762,2026-08-13T23:59:59Z
naver-SYNTH-001-2026-08-13-C10,synthetic-advertiser-001,naver,SYNTH-001,2026-08-13,C10,Seasonal,Naver,490137.24,63609,2277.0,135.58,5542332.28,3.579682,215.255703,5.954326,3615.114593,1130.771521,2026-08-13T23:59:59Z
naver-SYNTH-001-2026-08-13-C11,synthetic-advertiser-001,naver,SYNTH-001,2026-08-13,C11,New Product Launch,Naver,683941.19,73189,2635.0,105.22,4618757.07,3.600268,259.560222,3.993169,6500.106301,675.31495,2026-08-13T23:59:59Z
naver-SYNTH-001-2026-08-13-C12,synthetic-advertiser-001,naver,SYNTH-001,2026-08-13,C12,Low Efficiency Legacy,Naver,273507.87,24370,600.0,11.89,708192.84,2.462043,455.846448,1.981667,23003.184928,258.929602,2026-08-13T23:59:59Z
naver-SYNTH-001-2026-08-14-C01,synthetic-advertiser-001,naver,SYNTH-001,2026-08-14,C01,Brand Search Core,Naver,491797.99,74402,5081.0,417.82,4191757.35,6.829117,96.791574,8.223184,1177.057073,852.333166,2026-08-14T23:59:59Z
naver-SYNTH-001-2026-08-14-C02,synthetic-advertiser-001,naver,SYNTH-001,2026-08-14,C02,Brand Search Expansion,Naver,310975.15,46026,2930.0,197.35,2212733.18,6.365967,106.134863,6.735495,1575.754497,711.546623,2026-08-14T23:59:59Z
naver-SYNTH-001-2026-08-14-C03,synthetic-advertiser-001,naver,SYNTH-001,2026-08-14,C03,Generic Search High Intent,Naver,628730.03,77687,3743.0,209.96,4534327.88,4.818052,167.974893,5.609404,2994.522888,721.188379,2026-08-14T23:59:59Z
naver-SYNTH-001-2026-08-14-C04,synthetic-advertiser-001,naver,SYNTH-001,2026-08-14,C04,Generic Search Mid Intent,Naver,549184.33,64329,3035.0,181.09,2618401.21,4.717934,180.950355,5.966722,3032.6596,476.780031,2026-08-14T23:59:59Z
naver-SYNTH-001-2026-08-14-C05,synthetic-advertiser-001,naver,SYNTH-001,2026-08-14,C05,Shopping Best Seller,Naver,692143.47,87263,4661.0,269.14,6964827.68,5.341325,148.496775,5.774297,2571.685619,1006.269366,2026-08-14T23:59:59Z
naver-SYNTH-001-2026-08-14-C06,synthetic-advertiser-001,naver,SYNTH-001,2026-08-14,C06,Shopping Long Tail,Naver,371666.39,40001,1377.0,48.58,2685651.48,3.442414,269.910232,3.527959,7650.604974,722.597348,2026-08-14T23:59:59Z
naver-SYNTH-001-2026-08-14-C07,synthetic-advertiser-001,naver,SYNTH-001,2026-08-14,C07,Retargeting,Naver,291276.92,45122,3512.0,374.17,3167162.01,7.783343,82.937619,10.654043,778.461443,1087.337107,2026-08-14T23:59:59Z
naver-SYNTH-001-2026-08-14-C08,synthetic-advertiser-001,naver,SYNTH-001,2026-08-14,C08,Competitor,Naver,386468.25,39477,1494.0,53.74,2711170.13,3.784482,258.680223,3.597055,7191.444974,701.524669,2026-08-14T23:59:59Z
naver-SYNTH-001-2026-08-14-C09,synthetic-advertiser-001,naver,SYNTH-001,2026-08-14,C09,Prospecting,Naver,819960.86,85872,2560.0,77.13,4881573.41,2.981181,320.297212,3.012891,10630.894113,595.342245,2026-08-14T23:59:59Z
naver-SYNTH-001-2026-08-14-C10,synthetic-advertiser-001,naver,SYNTH-001,2026-08-14,C10,Seasonal,Naver,587568.69,83242,3751.0,205.22,3309795.74,4.506139,156.643212,5.471074,2863.116118,563.303627,2026-08-14T23:59:59Z
naver-SYNTH-001-2026-08-14-C11,synthetic-advertiser-001,naver,SYNTH-001,2026-08-14,C11,New Product Launch,Naver,776111.26,78873,2489.0,119.21,5078677.64,3.155706,311.816497,4.789474,6510.454332,654.374945,2026-08-14T23:59:59Z
naver-SYNTH-001-2026-08-14-C12,synthetic-advertiser-001,naver,SYNTH-001,2026-08-14,C12,Low Efficiency Legacy,Naver,298073.97,26290,533.0,11.83,789543.14,2.027387,559.238215,2.219512,25196.447046,264.881615,2026-08-14T23:59:59Z
naver-SYNTH-001-2026-08-15-C01,synthetic-advertiser-001,naver,SYNTH-001,2026-08-15,C01,Brand Search Core,Naver,410683.88,64275,4613.0,355.95,3690596.19,7.176974,89.027504,7.716237,1153.768442,898.646477,2026-08-15T23:59:59Z
naver-SYNTH-001-2026-08-15-C02,synthetic-advertiser-001,naver,SYNTH-001,2026-08-15,C02,Brand Search Expansion,Naver,362300.17,46899,2913.0,189.28,2321575.8,6.21122,124.373558,6.497769,1914.096438,640.787936,2026-08-15T23:59:59Z
naver-SYNTH-001-2026-08-15-C03,synthetic-advertiser-001,naver,SYNTH-001,2026-08-15,C03,Generic Search High Intent,Naver,494136.35,61156,3014.0,169.18,4190826.27,4.92838,163.947032,5.613139,2920.772867,848.111304,2026-08-15T23:59:59Z
naver-SYNTH-001-2026-08-15-C04,synthetic-advertiser-001,naver,SYNTH-001,2026-08-15,C04,Generic Search Mid Intent,Naver,487608.44,52714,2232.0,93.44,3101808.7,4.234169,218.462562,4.18638,5218.412219,636.126954,2026-08-15T23:59:59Z
naver-SYNTH-001-2026-08-15-C05,synthetic-advertiser-001,naver,SYNTH-001,2026-08-15,C05,Shopping Best Seller,Naver,765856.47,96996,5159.0,336.93,4912417.58,5.318776,148.450566,6.530917,2273.043279,641.427965,2026-08-15T23:59:59Z
naver-SYNTH-001-2026-08-15-C06,synthetic-advertiser-001,naver,SYNTH-001,2026-08-15,C06,Shopping Long Tail,Naver,437826.63,47409,1907.0,103.05,2751412.52,4.022443,229.589216,5.403776,4248.681562,628.425112,2026-08-15T23:59:59Z
naver-SYNTH-001-2026-08-15-C07,synthetic-advertiser-001,naver,SYNTH-001,2026-08-15,C07,Retargeting,Naver,263323.02,39115,3740.0,377.5,3108456.38,9.561549,70.407225,10.093583,697.544429,1180.472699,2026-08-15T23:59:59Z
naver-SYNTH-001-2026-08-15-C08,synthetic-advertiser-001,naver,SYNTH-001,2026-08-15,C08,Competitor,Naver,392424.45,39858,1561.0,55.22,3196447.26,3.916403,251.392983,3.537476,7106.56367,814.538261,2026-08-15T23:59:59Z
naver-SYNTH-001-2026-08-15-C09,synthetic-advertiser-001,naver,SYNTH-001,2026-08-15,C09,Prospecting,Naver,666357.63,65070,1750.0,47.8,4867542.04,2.689411,380.775787,2.731429,13940.53612,730.469922,2026-08-15T23:59:59Z
naver-SYNTH-001-2026-08-15-C10,synthetic-advertiser-001,naver,SYNTH-001,2026-08-15,C10,Seasonal,Naver,533585.32,66463,3223.0,145.92,7146252.08,4.849315,165.555481,4.527459,3656.697612,1339.289495,2026-08-15T23:59:59Z
naver-SYNTH-001-2026-08-15-C11,synthetic-advertiser-001,naver,SYNTH-001,2026-08-15,C11,New Product Launch,Naver,630858.13,68141,1755.0,72.4,5133471.89,2.575542,359.463323,4.125356,8713.510121,813.728417,2026-08-15T23:59:59Z
naver-SYNTH-001-2026-08-15-C12,synthetic-advertiser-001,naver,SYNTH-001,2026-08-15,C12,Low Efficiency Legacy,Naver,279833.31,27059,653.0,11.64,734157.07,2.413245,428.534937,1.782542,24040.662676,262.355136,2026-08-15T23:59:59Z
naver-SYNTH-001-2026-08-16-C01,synthetic-advertiser-001,naver,SYNTH-001,2026-08-16,C01,Brand Search Core,Naver,423377.54,64283,4128.0,288.06,3659849.85,6.421604,102.562389,6.978198,1469.754703,864.441191,2026-08-16T23:59:59Z
naver-SYNTH-001-2026-08-16-C02,synthetic-advertiser-001,naver,SYNTH-001,2026-08-16,C02,Brand Search Expansion,Naver,312084.34,49356,3084.0,197.15,2172260.79,6.24848,101.194663,6.392672,1582.979157,696.049274,2026-08-16T23:59:59Z
naver-SYNTH-001-2026-08-16-C03,synthetic-advertiser-001,naver,SYNTH-001,2026-08-16,C03,Generic Search High Intent,Naver,505630.36,60074,2832.0,136.71,4509003.26,4.714186,178.541794,4.827331,3698.561631,891.758806,2026-08-16T23:59:59Z
naver-SYNTH-001-2026-08-16-C04,synthetic-advertiser-001,naver,SYNTH-001,2026-08-16,C04,Generic Search Mid Intent,Naver,380917.51,45178,1542.0,78.5,2362903.9,3.413166,247.028217,5.090791,4852.452367,620.319054,2026-08-16T23:59:59Z
naver-SYNTH-001-2026-08-16-C05,synthetic-advertiser-001,naver,SYNTH-001,2026-08-16,C05,Shopping Best Seller,Naver,682128.31,89252,4806.0,261.45,6397702.64,5.384753,141.932648,5.440075,2609.020108,937.903115,2026-08-16T23:59:59Z
naver-SYNTH-001-2026-08-16-C06,synthetic-advertiser-001,naver,SYNTH-001,2026-08-16,C06,Shopping Long Tail,Naver,398157.45,43536,1756.0,79.17,2458303.31,4.033444,226.741143,4.508542,5029.145467,617.4199,2026-08-16T23:59:59Z
naver-SYNTH-001-2026-08-16-C07,synthetic-advertiser-001,naver,SYNTH-001,2026-08-16,C07,Retargeting,Naver,295893.66,44936,4026.0,416.04,3480394.02,8.959409,73.495692,10.33383,711.214442,1176.231375,2026-08-16T23:59:59Z
naver-SYNTH-001-2026-08-16-C08,synthetic-advertiser-001,naver,SYNTH-001,2026-08-16,C08,Competitor,Naver,369703.5,36867,1392.0,48.57,3051484.08,3.775734,265.591594,3.489224,7611.76649,825.386856,2026-08-16T23:59:59Z
naver-SYNTH-001-2026-08-16-C09,synthetic-advertiser-001,naver,SYNTH-001,2026-08-16,C09,Prospecting,Naver,729896.71,82460,2032.0,52.8,5232742.6,2.464225,359.201136,2.598425,13823.801277,716.915497,2026-08-16T23:59:59Z
naver-SYNTH-001-2026-08-16-C10,synthetic-advertiser-001,naver,SYNTH-001,2026-08-16,C10,Seasonal,Naver,522242.07,67464,3448.0,148.99,6943521.25,5.110874,151.462318,4.321056,3505.215608,1329.559911,2026-08-16T23:59:59Z
naver-SYNTH-001-2026-08-16-C11,synthetic-advertiser-001,naver,SYNTH-001,2026-08-16,C11,New Product Launch,Naver,604068.61,70312,2430.0,102.94,3794517.81,3.456025,248.587906,4.236214,5868.16215,628.160069,2026-08-16T23:59:59Z
naver-SYNTH-001-2026-08-16-C12,synthetic-advertiser-001,naver,SYNTH-001,2026-08-16,C12,Low Efficiency Legacy,Naver,332401.17,28858,605.0,10.91,914881.6,2.096472,549.423415,1.803306,30467.567901,275.234172,2026-08-16T23:59:59Z
naver-SYNTH-001-2026-08-17-C01,synthetic-advertiser-001,naver,SYNTH-001,2026-08-17,C01,Brand Search Core,Naver,486958.12,69602,4862.0,397.97,4216043.27,6.985431,100.155927,8.185315,1223.60509,865.791764,2026-08-17T23:59:59Z
naver-SYNTH-001-2026-08-17-C02,synthetic-advertiser-001,naver,SYNTH-001,2026-08-17,C02,Brand Search Expansion,Naver,353973.6,47483,2854.0,189.86,2464693.13,6.010572,124.02719,6.652418,1864.392711,696.292924,2026-08-17T23:59:59Z
naver-SYNTH-001-2026-08-17-C03,synthetic-advertiser-001,naver,SYNTH-001,2026-08-17,C03,Generic Search High Intent,Naver,636943.66,74831,3732.0,193.24,4921032.09,4.987238,170.670863,5.177921,3296.127412,772.600842,2026-08-17T23:59:59Z
naver-SYNTH-001-2026-08-17-C04,synthetic-advertiser-001,naver,SYNTH-001,2026-08-17,C04,Generic Search Mid Intent,Naver,522968.76,60453,2287.0,89.54,3361125.37,3.783104,228.670204,3.915173,5840.615994,642.700989,2026-08-17T23:59:59Z
naver-SYNTH-001-2026-08-17-C05,synthetic-advertiser-001,naver,SYNTH-001,2026-08-17,C05,Shopping Best Seller,Naver,647853.23,85445,3871.0,209.99,6437506.98,4.5304,167.360689,5.424696,3085.162289,993.6675,2026-08-17T23:59:59Z
naver-SYNTH-001-2026-08-17-C06,synthetic-advertiser-001,naver,SYNTH-001,2026-08-17,C06,Shopping Long Tail,Naver,387642.4,47333,1743.0,76.19,2390570.14,3.68242,222.39954,4.371199,5087.838274,616.694704,2026-08-17T23:59:59Z
naver-SYNTH-001-2026-08-17-C07,synthetic-advertiser-001,naver,SYNTH-001,2026-08-17,C07,Retargeting,Naver,296074.84,46381,3896.0,404.47,3133000.07,8.399991,75.994568,10.381674,732.006919,1058.178426,2026-08-17T23:59:59Z
naver-SYNTH-001-2026-08-17-C08,synthetic-advertiser-001,naver,SYNTH-001,2026-08-17,C08,Competitor,Naver,381964.83,38659,1355.0,49.07,2278710.03,3.505005,281.892864,3.621402,7784.080524,596.575875,2026-08-17T23:59:59Z
naver-SYNTH-001-2026-08-17-C09,synthetic-advertiser-001,naver,SYNTH-001,2026-08-17,C09,Prospecting,Naver,757360.71,69569,2406.0,71.94,6719638.3,3.458437,314.780013,2.990025,10527.671819,887.24411,2026-08-17T23:59:59Z
naver-SYNTH-001-2026-08-17-C10,synthetic-advertiser-001,naver,SYNTH-001,2026-08-17,C10,Seasonal,Naver,657553.78,88395,4143.0,258.58,5549699.61,4.686917,158.714404,6.241371,2542.941362,843.991746,2026-08-17T23:59:59Z
naver-SYNTH-001-2026-08-17-C11,synthetic-advertiser-001,naver,SYNTH-001,2026-08-17,C11,New Product Launch,Naver,569644.9,62451,2200.0,71.24,1870549.07,3.522762,258.929499,3.238182,7996.138377,328.371074,2026-08-17T23:59:59Z
naver-SYNTH-001-2026-08-17-C12,synthetic-advertiser-001,naver,SYNTH-001,2026-08-17,C12,Low Efficiency Legacy,Naver,279155.48,26490,672.0,9.88,806554.6,2.536806,415.409947,1.470238,28254.603695,288.926652,2026-08-17T23:59:59Z
naver-SYNTH-001-2026-08-18-C01,synthetic-advertiser-001,naver,SYNTH-001,2026-08-18,C01,Brand Search Core,Naver,463471.64,85189,7241.0,590.2,3589796.23,8.499924,64.006579,8.150808,785.278949,774.544968,2026-08-18T23:59:59Z
naver-SYNTH-001-2026-08-18-C02,synthetic-advertiser-001,naver,SYNTH-001,2026-08-18,C02,Brand Search Expansion,Naver,320245.79,46453,3002.0,179.25,2197820.53,6.462446,106.67748,5.971019,1786.587417,686.291769,2026-08-18T23:59:59Z
naver-SYNTH-001-2026-08-18-C03,synthetic-advertiser-001,naver,SYNTH-001,2026-08-18,C03,Generic Search High Intent,Naver,637616.5,81880,3645.0,159.78,3795721.75,4.451637,174.92908,4.383539,3990.590168,595.298549,2026-08-18T23:59:59Z
naver-SYNTH-001-2026-08-18-C04,synthetic-advertiser-001,naver,SYNTH-001,2026-08-18,C04,Generic Search Mid Intent,Naver,484282.43,54443,1778.0,71.95,3311091.14,3.265801,272.37482,4.046682,6730.819043,683.710771,2026-08-18T23:59:59Z
naver-SYNTH-001-2026-08-18-C05,synthetic-advertiser-001,naver,SYNTH-001,2026-08-18,C05,Shopping Best Seller,Naver,763335.29,92650,5078.0,334.41,5890620.13,5.480842,150.322035,6.585467,2282.632971,771.694981,2026-08-18T23:59:59Z
naver-SYNTH-001-2026-08-18-C06,synthetic-advertiser-001,naver,SYNTH-001,2026-08-18,C06,Shopping Long Tail,Naver,405001.43,44217,1580.0,83.18,2859808.39,3.573286,256.330017,5.264557,4868.976048,706.123038,2026-08-18T23:59:59Z
naver-SYNTH-001-2026-08-18-C07,synthetic-advertiser-001,naver,SYNTH-001,2026-08-18,C07,Retargeting,Naver,269123.7,44328,4011.0,436.69,2908889.12,9.048457,67.09641,10.88731,616.280885,1080.874381,2026-08-18T23:59:59Z
naver-SYNTH-001-2026-08-18-C08,synthetic-advertiser-001,naver,SYNTH-001,2026-08-18,C08,Competitor,Naver,424249.24,42706,1516.0,55.39,2323273.78,3.549852,279.847785,3.653694,7659.311107,547.62002,2026-08-18T23:59:59Z
naver-SYNTH-001-2026-08-18-C09,synthetic-advertiser-001,naver,SYNTH-001,2026-08-18,C09,Prospecting,Naver,886297.09,98608,2521.0,69.16,4686311.74,2.556588,351.565683,2.743356,12815.168974,528.751794,2026-08-18T23:59:59Z
naver-SYNTH-001-2026-08-18-C10,synthetic-advertiser-001,naver,SYNTH-001,2026-08-18,C10,Seasonal,Naver,609160.73,73282,3363.0,177.23,6232077.13,4.589121,181.136108,5.269997,3437.119737,1023.059566,2026-08-18T23:59:59Z
naver-SYNTH-001-2026-08-18-C11,synthetic-advertiser-001,naver,SYNTH-001,2026-08-18,C11,New Product Launch,Naver,630685.36,69784,2677.0,99.06,5386086.87,3.836123,235.594084,3.700411,6366.700605,854.005372,2026-08-18T23:59:59Z
naver-SYNTH-001-2026-08-18-C12,synthetic-advertiser-001,naver,SYNTH-001,2026-08-18,C12,Low Efficiency Legacy,Naver,326940.27,28088,612.0,8.59,829293.66,2.178866,534.216121,1.403595,38060.566475,253.652958,2026-08-18T23:59:59Z
naver-SYNTH-001-2026-08-19-C01,synthetic-advertiser-001,naver,SYNTH-001,2026-08-19,C01,Brand Search Core,Naver,445197.09,69297,5181.0,433.41,3825066.21,7.476514,85.928795,8.365373,1027.196162,859.184912,2026-08-19T23:59:59Z
naver-SYNTH-001-2026-08-19-C02,synthetic-advertiser-001,naver,SYNTH-001,2026-08-19,C02,Brand Search Expansion,Naver,337228.78,47846,2881.0,180.19,2355941.74,6.021402,117.052682,6.254426,1871.517709,698.618241,2026-08-19T23:59:59Z
naver-SYNTH-001-2026-08-19-C03,synthetic-advertiser-001,naver,SYNTH-001,2026-08-19,C03,Generic Search High Intent,Naver,652354.19,71388,3177.0,182.96,4896652.29,4.450328,205.33654,5.758892,3565.556344,750.612532,2026-08-19T23:59:59Z
naver-SYNTH-001-2026-08-19-C04,synthetic-advertiser-001,naver,SYNTH-001,2026-08-19,C04,Generic Search Mid Intent,Naver,517306.52,69363,2886.0,125.32,2725861.57,4.16072,179.246887,4.342342,4127.884738,526.933547,2026-08-19T23:59:59Z
naver-SYNTH-001-2026-08-19-C05,synthetic-advertiser-001,naver,SYNTH-001,2026-08-19,C05,Shopping Best Seller,Naver,821795.06,117085,6675.0,0.0,6593653.32,5.700986,123.115365,0.0,0,802.347643,2026-08-19T23:59:59Z
naver-SYNTH-001-2026-08-19-C06,synthetic-advertiser-001,naver,SYNTH-001,2026-08-19,C06,Shopping Long Tail,Naver,394724.13,41955,1814.0,95.16,2500680.56,4.32368,217.598749,5.245865,4148.004732,633.526143,2026-08-19T23:59:59Z
naver-SYNTH-001-2026-08-19-C07,synthetic-advertiser-001,naver,SYNTH-001,2026-08-19,C07,Retargeting,Naver,323220.97,55515,4749.0,413.75,3561647.33,8.554445,68.060848,8.71236,781.198715,1101.923353,2026-08-19T23:59:59Z
naver-SYNTH-001-2026-08-19-C08,synthetic-advertiser-001,naver,SYNTH-001,2026-08-19,C08,Competitor,Naver,378941.32,39939,1222.0,51.39,1961136.63,3.059666,310.099283,4.205401,7373.833887,517.530422,2026-08-19T23:59:59Z
naver-SYNTH-001-2026-08-19-C09,synthetic-advertiser-001,naver,SYNTH-001,2026-08-19,C09,Prospecting,Naver,770287.51,73254,1806.0,61.22,6958358.68,2.465394,426.515785,3.389812,12582.28532,903.345649,2026-08-19T23:59:59Z
naver-SYNTH-001-2026-08-19-C10,synthetic-advertiser-001,naver,SYNTH-001,2026-08-19,C10,Seasonal,Naver,597378.54,74465,2871.0,189.89,5328342.04,3.855503,208.073335,6.614072,3145.918919,891.954037,2026-08-19T23:59:59Z
naver-SYNTH-001-2026-08-19-C11,synthetic-advertiser-001,naver,SYNTH-001,2026-08-19,C11,New Product Launch,Naver,657514.65,68533,2315.0,71.99,4231414.8,3.377935,284.023606,3.109719,9133.416408,643.546851,2026-08-19T23:59:59Z
naver-SYNTH-001-2026-08-19-C12,synthetic-advertiser-001,naver,SYNTH-001,2026-08-19,C12,Low Efficiency Legacy,Naver,315239.97,27625,568.0,11.71,654197.03,2.056109,554.999951,2.06162,26920.578341,207.523503,2026-08-19T23:59:59Z
naver-SYNTH-001-2026-08-20-C01,synthetic-advertiser-001,naver,SYNTH-001,2026-08-20,C01,Brand Search Core,Naver,411429.99,66573,4892.0,395.2,3812998.38,7.348324,84.102615,8.078496,1041.067795,926.767237,2026-08-20T23:59:59Z
naver-SYNTH-001-2026-08-20-C02,synthetic-advertiser-001,naver,SYNTH-001,2026-08-20,C02,Brand Search Expansion,Naver,338931.8,54493,3249.0,235.31,2268091.1,5.962234,104.318805,7.242536,1440.362915,669.188053,2026-08-20T23:59:59Z
naver-SYNTH-001-2026-08-20-C03,synthetic-advertiser-001,naver,SYNTH-001,2026-08-20,C03,Generic Search High Intent,Naver,532004.2,73382,3409.0,142.96,3892171.1,4.645553,156.058728,4.193605,3721.350058,731.605326,2026-08-20T23:59:59Z
naver-SYNTH-001-2026-08-20-C04,synthetic-advertiser-001,naver,SYNTH-001,2026-08-20,C04,Generic Search Mid Intent,Naver,556257.4,63861,2824.0,144.38,2856573.42,4.422104,196.975001,5.112606,3852.731705,513.534455,2026-08-20T23:59:59Z
naver-SYNTH-001-2026-08-20-C05,synthetic-advertiser-001,naver,SYNTH-001,2026-08-20,C05,Shopping Best Seller,Naver,726062.43,93572,5118.0,258.32,4807092.88,5.469585,141.864485,5.047284,2810.709327,662.077069,2026-08-20T23:59:59Z
naver-SYNTH-001-2026-08-20-C06,synthetic-advertiser-001,naver,SYNTH-001,2026-08-20,C06,Shopping Long Tail,Naver,366002.99,38339,1405.0,72.11,2243717.11,3.664676,260.500351,5.132384,5075.620489,613.032448,2026-08-20T23:59:59Z
naver-SYNTH-001-2026-08-20-C07,synthetic-advertiser-001,naver,SYNTH-001,2026-08-20,C07,Retargeting,Naver,280428.85,45224,3510.0,334.64,3324755.34,7.761366,79.89426,9.533903,838.001596,1185.596735,2026-08-20T23:59:59Z
naver-SYNTH-001-2026-08-20-C08,synthetic-advertiser-001,naver,SYNTH-001,2026-08-20,C08,Competitor,Naver,476319.32,49226,1277.0,42.2,2672695.04,2.594158,372.998688,3.30462,11287.187776,561.114131,2026-08-20T23:59:59Z
naver-SYNTH-001-2026-08-20-C09,synthetic-advertiser-001,naver,SYNTH-001,2026-08-20,C09,Prospecting,Naver,784453.29,75265,2092.0,54.37,3708605.96,2.779512,374.977674,2.598948,14428.053953,472.763132,2026-08-20T23:59:59Z
naver-SYNTH-001-2026-08-20-C10,synthetic-advertiser-001,naver,SYNTH-001,2026-08-20,C10,Seasonal,Naver,565942.31,69203,3378.0,215.68,4200919.78,4.881291,167.537687,6.384843,2623.990664,742.287638,2026-08-20T23:59:59Z
naver-SYNTH-001-2026-08-20-C11,synthetic-advertiser-001,naver,SYNTH-001,2026-08-20,C11,New Product Launch,Naver,703500.91,80607,3021.0,144.56,4805271.46,3.747813,232.870212,4.78517,4866.497728,683.051206,2026-08-20T23:59:59Z
naver-SYNTH-001-2026-08-20-C12,synthetic-advertiser-001,naver,SYNTH-001,2026-08-20,C12,Low Efficiency Legacy,Naver,335578.51,28629,702.0,17.67,857335.86,2.452059,478.032072,2.517094,18991.426968,255.479962,2026-08-20T23:59:59Z
naver-SYNTH-001-2026-08-21-C01,synthetic-advertiser-001,naver,SYNTH-001,2026-08-21,C01,Brand Search Core,Naver,448825.54,63316,4618.0,408.64,3785532.81,7.293575,97.19046,8.848852,1098.339718,843.430789,2026-08-21T23:59:59Z
naver-SYNTH-001-2026-08-21-C02,synthetic-advertiser-001,naver,SYNTH-001,2026-08-21,C02,Brand Search Expansion,Naver,334609.22,44038,2530.0,167.35,2077747.33,5.745038,132.256609,6.614625,1999.457552,620.947422,2026-08-21T23:59:59Z
naver-SYNTH-001-2026-08-21-C03,synthetic-advertiser-001,naver,SYNTH-001,2026-08-21,C03,Generic Search High Intent,Naver,584196.67,71752,4154.0,198.03,5401807.29,5.789386,140.634731,4.767212,2950.041266,924.655609,2026-08-21T23:59:59Z
naver-SYNTH-001-2026-08-21-C04,synthetic-advertiser-001,naver,SYNTH-001,2026-08-21,C04,Generic Search Mid Intent,Naver,472665.28,56542,2507.0,90.45,2939547.53,4.433872,188.538206,3.607898,5225.707937,621.908915,2026-08-21T23:59:59Z
naver-SYNTH-001-2026-08-21-C05,synthetic-advertiser-001,naver,SYNTH-001,2026-08-21,C05,Shopping Best Seller,Naver,687438.7,94667,5544.0,338.0,7267284.71,5.856317,123.996879,6.096681,2033.842301,1057.153858,2026-08-21T23:59:59Z
naver-SYNTH-001-2026-08-21-C06,synthetic-advertiser-001,naver,SYNTH-001,2026-08-21,C06,Shopping Long Tail,Naver,433720.33,48529,1537.0,68.62,2198078.91,3.167178,282.186293,4.464541,6320.611073,506.796372,2026-08-21T23:59:59Z
naver-SYNTH-001-2026-08-21-C07,synthetic-advertiser-001,naver,SYNTH-001,2026-08-21,C07,Retargeting,Naver,311418.37,49869,4193.0,332.24,3371494.75,8.408029,74.271017,7.923682,937.329566,1082.625502,2026-08-21T23:59:59Z
naver-SYNTH-001-2026-08-21-C08,synthetic-advertiser-001,naver,SYNTH-001,2026-08-21,C08,Competitor,Naver,391032.72,37911,1164.0,39.6,3011213.33,3.070349,335.938761,3.402062,9874.563582,770.066849,2026-08-21T23:59:59Z
naver-SYNTH-001-2026-08-21-C09,synthetic-advertiser-001,naver,SYNTH-001,2026-08-21,C09,Prospecting,Naver,736579.88,70729,1752.0,47.07,4397092.78,2.47706,420.422309,2.686644,15648.606004,596.960747,2026-08-21T23:59:59Z
naver-SYNTH-001-2026-08-21-C10,synthetic-advertiser-001,naver,SYNTH-001,2026-08-21,C10,Seasonal,Naver,549172.5,66242,2895.0,153.52,4257611.47,4.370339,189.69689,5.302936,3577.20491,775.27762,2026-08-21T23:59:59Z
naver-SYNTH-001-2026-08-21-C11,synthetic-advertiser-001,naver,SYNTH-001,2026-08-21,C11,New Product Launch,Naver,679158.32,75666,2615.0,106.04,3562505.9,3.455978,259.716375,4.055067,6404.737085,524.547192,2026-08-21T23:59:59Z
naver-SYNTH-001-2026-08-21-C12,synthetic-advertiser-001,naver,SYNTH-001,2026-08-21,C12,Low Efficiency Legacy,Naver,293608.87,27342,654.0,13.79,715808.46,2.391925,448.943234,2.108563,21291.434005,243.796603,2026-08-21T23:59:59Z
naver-SYNTH-001-2026-08-22-C01,synthetic-advertiser-001,naver,SYNTH-001,2026-08-22,C01,Brand Search Core,Naver,452324.5,67868,5432.0,451.71,4152735.1,8.003772,83.270342,8.315722,1001.360378,918.087596,2026-08-22T23:59:59Z
naver-SYNTH-001-2026-08-22-C02,synthetic-advertiser-001,naver,SYNTH-001,2026-08-22,C02,Brand Search Expansion,Naver,256762.15,34150,2167.0,145.66,1957730.54,6.345534,118.487379,6.721735,1762.749898,762.468511,2026-08-22T23:59:59Z
naver-SYNTH-001-2026-08-22-C03,synthetic-advertiser-001,naver,SYNTH-001,2026-08-22,C03,Generic Search High Intent,Naver,574968.46,70615,4305.0,300.27,4339906.69,6.096438,133.558296,6.974913,1914.838189,754.807779,2026-08-22T23:59:59Z
naver-SYNTH-001-2026-08-22-C04,synthetic-advertiser-001,naver,SYNTH-001,2026-08-22,C04,Generic Search Mid Intent,Naver,426710.14,55400,2330.0,118.05,2723431.48,4.205776,183.137398,5.066524,3614.655966,638.239227,2026-08-22T23:59:59Z
naver-SYNTH-001-2026-08-22-C05,synthetic-advertiser-001,naver,SYNTH-001,2026-08-22,C05,Shopping Best Seller,Naver,645051.38,88610,5971.0,326.9,6466084.76,6.738517,108.030712,5.474795,1973.237628,1002.41391,2026-08-22T23:59:59Z
naver-SYNTH-001-2026-08-22-C06,synthetic-advertiser-001,naver,SYNTH-001,2026-08-22,C06,Shopping Long Tail,Naver,364918.37,41100,1566.0,70.21,2637511.14,3.810219,233.025778,4.483397,5197.526965,722.767437,2026-08-22T23:59:59Z
naver-SYNTH-001-2026-08-22-C07,synthetic-advertiser-001,naver,SYNTH-001,2026-08-22,C07,Retargeting,Naver,263945.27,46109,3603.0,360.14,3120834.9,7.814093,73.257083,9.995559,732.896285,1182.37956,2026-08-22T23:59:59Z
naver-SYNTH-001-2026-08-22-C08,synthetic-advertiser-001,naver,SYNTH-001,2026-08-22,C08,Competitor,Naver,390777.36,42410,1578.0,55.65,2297612.53,3.720821,247.640913,3.526616,7022.055009,587.959478,2026-08-22T23:59:59Z
naver-SYNTH-001-2026-08-22-C09,synthetic-advertiser-001,naver,SYNTH-001,2026-08-22,C09,Prospecting,Naver,710458.63,62481,1608.0,52.89,4584057.04,2.573582,441.827508,3.289179,13432.759166,645.225046,2026-08-22T23:59:59Z
naver-SYNTH-001-2026-08-22-C10,synthetic-advertiser-001,naver,SYNTH-001,2026-08-22,C10,Seasonal,Naver,619224.36,77653,3363.0,159.04,6288647.8,4.330805,184.128565,4.729111,3893.513356,1015.568535,2026-08-22T23:59:59Z
naver-SYNTH-001-2026-08-22-C11,synthetic-advertiser-001,naver,SYNTH-001,2026-08-22,C11,New Product Launch,Naver,574127.56,64685,2370.0,108.96,4543138.09,3.66391,242.247914,4.597468,5269.15892,791.311625,2026-08-22T23:59:59Z
naver-SYNTH-001-2026-08-22-C12,synthetic-advertiser-001,naver,SYNTH-001,2026-08-22,C12,Low Efficiency Legacy,Naver,285397.85,27334,651.0,13.73,787913.76,2.381649,438.39916,2.109063,20786.442318,276.075574,2026-08-22T23:59:59Z
naver-SYNTH-001-2026-08-23-C01,synthetic-advertiser-001,naver,SYNTH-001,2026-08-23,C01,Brand Search Core,Naver,405467.61,67613,4533.0,351.65,3855225.14,6.704332,89.447963,7.757556,1153.043124,950.809633,2026-08-23T23:59:59Z
naver-SYNTH-001-2026-08-23-C02,synthetic-advertiser-001,naver,SYNTH-001,2026-08-23,C02,Brand Search Expansion,Naver,290943.3,39889,2552.0,150.87,2061030.07,6.397754,114.005994,5.911834,1928.43704,708.395792,2026-08-23T23:59:59Z
naver-SYNTH-001-2026-08-23-C03,synthetic-advertiser-001,naver,SYNTH-001,2026-08-23,C03,Generic Search High Intent,Naver,484988.83,63563,2639.0,135.41,4463005.68,4.151786,183.777503,5.13111,3581.632301,920.22855,2026-08-23T23:59:59Z
naver-SYNTH-001-2026-08-23-C04,synthetic-advertiser-001,naver,SYNTH-001,2026-08-23,C04,Generic Search Mid Intent,Naver,464578.44,51336,2132.0,90.28,2673380.2,4.153031,217.907335,4.234522,5145.972945,575.44216,2026-08-23T23:59:59Z
naver-SYNTH-001-2026-08-23-C05,synthetic-advertiser-001,naver,SYNTH-001,2026-08-23,C05,Shopping Best Seller,Naver,633488.49,86903,4904.0,332.0,6999135.35,5.643073,129.177914,6.769984,1908.097868,1104.855958,2026-08-23T23:59:59Z
naver-SYNTH-001-2026-08-23-C06,synthetic-advertiser-001,naver,SYNTH-001,2026-08-23,C06,Shopping Long Tail,Naver,333971.57,35989,1490.0,56.88,2353631.25,4.140154,224.141995,3.81745,5871.511465,704.739999,2026-08-23T23:59:59Z
naver-SYNTH-001-2026-08-23-C07,synthetic-advertiser-001,naver,SYNTH-001,2026-08-23,C07,Retargeting,Naver,293770.85,46661,4501.0,440.26,3182694.91,9.646171,65.267906,9.781382,667.26672,1083.393724,2026-08-23T23:59:59Z
naver-SYNTH-001-2026-08-23-C08,synthetic-advertiser-001,naver,SYNTH-001,2026-08-23,C08,Competitor,Naver,318182.77,31761,902.0,28.59,1837256.38,2.839961,352.752518,3.169623,11129.163036,577.421705,2026-08-23T23:59:59Z
naver-SYNTH-001-2026-08-23-C09,synthetic-advertiser-001,naver,SYNTH-001,2026-08-23,C09,Prospecting,Naver,711082.19,75488,1577.0,42.72,4859804.51,2.089074,450.908173,2.708941,16645.182321,683.437806,2026-08-23T23:59:59Z
naver-SYNTH-001-2026-08-23-C10,synthetic-advertiser-001,naver,SYNTH-001,2026-08-23,C10,Seasonal,Naver,569833.17,76100,2437.0,132.35,5380967.02,3.202365,233.825673,5.430858,4305.501818,944.305693,2026-08-23T23:59:59Z
naver-SYNTH-001-2026-08-23-C11,synthetic-advertiser-001,naver,SYNTH-001,2026-08-23,C11,New Product Launch,Naver,536325.01,66355,2344.0,89.63,3440513.69,3.532515,228.807597,3.823805,5983.766683,641.497905,2026-08-23T23:59:59Z
naver-SYNTH-001-2026-08-23-C12,synthetic-advertiser-001,naver,SYNTH-001,2026-08-23,C12,Low Efficiency Legacy,Naver,278212.31,25838,763.0,15.52,669571.7,2.953015,364.629503,2.034076,17926.050954,240.669327,2026-08-23T23:59:59Z
naver-SYNTH-001-2026-08-24-C01,synthetic-advertiser-001,naver,SYNTH-001,2026-08-24,C01,Brand Search Core,Naver,526977.87,80472,6135.0,491.8,4249368.1,7.62377,85.896963,8.0163,1071.52881,806.365571,2026-08-24T23:59:59Z
naver-SYNTH-001-2026-08-24-C02,synthetic-advertiser-001,naver,SYNTH-001,2026-08-24,C02,Brand Search Expansion,Naver,316404.79,43965,2735.0,143.08,2305109.34,6.220858,115.68731,5.231444,2211.383797,728.531736,2026-08-24T23:59:59Z
naver-SYNTH-001-2026-08-24-C03,synthetic-advertiser-001,naver,SYNTH-001,2026-08-24,C03,Generic Search High Intent,Naver,528205.33,63129,3294.0,178.72,4182978.06,5.217887,160.353772,5.425622,2955.490853,791.922735,2026-08-24T23:59:59Z
naver-SYNTH-001-2026-08-24-C04,synthetic-advertiser-001,naver,SYNTH-001,2026-08-24,C04,Generic Search Mid Intent,Naver,497007.1,59852,2461.0,90.77,3186089.89,4.111809,201.953313,3.688338,5475.455597,641.0552,2026-08-24T23:59:59Z
naver-SYNTH-001-2026-08-24-C05,synthetic-advertiser-001,naver,SYNTH-001,2026-08-24,C05,Shopping Best Seller,Naver,772226.74,97150,5255.0,289.01,6327184.61,5.409161,146.950855,5.499715,2671.972392,819.342852,2026-08-24T23:59:59Z
naver-SYNTH-001-2026-08-24-C06,synthetic-advertiser-001,naver,SYNTH-001,2026-08-24,C06,Shopping Long Tail,Naver,391771.3,48684,1896.0,98.22,2455695.86,3.894503,206.630432,5.18038,3988.712074,626.818722,2026-08-24T23:59:59Z
naver-SYNTH-001-2026-08-24-C07,synthetic-advertiser-001,naver,SYNTH-001,2026-08-24,C07,Retargeting,Naver,280313.22,46742,3640.0,374.92,2985508.97,7.787429,77.009128,10.3,747.661433,1065.061761,2026-08-24T23:59:59Z
naver-SYNTH-001-2026-08-24-C08,synthetic-advertiser-001,naver,SYNTH-001,2026-08-24,C08,Competitor,Naver,405420.98,43161,1447.0,0.0,2574756.96,3.352564,280.180359,0.0,0,635.082319,2026-08-24T23:59:59Z
naver-SYNTH-001-2026-08-24-C09,synthetic-advertiser-001,naver,SYNTH-001,2026-08-24,C09,Prospecting,Naver,817733.5,80982,2370.0,60.57,5375146.02,2.926576,345.035233,2.555696,13500.635659,657.322466,2026-08-24T23:59:59Z
naver-SYNTH-001-2026-08-24-C10,synthetic-advertiser-001,naver,SYNTH-001,2026-08-24,C10,Seasonal,Naver,677863.3,82822,2936.0,113.53,5201702.46,3.544952,230.879872,3.866826,5970.785737,767.367465,2026-08-24T23:59:59Z
naver-SYNTH-001-2026-08-24-C11,synthetic-advertiser-001,naver,SYNTH-001,2026-08-24,C11,New Product Launch,Naver,773673.88,80976,2725.0,121.75,5726703.25,3.365195,283.917019,4.46789,6354.610906,740.19602,2026-08-24T23:59:59Z
naver-SYNTH-001-2026-08-24-C12,synthetic-advertiser-001,naver,SYNTH-001,2026-08-24,C12,Low Efficiency Legacy,Naver,295978.67,27696,680.0,13.77,775061.18,2.455228,435.262753,2.025,21494.456924,261.86386,2026-08-24T23:59:59Z
naver-SYNTH-001-2026-08-25-C01,synthetic-advertiser-001,naver,SYNTH-001,2026-08-25,C01,Brand Search Core,Naver,456175.54,63550,5156.0,397.04,4428979.4,8.113297,88.474698,7.700543,1148.941016,970.893659,2026-08-25T23:59:59Z
naver-SYNTH-001-2026-08-25-C02,synthetic-advertiser-001,naver,SYNTH-001,2026-08-25,C02,Brand Search Expansion,Naver,346515.57,51075,3023.0,203.07,2290067.02,5.918747,114.626389,6.717499,1706.384857,660.884299,2026-08-25T23:59:59Z
naver-SYNTH-001-2026-08-25-C03,synthetic-advertiser-001,naver,SYNTH-001,2026-08-25,C03,Generic Search High Intent,Naver,610004.32,80005,4113.0,206.62,4987665.63,5.140929,148.311287,5.023584,2952.300467,817.64431,2026-08-25T23:59:59Z
naver-SYNTH-001-2026-08-25-C04,synthetic-advertiser-001,naver,SYNTH-001,2026-08-25,C04,Generic Search Mid Intent,Naver,524423.13,69795,2347.0,101.62,2982678.72,3.362705,223.444027,4.329783,5160.629113,568.754227,2026-08-25T23:59:59Z
naver-SYNTH-001-2026-08-25-C05,synthetic-advertiser-001,naver,SYNTH-001,2026-08-25,C05,Shopping Best Seller,Naver,845187.91,121766,7299.0,411.9,6692920.13,5.994284,115.795028,5.643239,2051.925005,791.885456,2026-08-25T23:59:59Z
naver-SYNTH-001-2026-08-25-C06,synthetic-advertiser-001,naver,SYNTH-001,2026-08-25,C06,Shopping Long Tail,Naver,426250.04,47979,2273.0,76.55,2815380.43,4.737489,187.527516,3.367796,5568.256603,660.499741,2026-08-25T23:59:59Z
naver-SYNTH-001-2026-08-25-C07,synthetic-advertiser-001,naver,SYNTH-001,2026-08-25,C07,Retargeting,Naver,324302.09,55796,4927.0,502.62,3220250.45,8.830382,65.82141,10.20134,645.223204,992.97864,2026-08-25T23:59:59Z
naver-SYNTH-001-2026-08-25-C08,synthetic-advertiser-001,naver,SYNTH-001,2026-08-25,C08,Competitor,Naver,402442.73,40886,1251.0,44.66,2434476.83,3.059727,321.696824,3.569944,9011.256768,604.925039,2026-08-25T23:59:59Z
naver-SYNTH-001-2026-08-25-C09,synthetic-advertiser-001,naver,SYNTH-001,2026-08-25,C09,Prospecting,Naver,815051.3,84397,1597.0,44.83,4379498.17,1.892247,510.363993,2.807138,18180.934573,537.327919,2026-08-25T23:59:59Z
naver-SYNTH-001-2026-08-25-C10,synthetic-advertiser-001,naver,SYNTH-001,2026-08-25,C10,Seasonal,Naver,589625.65,73989,2998.0,185.87,4491082.27,4.051954,196.673,6.1998,3172.247555,761.683662,2026-08-25T23:59:59Z
naver-SYNTH-001-2026-08-25-C11,synthetic-advertiser-001,naver,SYNTH-001,2026-08-25,C11,New Product Launch,Naver,710178.14,73713,2341.0,80.14,3521432.58,3.175831,303.365289,3.423323,8861.718775,495.852008,2026-08-25T23:59:59Z
naver-SYNTH-001-2026-08-25-C12,synthetic-advertiser-001,naver,SYNTH-001,2026-08-25,C12,Low Efficiency Legacy,Naver,307061.59,28992,649.0,13.39,833902.6,2.238549,473.130338,2.063174,22932.157537,271.575028,2026-08-25T23:59:59Z
naver-SYNTH-001-2026-08-26-C01,synthetic-advertiser-001,naver,SYNTH-001,2026-08-26,C01,Brand Search Core,Naver,520135.1,88889,6889.0,534.39,4061745.76,7.750115,75.502264,7.757149,973.32491,780.90207,2026-08-26T23:59:59Z
naver-SYNTH-001-2026-08-26-C02,synthetic-advertiser-001,naver,SYNTH-001,2026-08-26,C02,Brand Search Expansion,Naver,351251.73,56000,3132.0,205.37,2404279.5,5.592857,112.149338,6.557152,1710.336101,684.489021,2026-08-26T23:59:59Z
naver-SYNTH-001-2026-08-26-C03,synthetic-advertiser-001,naver,SYNTH-001,2026-08-26,C03,Generic Search High Intent,Naver,500997.58,61934,3525.0,132.59,4190686.13,5.691543,142.126973,3.761418,3778.547246,836.468339,2026-08-26T23:59:59Z
naver-SYNTH-001-2026-08-26-C04,synthetic-advertiser-001,naver,SYNTH-001,2026-08-26,C04,Generic Search Mid Intent,Naver,566231.51,63975,2403.0,99.92,3093362.21,3.756155,235.63525,4.158136,5666.848529,546.306976,2026-08-26T23:59:59Z
naver-SYNTH-001-2026-08-26-C05,synthetic-advertiser-001,naver,SYNTH-001,2026-08-26,C05,Shopping Best Seller,Naver,697186.73,92248,4829.0,311.54,5971569.64,5.234802,144.37497,6.451439,2237.872285,856.523707,2026-08-26T23:59:59Z
naver-SYNTH-001-2026-08-26-C06,synthetic-advertiser-001,naver,SYNTH-001,2026-08-26,C06,Shopping Long Tail,Naver,380605.74,47472,2374.0,129.23,2738185.06,5.000843,160.322552,5.443555,2945.18099,719.428211,2026-08-26T23:59:59Z
naver-SYNTH-001-2026-08-26-C07,synthetic-advertiser-001,naver,SYNTH-001,2026-08-26,C07,Retargeting,Naver,261234.0,40937,3219.0,314.74,3037407.92,7.863302,81.153776,9.777571,829.999378,1162.71537,2026-08-26T23:59:59Z
naver-SYNTH-001-2026-08-26-C08,synthetic-advertiser-001,naver,SYNTH-001,2026-08-26,C08,Competitor,Naver,466275.62,47152,1720.0,68.2,2601350.31,3.647777,271.090477,3.965116,6836.885919,557.899706,2026-08-26T23:59:59Z
naver-SYNTH-001-2026-08-26-C09,synthetic-advertiser-001,naver,SYNTH-001,2026-08-26,C09,Prospecting,Naver,745932.03,79384,2278.0,50.55,4777313.93,2.869596,327.450407,2.219052,14756.321033,640.448961,2026-08-26T23:59:59Z
naver-SYNTH-001-2026-08-26-C10,synthetic-advertiser-001,naver,SYNTH-001,2026-08-26,C10,Seasonal,Naver,596420.75,69116,3585.0,172.08,4014394.22,5.186932,166.36562,4.8,3465.950417,673.080915,2026-08-26T23:59:59Z
naver-SYNTH-001-2026-08-26-C11,synthetic-advertiser-001,naver,SYNTH-001,2026-08-26,C11,New Product Launch,Naver,706927.21,77766,2746.0,93.42,4553579.18,3.531106,257.438896,3.402039,7567.193403,644.136925,2026-08-26T23:59:59Z
naver-SYNTH-001-2026-08-26-C12,synthetic-advertiser-001,naver,SYNTH-001,2026-08-26,C12,Low Efficiency Legacy,Naver,293459.45,25974,524.0,14.22,708663.97,2.017402,560.037109,2.71374,20637.091797,241.486168,2026-08-26T23:59:59Z
naver-SYNTH-001-2026-08-27-C01,synthetic-advertiser-001,naver,SYNTH-001,2026-08-27,C01,Brand Search Core,Naver,463824.34,76587,5476.0,450.77,4159106.99,7.150039,84.701303,8.231738,1028.96008,896.698745,2026-08-27T23:59:59Z
naver-SYNTH-001-2026-08-27-C02,synthetic-advertiser-001,naver,SYNTH-001,2026-08-27,C02,Brand Search Expansion,Naver,321238.51,42822,2600.0,203.48,2323787.16,6.071645,123.553273,7.826154,1578.722779,723.383742,2026-08-27T23:59:59Z
naver-SYNTH-001-2026-08-27-C03,synthetic-advertiser-001,naver,SYNTH-001,2026-08-27,C03,Generic Search High Intent,Naver,581190.29,75136,3972.0,216.24,4658307.95,5.286414,146.321825,5.444109,2687.709442,801.511661,2026-08-27T23:59:59Z
naver-SYNTH-001-2026-08-27-C04,synthetic-advertiser-001,naver,SYNTH-001,2026-08-27,C04,Generic Search Mid Intent,Naver,493133.23,59425,2760.0,153.78,3104839.69,4.64451,178.671459,5.571739,3206.744872,629.614782,2026-08-27T23:59:59Z
naver-SYNTH-001-2026-08-27-C05,synthetic-advertiser-001,naver,SYNTH-001,2026-08-27,C05,Shopping Best Seller,Naver,796778.72,103793,5526.0,349.09,6459006.93,5.324058,144.187246,6.317228,2282.444986,810.639989,2026-08-27T23:59:59Z
naver-SYNTH-001-2026-08-27-C06,synthetic-advertiser-001,naver,SYNTH-001,2026-08-27,C06,Shopping Long Tail,Naver,446903.32,47058,2079.0,0.0,2187502.01,4.417952,214.96071,0.0,0,489.479922,2026-08-27T23:59:59Z
naver-SYNTH-001-2026-08-27-C07,synthetic-advertiser-001,naver,SYNTH-001,2026-08-27,C07,Retargeting,Naver,282319.13,50022,3954.0,387.52,3324175.31,7.904522,71.400892,9.800708,728.527886,1177.453102,2026-08-27T23:59:59Z
naver-SYNTH-001-2026-08-27-C08,synthetic-advertiser-001,naver,SYNTH-001,2026-08-27,C08,Competitor,Naver,460578.64,51900,1702.0,58.16,2577455.3,3.279383,270.610246,3.417156,7919.165049,559.612428,2026-08-27T23:59:59Z
naver-SYNTH-001-2026-08-27-C09,synthetic-advertiser-001,naver,SYNTH-001,2026-08-27,C09,Prospecting,Naver,626743.91,65775,1715.0,49.21,6729664.15,2.607374,365.448345,2.869388,12736.108761,1073.750222,2026-08-27T23:59:59Z
naver-SYNTH-001-2026-08-27-C10,synthetic-advertiser-001,naver,SYNTH-001,2026-08-27,C10,Seasonal,Naver,627243.2,85776,4388.0,198.62,6582928.97,5.11565,142.945123,4.526436,3158.006251,1049.501844,2026-08-27T23:59:59Z
naver-SYNTH-001-2026-08-27-C11,synthetic-advertiser-001,naver,SYNTH-001,2026-08-27,C11,New Product Launch,Naver,697717.65,76280,2740.0,124.31,5782524.9,3.592029,254.641477,4.536861,5612.72342,828.777216,2026-08-27T23:59:59Z
naver-SYNTH-001-2026-08-27-C12,synthetic-advertiser-001,naver,SYNTH-001,2026-08-27,C12,Low Efficiency Legacy,Naver,292365.64,24864,514.0,10.35,814711.86,2.067246,568.804752,2.013619,28247.888168,278.661969,2026-08-27T23:59:59Z
naver-SYNTH-001-2026-08-28-C01,synthetic-advertiser-001,naver,SYNTH-001,2026-08-28,C01,Brand Search Core,Naver,466487.92,71025,4829.0,427.51,4127351.21,6.799014,96.60135,8.852972,1091.174289,884.771296,2026-08-28T23:59:59Z
naver-SYNTH-001-2026-08-28-C02,synthetic-advertiser-001,naver,SYNTH-001,2026-08-28,C02,Brand Search Expansion,Naver,318121.51,40386,2381.0,178.86,2105527.45,5.895607,133.608362,7.51197,1778.606228,661.86265,2026-08-28T23:59:59Z
naver-SYNTH-001-2026-08-28-C03,synthetic-advertiser-001,naver,SYNTH-001,2026-08-28,C03,Generic Search High Intent,Naver,587216.72,65790,2528.0,120.88,4471522.13,3.842529,232.285095,4.781646,4857.848451,761.477317,2026-08-28T23:59:59Z
naver-SYNTH-001-2026-08-28-C04,synthetic-advertiser-001,naver,SYNTH-001,2026-08-28,C04,Generic Search Mid Intent,Naver,529691.23,67313,2658.0,126.97,3483747.14,3.948717,199.281877,4.7769,4171.782531,657.693947,2026-08-28T23:59:59Z
naver-SYNTH-001-2026-08-28-C05,synthetic-advertiser-001,naver,SYNTH-001,2026-08-28,C05,Shopping Best Seller,Naver,805607.38,100803,5364.0,325.56,5275591.91,5.32127,150.187805,6.069351,2474.528148,654.858932,2026-08-28T23:59:59Z
naver-SYNTH-001-2026-08-28-C06,synthetic-advertiser-001,naver,SYNTH-001,2026-08-28,C06,Shopping Long Tail,Naver,417302.73,47551,1978.0,85.56,2607788.92,4.159744,210.972058,4.325581,4877.311013,624.915376,2026-08-28T23:59:59Z
naver-SYNTH-001-2026-08-28-C07,synthetic-advertiser-001,naver,SYNTH-001,2026-08-28,C07,Retargeting,Naver,274829.17,45270,3546.0,330.88,3020402.58,7.833002,77.503995,9.331077,830.600724,1099.010927,2026-08-28T23:59:59Z
naver-SYNTH-001-2026-08-28-C08,synthetic-advertiser-001,naver,SYNTH-001,2026-08-28,C08,Competitor,Naver,343458.89,35865,1211.0,47.11,1626732.31,3.376551,283.615931,3.890173,7290.572975,473.632315,2026-08-28T23:59:59Z
naver-SYNTH-001-2026-08-28-C09,synthetic-advertiser-001,naver,SYNTH-001,2026-08-28,C09,Prospecting,Naver,768657.42,72623,1825.0,51.55,5555991.66,2.512978,421.18215,2.824658,14910.910244,722.817668,2026-08-28T23:59:59Z
naver-SYNTH-001-2026-08-28-C10,synthetic-advertiser-001,naver,SYNTH-001,2026-08-28,C10,Seasonal,Naver,683080.12,80192,3202.0,155.94,6844918.29,3.992917,213.329208,4.870081,4380.403512,1002.066676,2026-08-28T23:59:59Z
naver-SYNTH-001-2026-08-28-C11,synthetic-advertiser-001,naver,SYNTH-001,2026-08-28,C11,New Product Launch,Naver,740213.87,84980,3090.0,96.42,4763888.58,3.63615,239.551415,3.120388,7676.974396,643.582721,2026-08-28T23:59:59Z
naver-SYNTH-001-2026-08-28-C12,synthetic-advertiser-001,naver,SYNTH-001,2026-08-28,C12,Low Efficiency Legacy,Naver,331095.07,31870,649.0,14.11,961550.73,2.036398,510.161898,2.174114,23465.277936,290.415295,2026-08-28T23:59:59Z
naver-SYNTH-001-2026-08-29-C01,synthetic-advertiser-001,naver,SYNTH-001,2026-08-29,C01,Brand Search Core,Naver,515957.32,68459,5569.0,465.58,4213088.68,8.134796,92.648109,8.360208,1108.203355,816.557597,2026-08-29T23:59:59Z
naver-SYNTH-001-2026-08-29-C02,synthetic-advertiser-001,naver,SYNTH-001,2026-08-29,C02,Brand Search Expansion,Naver,280002.54,35003,2472.0,188.67,2009010.01,7.062252,113.269636,7.632282,1484.086182,717.497067,2026-08-29T23:59:59Z
naver-SYNTH-001-2026-08-29-C03,synthetic-advertiser-001,naver,SYNTH-001,2026-08-29,C03,Generic Search High Intent,Naver,498001.68,61828,3213.0,197.31,4793424.38,5.196675,154.995856,6.14099,2523.955622,962.531761,2026-08-29T23:59:59Z
naver-SYNTH-001-2026-08-29-C04,synthetic-advertiser-001,naver,SYNTH-001,2026-08-29,C04,Generic Search Mid Intent,Naver,401276.82,48529,1659.0,82.12,2552068.58,3.418574,241.878737,4.94997,4886.468877,635.987036,2026-08-29T23:59:59Z
naver-SYNTH-001-2026-08-29-C05,synthetic-advertiser-001,naver,SYNTH-001,2026-08-29,C05,Shopping Best Seller,Naver,600839.82,85682,3977.0,254.47,5731852.48,4.641582,151.078657,6.398542,2361.142052,953.973473,2026-08-29T23:59:59Z
naver-SYNTH-001-2026-08-29-C06,synthetic-advertiser-001,naver,SYNTH-001,2026-08-29,C06,Shopping Long Tail,Naver,395435.94,43859,1896.0,104.09,3048485.36,4.322944,208.563262,5.489979,3798.981117,770.917618,2026-08-29T23:59:59Z
naver-SYNTH-001-2026-08-29-C07,synthetic-advertiser-001,naver,SYNTH-001,2026-08-29,C07,Retargeting,Naver,263035.15,43894,3394.0,382.73,3233106.03,7.732264,77.500045,11.276665,687.26035,1229.153587,2026-08-29T23:59:59Z
naver-SYNTH-001-2026-08-29-C08,synthetic-advertiser-001,naver,SYNTH-001,2026-08-29,C08,Competitor,Naver,357560.63,38084,1362.0,49.19,2785584.39,3.576305,262.526161,3.611601,7268.969937,779.052319,2026-08-29T23:59:59Z
naver-SYNTH-001-2026-08-29-C09,synthetic-advertiser-001,naver,SYNTH-001,2026-08-29,C09,Prospecting,Naver,782628.21,81538,2520.0,73.02,6124452.16,3.090584,310.566749,2.897619,10717.997895,782.549378,2026-08-29T23:59:59Z
naver-SYNTH-001-2026-08-29-C10,synthetic-advertiser-001,naver,SYNTH-001,2026-08-29,C10,Seasonal,Naver,569653.52,71186,4106.0,215.57,5519323.83,5.767988,138.736852,5.250122,2642.545415,968.891385,2026-08-29T23:59:59Z
naver-SYNTH-001-2026-08-29-C11,synthetic-advertiser-001,naver,SYNTH-001,2026-08-29,C11,New Product Launch,Naver,662924.56,71935,2517.0,0.0,3865006.98,3.498992,263.378848,0.0,0,583.02365,2026-08-29T23:59:59Z
naver-SYNTH-001-2026-08-29-C12,synthetic-advertiser-001,naver,SYNTH-001,2026-08-29,C12,Low Efficiency Legacy,Naver,302968.57,30024,697.0,14.28,736687.29,2.321476,434.675129,2.04878,21216.286081,243.156345,2026-08-29T23:59:59Z
naver-SYNTH-001-2026-08-30-C01,synthetic-advertiser-001,naver,SYNTH-001,2026-08-30,C01,Brand Search Core,Naver,364153.9,51948,3777.0,274.01,3466830.98,7.270732,96.41353,7.254699,1328.980341,952.023568,2026-08-30T23:59:59Z
naver-SYNTH-001-2026-08-30-C02,synthetic-advertiser-001,naver,SYNTH-001,2026-08-30,C02,Brand Search Expansion,Naver,254809.37,35136,2071.0,133.18,1857465.1,5.89424,123.036878,6.43071,1913.270563,728.962626,2026-08-30T23:59:59Z
naver-SYNTH-001-2026-08-30-C03,synthetic-advertiser-001,naver,SYNTH-001,2026-08-30,C03,Generic Search High Intent,Naver,532348.59,66389,3221.0,133.29,4104745.88,4.851707,165.274323,4.138156,3993.912473,771.063535,2026-08-30T23:59:59Z
naver-SYNTH-001-2026-08-30-C04,synthetic-advertiser-001,naver,SYNTH-001,2026-08-30,C04,Generic Search Mid Intent,Naver,409372.68,48981,2271.0,90.57,2431526.73,4.636492,180.26098,3.988111,4519.958981,593.964086,2026-08-30T23:59:59Z
naver-SYNTH-001-2026-08-30-C05,synthetic-advertiser-001,naver,SYNTH-001,2026-08-30,C05,Shopping Best Seller,Naver,611792.47,76407,4751.0,266.29,6105865.64,6.218017,128.771304,5.604925,2297.466916,998.028905,2026-08-30T23:59:59Z
naver-SYNTH-001-2026-08-30-C06,synthetic-advertiser-001,naver,SYNTH-001,2026-08-30,C06,Shopping Long Tail,Naver,379442.36,39776,1458.0,67.6,2391496.14,3.665527,260.24853,4.636488,5613.052611,630.265994,2026-08-30T23:59:59Z
naver-SYNTH-001-2026-08-30-C07,synthetic-advertiser-001,naver,SYNTH-001,2026-08-30,C07,Retargeting,Naver,262266.94,44408,4294.0,441.45,3169674.64,9.669429,61.077535,10.280624,594.103378,1208.56814,2026-08-30T23:59:59Z
naver-SYNTH-001-2026-08-30-C08,synthetic-advertiser-001,naver,SYNTH-001,2026-08-30,C08,Competitor,Naver,338055.55,36539,1138.0,40.64,3118016.21,3.11448,297.061119,3.571178,8318.296098,922.338407,2026-08-30T23:59:59Z
naver-SYNTH-001-2026-08-30-C09,synthetic-advertiser-001,naver,SYNTH-001,2026-08-30,C09,Prospecting,Naver,695927.2,68189,1520.0,35.65,6868012.14,2.229099,457.846845,2.345395,19521.099693,986.886573,2026-08-30T23:59:59Z
naver-SYNTH-001-2026-08-30-C10,synthetic-advertiser-001,naver,SYNTH-001,2026-08-30,C10,Seasonal,Naver,524695.9,65265,2834.0,145.6,4995246.43,4.342297,185.143224,5.137615,3603.680609,952.026967,2026-08-30T23:59:59Z
naver-SYNTH-001-2026-08-30-C11,synthetic-advertiser-001,naver,SYNTH-001,2026-08-30,C11,New Product Launch,Naver,622684.96,72505,2112.0,79.68,5635379.67,2.912903,294.831896,3.772727,7814.821347,905.012966,2026-08-30T23:59:59Z
naver-SYNTH-001-2026-08-30-C12,synthetic-advertiser-001,naver,SYNTH-001,2026-08-30,C12,Low Efficiency Legacy,Naver,346284.34,32875,756.0,16.3,785930.07,2.29962,458.048072,2.156085,21244.438183,226.960903,2026-08-30T23:59:59Z
naver-SYNTH-001-2026-08-31-C01,synthetic-advertiser-001,naver,SYNTH-001,2026-08-31,C01,Brand Search Core,Naver,441041.38,70652,4796.0,355.23,4318153.65,6.788201,91.960255,7.406797,1241.565695,979.08129,2026-08-31T23:59:59Z
naver-SYNTH-001-2026-08-31-C02,synthetic-advertiser-001,naver,SYNTH-001,2026-08-31,C02,Brand Search Expansion,Naver,355283.89,53091,3149.0,197.28,2203300.26,5.931325,112.824355,6.264846,1800.911872,620.152023,2026-08-31T23:59:59Z
naver-SYNTH-001-2026-08-31-C03,synthetic-advertiser-001,naver,SYNTH-001,2026-08-31,C03,Generic Search High Intent,Naver,535190.81,65886,3299.0,205.71,4820025.9,5.007134,162.228194,6.235526,2601.676207,900.618207,2026-08-31T23:59:59Z
naver-SYNTH-001-2026-08-31-C04,synthetic-advertiser-001,naver,SYNTH-001,2026-08-31,C04,Generic Search Mid Intent,Naver,478759.49,56105,2110.0,77.68,2946164.29,3.760806,226.900233,3.681517,6163.227248,615.374596,2026-08-31T23:59:59Z
naver-SYNTH-001-2026-08-31-C05,synthetic-advertiser-001,naver,SYNTH-001,2026-08-31,C05,Shopping Best Seller,Naver,731682.85,95525,4853.0,210.78,6039749.32,5.080345,150.769185,4.343293,3471.310625,825.460006,2026-08-31T23:59:59Z
naver-SYNTH-001-2026-08-31-C06,synthetic-advertiser-001,naver,SYNTH-001,2026-08-31,C06,Shopping Long Tail,Naver,429991.73,50005,2004.0,129.8,2381143.39,4.007599,214.566729,6.477046,3312.725157,553.764934,2026-08-31T23:59:59Z
naver-SYNTH-001-2026-08-31-C07,synthetic-advertiser-001,naver,SYNTH-001,2026-08-31,C07,Retargeting,Naver,297310.96,54055,4706.0,486.45,3262972.56,8.705948,63.177,10.336804,611.185043,1097.494862,2026-08-31T23:59:59Z
naver-SYNTH-001-2026-08-31-C08,synthetic-advertiser-001,naver,SYNTH-001,2026-08-31,C08,Competitor,Naver,428495.87,45662,1390.0,50.46,2265728.0,3.044107,308.270412,3.630216,8491.792967,528.763086,2026-08-31T23:59:59Z
naver-SYNTH-001-2026-08-31-C09,synthetic-advertiser-001,naver,SYNTH-001,2026-08-31,C09,Prospecting,Naver,836688.97,80105,1992.0,45.64,4328478.17,2.486736,420.024583,2.291165,18332.361274,517.334199,2026-08-31T23:59:59Z
naver-SYNTH-001-2026-08-31-C10,synthetic-advertiser-001,naver,SYNTH-001,2026-08-31,C10,Seasonal,Naver,546010.31,71666,3416.0,216.98,5579497.15,4.766556,159.839084,6.351874,2516.408482,1021.866626,2026-08-31T23:59:59Z
naver-SYNTH-001-2026-08-31-C11,synthetic-advertiser-001,naver,SYNTH-001,2026-08-31,C11,New Product Launch,Naver,798434.18,91735,3033.0,142.39,6272175.99,3.306263,263.248987,4.694692,5607.375357,785.559557,2026-08-31T23:59:59Z
naver-SYNTH-001-2026-08-31-C12,synthetic-advertiser-001,naver,SYNTH-001,2026-08-31,C12,Low Efficiency Legacy,Naver,318077.95,29327,653.0,12.21,933759.91,2.226617,487.102525,1.869832,26050.61006,293.563234,2026-08-31T23:59:59Z
